ISO-10303-21;
HEADER;
FILE_DESCRIPTION(('FreeCAD Model'),'2;1');
FILE_NAME('Open CASCADE Shape Model','2026-08-18T21:22:14',('FreeCAD'),(
    'FreeCAD'),'Open CASCADE STEP processor 7.8','FreeCAD','Unknown');
FILE_SCHEMA(('AUTOMOTIVE_DESIGN { 1 0 10303 214 1 1 1 1 }'));
ENDSEC;
DATA;
#1 = APPLICATION_PROTOCOL_DEFINITION('international standard',
  'automotive_design',2000,#2);
#2 = APPLICATION_CONTEXT(
  'core data for automotive mechanical design processes');
#3 = SHAPE_DEFINITION_REPRESENTATION(#4,#10);
#4 = PRODUCT_DEFINITION_SHAPE('','',#5);
#5 = PRODUCT_DEFINITION('design','',#6,#9);
#6 = PRODUCT_DEFINITION_FORMATION('','',#7);
#7 = PRODUCT('Open CASCADE STEP translator 7.8 2',
  'Open CASCADE STEP translator 7.8 2','',(#8));
#8 = PRODUCT_CONTEXT('',#2,'mechanical');
#9 = PRODUCT_DEFINITION_CONTEXT('part definition',#2,'design');
#10 = SHAPE_REPRESENTATION('',(#11,#15,#683,#833,#886,#939,#992,#1045,
    #1195,#1345,#1495,#1645,#1795,#2808,#3821,#4834,#5475,#6116,#6266,
    #6883,#6936,#6989,#7042,#7095),#7148);
#11 = AXIS2_PLACEMENT_3D('',#12,#13,#14);
#12 = CARTESIAN_POINT('',(0.,0.,0.));
#13 = DIRECTION('',(0.,0.,1.));
#14 = DIRECTION('',(1.,0.,-0.));
#15 = MANIFOLD_SOLID_BREP('',#16);
#16 = CLOSED_SHELL('',(#17,#57,#122,#146,#236,#253,#265,#296,#320,#344,
    #361,#386,#411,#436,#461,#486,#511,#557,#615,#637,#654,#671));
#17 = ADVANCED_FACE('',(#18),#52,.F.);
#18 = FACE_BOUND('',#19,.F.);
#19 = EDGE_LOOP('',(#20,#30,#38,#46));
#20 = ORIENTED_EDGE('',*,*,#21,.F.);
#21 = EDGE_CURVE('',#22,#24,#26,.T.);
#22 = VERTEX_POINT('',#23);
#23 = CARTESIAN_POINT('',(-300.,0.,0.));
#24 = VERTEX_POINT('',#25);
#25 = CARTESIAN_POINT('',(-300.,0.,500.));
#26 = LINE('',#27,#28);
#27 = CARTESIAN_POINT('',(-300.,0.,0.));
#28 = VECTOR('',#29,1.);
#29 = DIRECTION('',(0.,0.,1.));
#30 = ORIENTED_EDGE('',*,*,#31,.T.);
#31 = EDGE_CURVE('',#22,#32,#34,.T.);
#32 = VERTEX_POINT('',#33);
#33 = CARTESIAN_POINT('',(-300.,300.,0.));
#34 = LINE('',#35,#36);
#35 = CARTESIAN_POINT('',(-300.,0.,0.));
#36 = VECTOR('',#37,1.);
#37 = DIRECTION('',(-0.,1.,0.));
#38 = ORIENTED_EDGE('',*,*,#39,.T.);
#39 = EDGE_CURVE('',#32,#40,#42,.T.);
#40 = VERTEX_POINT('',#41);
#41 = CARTESIAN_POINT('',(-300.,300.,500.));
#42 = LINE('',#43,#44);
#43 = CARTESIAN_POINT('',(-300.,300.,0.));
#44 = VECTOR('',#45,1.);
#45 = DIRECTION('',(0.,0.,1.));
#46 = ORIENTED_EDGE('',*,*,#47,.F.);
#47 = EDGE_CURVE('',#24,#40,#48,.T.);
#48 = LINE('',#49,#50);
#49 = CARTESIAN_POINT('',(-300.,0.,500.));
#50 = VECTOR('',#51,1.);
#51 = DIRECTION('',(-0.,1.,0.));
#52 = PLANE('',#53);
#53 = AXIS2_PLACEMENT_3D('',#54,#55,#56);
#54 = CARTESIAN_POINT('',(-300.,0.,0.));
#55 = DIRECTION('',(1.,0.,-0.));
#56 = DIRECTION('',(0.,0.,1.));
#57 = ADVANCED_FACE('',(#58,#83),#117,.F.);
#58 = FACE_BOUND('',#59,.F.);
#59 = EDGE_LOOP('',(#60,#68,#69,#77));
#60 = ORIENTED_EDGE('',*,*,#61,.F.);
#61 = EDGE_CURVE('',#22,#62,#64,.T.);
#62 = VERTEX_POINT('',#63);
#63 = CARTESIAN_POINT('',(300.,0.,0.));
#64 = LINE('',#65,#66);
#65 = CARTESIAN_POINT('',(-300.,0.,0.));
#66 = VECTOR('',#67,1.);
#67 = DIRECTION('',(1.,0.,-0.));
#68 = ORIENTED_EDGE('',*,*,#21,.T.);
#69 = ORIENTED_EDGE('',*,*,#70,.T.);
#70 = EDGE_CURVE('',#24,#71,#73,.T.);
#71 = VERTEX_POINT('',#72);
#72 = CARTESIAN_POINT('',(300.,0.,500.));
#73 = LINE('',#74,#75);
#74 = CARTESIAN_POINT('',(-300.,0.,500.));
#75 = VECTOR('',#76,1.);
#76 = DIRECTION('',(1.,0.,-0.));
#77 = ORIENTED_EDGE('',*,*,#78,.F.);
#78 = EDGE_CURVE('',#62,#71,#79,.T.);
#79 = LINE('',#80,#81);
#80 = CARTESIAN_POINT('',(300.,0.,0.));
#81 = VECTOR('',#82,1.);
#82 = DIRECTION('',(0.,0.,1.));
#83 = FACE_BOUND('',#84,.F.);
#84 = EDGE_LOOP('',(#85,#95,#103,#111));
#85 = ORIENTED_EDGE('',*,*,#86,.F.);
#86 = EDGE_CURVE('',#87,#89,#91,.T.);
#87 = VERTEX_POINT('',#88);
#88 = CARTESIAN_POINT('',(-285.,0.,485.));
#89 = VERTEX_POINT('',#90);
#90 = CARTESIAN_POINT('',(285.,0.,485.));
#91 = LINE('',#92,#93);
#92 = CARTESIAN_POINT('',(-292.5,0.,485.));
#93 = VECTOR('',#94,1.);
#94 = DIRECTION('',(1.,0.,-0.));
#95 = ORIENTED_EDGE('',*,*,#96,.T.);
#96 = EDGE_CURVE('',#87,#97,#99,.T.);
#97 = VERTEX_POINT('',#98);
#98 = CARTESIAN_POINT('',(-285.,0.,15.));
#99 = LINE('',#100,#101);
#100 = CARTESIAN_POINT('',(-285.,0.,7.5));
#101 = VECTOR('',#102,1.);
#102 = DIRECTION('',(-0.,0.,-1.));
#103 = ORIENTED_EDGE('',*,*,#104,.T.);
#104 = EDGE_CURVE('',#97,#105,#107,.T.);
#105 = VERTEX_POINT('',#106);
#106 = CARTESIAN_POINT('',(285.,0.,15.));
#107 = LINE('',#108,#109);
#108 = CARTESIAN_POINT('',(-292.5,0.,15.));
#109 = VECTOR('',#110,1.);
#110 = DIRECTION('',(1.,0.,-0.));
#111 = ORIENTED_EDGE('',*,*,#112,.F.);
#112 = EDGE_CURVE('',#89,#105,#113,.T.);
#113 = LINE('',#114,#115);
#114 = CARTESIAN_POINT('',(285.,0.,7.5));
#115 = VECTOR('',#116,1.);
#116 = DIRECTION('',(-0.,0.,-1.));
#117 = PLANE('',#118);
#118 = AXIS2_PLACEMENT_3D('',#119,#120,#121);
#119 = CARTESIAN_POINT('',(-300.,0.,0.));
#120 = DIRECTION('',(-0.,1.,0.));
#121 = DIRECTION('',(0.,0.,1.));
#122 = ADVANCED_FACE('',(#123),#141,.T.);
#123 = FACE_BOUND('',#124,.T.);
#124 = EDGE_LOOP('',(#125,#126,#127,#135));
#125 = ORIENTED_EDGE('',*,*,#47,.F.);
#126 = ORIENTED_EDGE('',*,*,#70,.T.);
#127 = ORIENTED_EDGE('',*,*,#128,.T.);
#128 = EDGE_CURVE('',#71,#129,#131,.T.);
#129 = VERTEX_POINT('',#130);
#130 = CARTESIAN_POINT('',(300.,300.,500.));
#131 = LINE('',#132,#133);
#132 = CARTESIAN_POINT('',(300.,0.,500.));
#133 = VECTOR('',#134,1.);
#134 = DIRECTION('',(-0.,1.,0.));
#135 = ORIENTED_EDGE('',*,*,#136,.F.);
#136 = EDGE_CURVE('',#40,#129,#137,.T.);
#137 = LINE('',#138,#139);
#138 = CARTESIAN_POINT('',(-300.,300.,500.));
#139 = VECTOR('',#140,1.);
#140 = DIRECTION('',(1.,0.,-0.));
#141 = PLANE('',#142);
#142 = AXIS2_PLACEMENT_3D('',#143,#144,#145);
#143 = CARTESIAN_POINT('',(-300.,0.,500.));
#144 = DIRECTION('',(0.,0.,1.));
#145 = DIRECTION('',(1.,0.,-0.));
#146 = ADVANCED_FACE('',(#147,#165,#176,#187,#198,#209,#220),#231,.T.);
#147 = FACE_BOUND('',#148,.T.);
#148 = EDGE_LOOP('',(#149,#157,#158,#159));
#149 = ORIENTED_EDGE('',*,*,#150,.F.);
#150 = EDGE_CURVE('',#32,#151,#153,.T.);
#151 = VERTEX_POINT('',#152);
#152 = CARTESIAN_POINT('',(300.,300.,0.));
#153 = LINE('',#154,#155);
#154 = CARTESIAN_POINT('',(-300.,300.,0.));
#155 = VECTOR('',#156,1.);
#156 = DIRECTION('',(1.,0.,-0.));
#157 = ORIENTED_EDGE('',*,*,#39,.T.);
#158 = ORIENTED_EDGE('',*,*,#136,.T.);
#159 = ORIENTED_EDGE('',*,*,#160,.F.);
#160 = EDGE_CURVE('',#151,#129,#161,.T.);
#161 = LINE('',#162,#163);
#162 = CARTESIAN_POINT('',(300.,300.,0.));
#163 = VECTOR('',#164,1.);
#164 = DIRECTION('',(0.,0.,1.));
#165 = FACE_BOUND('',#166,.T.);
#166 = EDGE_LOOP('',(#167));
#167 = ORIENTED_EDGE('',*,*,#168,.F.);
#168 = EDGE_CURVE('',#169,#169,#171,.T.);
#169 = VERTEX_POINT('',#170);
#170 = CARTESIAN_POINT('',(-275.,300.,29.5));
#171 = CIRCLE('',#172,4.5);
#172 = AXIS2_PLACEMENT_3D('',#173,#174,#175);
#173 = CARTESIAN_POINT('',(-275.,300.,25.));
#174 = DIRECTION('',(0.,1.,0.));
#175 = DIRECTION('',(0.,-0.,1.));
#176 = FACE_BOUND('',#177,.T.);
#177 = EDGE_LOOP('',(#178));
#178 = ORIENTED_EDGE('',*,*,#179,.F.);
#179 = EDGE_CURVE('',#180,#180,#182,.T.);
#180 = VERTEX_POINT('',#181);
#181 = CARTESIAN_POINT('',(-150.,300.,113.));
#182 = CIRCLE('',#183,10.);
#183 = AXIS2_PLACEMENT_3D('',#184,#185,#186);
#184 = CARTESIAN_POINT('',(-150.,300.,103.));
#185 = DIRECTION('',(0.,1.,0.));
#186 = DIRECTION('',(0.,-0.,1.));
#187 = FACE_BOUND('',#188,.T.);
#188 = EDGE_LOOP('',(#189));
#189 = ORIENTED_EDGE('',*,*,#190,.F.);
#190 = EDGE_CURVE('',#191,#191,#193,.T.);
#191 = VERTEX_POINT('',#192);
#192 = CARTESIAN_POINT('',(-275.,300.,479.5));
#193 = CIRCLE('',#194,4.5);
#194 = AXIS2_PLACEMENT_3D('',#195,#196,#197);
#195 = CARTESIAN_POINT('',(-275.,300.,475.));
#196 = DIRECTION('',(0.,1.,0.));
#197 = DIRECTION('',(0.,-0.,1.));
#198 = FACE_BOUND('',#199,.T.);
#199 = EDGE_LOOP('',(#200));
#200 = ORIENTED_EDGE('',*,*,#201,.F.);
#201 = EDGE_CURVE('',#202,#202,#204,.T.);
#202 = VERTEX_POINT('',#203);
#203 = CARTESIAN_POINT('',(150.,300.,113.));
#204 = CIRCLE('',#205,10.);
#205 = AXIS2_PLACEMENT_3D('',#206,#207,#208);
#206 = CARTESIAN_POINT('',(150.,300.,103.));
#207 = DIRECTION('',(0.,1.,0.));
#208 = DIRECTION('',(0.,-0.,1.));
#209 = FACE_BOUND('',#210,.T.);
#210 = EDGE_LOOP('',(#211));
#211 = ORIENTED_EDGE('',*,*,#212,.F.);
#212 = EDGE_CURVE('',#213,#213,#215,.T.);
#213 = VERTEX_POINT('',#214);
#214 = CARTESIAN_POINT('',(275.,300.,29.5));
#215 = CIRCLE('',#216,4.5);
#216 = AXIS2_PLACEMENT_3D('',#217,#218,#219);
#217 = CARTESIAN_POINT('',(275.,300.,25.));
#218 = DIRECTION('',(0.,1.,0.));
#219 = DIRECTION('',(0.,-0.,1.));
#220 = FACE_BOUND('',#221,.T.);
#221 = EDGE_LOOP('',(#222));
#222 = ORIENTED_EDGE('',*,*,#223,.F.);
#223 = EDGE_CURVE('',#224,#224,#226,.T.);
#224 = VERTEX_POINT('',#225);
#225 = CARTESIAN_POINT('',(275.,300.,479.5));
#226 = CIRCLE('',#227,4.5);
#227 = AXIS2_PLACEMENT_3D('',#228,#229,#230);
#228 = CARTESIAN_POINT('',(275.,300.,475.));
#229 = DIRECTION('',(0.,1.,0.));
#230 = DIRECTION('',(0.,-0.,1.));
#231 = PLANE('',#232);
#232 = AXIS2_PLACEMENT_3D('',#233,#234,#235);
#233 = CARTESIAN_POINT('',(-300.,300.,0.));
#234 = DIRECTION('',(-0.,1.,0.));
#235 = DIRECTION('',(0.,0.,1.));
#236 = ADVANCED_FACE('',(#237),#248,.F.);
#237 = FACE_BOUND('',#238,.F.);
#238 = EDGE_LOOP('',(#239,#240,#241,#247));
#239 = ORIENTED_EDGE('',*,*,#31,.F.);
#240 = ORIENTED_EDGE('',*,*,#61,.T.);
#241 = ORIENTED_EDGE('',*,*,#242,.T.);
#242 = EDGE_CURVE('',#62,#151,#243,.T.);
#243 = LINE('',#244,#245);
#244 = CARTESIAN_POINT('',(300.,0.,0.));
#245 = VECTOR('',#246,1.);
#246 = DIRECTION('',(-0.,1.,0.));
#247 = ORIENTED_EDGE('',*,*,#150,.F.);
#248 = PLANE('',#249);
#249 = AXIS2_PLACEMENT_3D('',#250,#251,#252);
#250 = CARTESIAN_POINT('',(-300.,0.,0.));
#251 = DIRECTION('',(0.,0.,1.));
#252 = DIRECTION('',(1.,0.,-0.));
#253 = ADVANCED_FACE('',(#254),#260,.T.);
#254 = FACE_BOUND('',#255,.T.);
#255 = EDGE_LOOP('',(#256,#257,#258,#259));
#256 = ORIENTED_EDGE('',*,*,#78,.F.);
#257 = ORIENTED_EDGE('',*,*,#242,.T.);
#258 = ORIENTED_EDGE('',*,*,#160,.T.);
#259 = ORIENTED_EDGE('',*,*,#128,.F.);
#260 = PLANE('',#261);
#261 = AXIS2_PLACEMENT_3D('',#262,#263,#264);
#262 = CARTESIAN_POINT('',(300.,0.,0.));
#263 = DIRECTION('',(1.,0.,-0.));
#264 = DIRECTION('',(0.,0.,1.));
#265 = ADVANCED_FACE('',(#266),#291,.F.);
#266 = FACE_BOUND('',#267,.F.);
#267 = EDGE_LOOP('',(#268,#276,#277,#285));
#268 = ORIENTED_EDGE('',*,*,#269,.F.);
#269 = EDGE_CURVE('',#87,#270,#272,.T.);
#270 = VERTEX_POINT('',#271);
#271 = CARTESIAN_POINT('',(-285.,3.,485.));
#272 = LINE('',#273,#274);
#273 = CARTESIAN_POINT('',(-285.,-0.1,485.));
#274 = VECTOR('',#275,1.);
#275 = DIRECTION('',(-0.,1.,0.));
#276 = ORIENTED_EDGE('',*,*,#86,.T.);
#277 = ORIENTED_EDGE('',*,*,#278,.T.);
#278 = EDGE_CURVE('',#89,#279,#281,.T.);
#279 = VERTEX_POINT('',#280);
#280 = CARTESIAN_POINT('',(285.,3.,485.));
#281 = LINE('',#282,#283);
#282 = CARTESIAN_POINT('',(285.,-0.1,485.));
#283 = VECTOR('',#284,1.);
#284 = DIRECTION('',(-0.,1.,0.));
#285 = ORIENTED_EDGE('',*,*,#286,.F.);
#286 = EDGE_CURVE('',#270,#279,#287,.T.);
#287 = LINE('',#288,#289);
#288 = CARTESIAN_POINT('',(-291.,3.,485.));
#289 = VECTOR('',#290,1.);
#290 = DIRECTION('',(1.,0.,-0.));
#291 = PLANE('',#292);
#292 = AXIS2_PLACEMENT_3D('',#293,#294,#295);
#293 = CARTESIAN_POINT('',(-285.,-0.1,485.));
#294 = DIRECTION('',(0.,0.,1.));
#295 = DIRECTION('',(1.,0.,-0.));
#296 = ADVANCED_FACE('',(#297),#315,.F.);
#297 = FACE_BOUND('',#298,.F.);
#298 = EDGE_LOOP('',(#299,#300,#301,#309));
#299 = ORIENTED_EDGE('',*,*,#278,.F.);
#300 = ORIENTED_EDGE('',*,*,#112,.T.);
#301 = ORIENTED_EDGE('',*,*,#302,.T.);
#302 = EDGE_CURVE('',#105,#303,#305,.T.);
#303 = VERTEX_POINT('',#304);
#304 = CARTESIAN_POINT('',(285.,3.,15.));
#305 = LINE('',#306,#307);
#306 = CARTESIAN_POINT('',(285.,-0.1,15.));
#307 = VECTOR('',#308,1.);
#308 = DIRECTION('',(-0.,1.,0.));
#309 = ORIENTED_EDGE('',*,*,#310,.F.);
#310 = EDGE_CURVE('',#279,#303,#311,.T.);
#311 = LINE('',#312,#313);
#312 = CARTESIAN_POINT('',(285.,3.,9.));
#313 = VECTOR('',#314,1.);
#314 = DIRECTION('',(-0.,0.,-1.));
#315 = PLANE('',#316);
#316 = AXIS2_PLACEMENT_3D('',#317,#318,#319);
#317 = CARTESIAN_POINT('',(285.,-0.1,15.));
#318 = DIRECTION('',(1.,0.,-0.));
#319 = DIRECTION('',(0.,0.,1.));
#320 = ADVANCED_FACE('',(#321),#339,.T.);
#321 = FACE_BOUND('',#322,.T.);
#322 = EDGE_LOOP('',(#323,#331,#332,#333));
#323 = ORIENTED_EDGE('',*,*,#324,.F.);
#324 = EDGE_CURVE('',#97,#325,#327,.T.);
#325 = VERTEX_POINT('',#326);
#326 = CARTESIAN_POINT('',(-285.,3.,15.));
#327 = LINE('',#328,#329);
#328 = CARTESIAN_POINT('',(-285.,-0.1,15.));
#329 = VECTOR('',#330,1.);
#330 = DIRECTION('',(-0.,1.,0.));
#331 = ORIENTED_EDGE('',*,*,#104,.T.);
#332 = ORIENTED_EDGE('',*,*,#302,.T.);
#333 = ORIENTED_EDGE('',*,*,#334,.F.);
#334 = EDGE_CURVE('',#325,#303,#335,.T.);
#335 = LINE('',#336,#337);
#336 = CARTESIAN_POINT('',(-291.,3.,15.));
#337 = VECTOR('',#338,1.);
#338 = DIRECTION('',(1.,0.,-0.));
#339 = PLANE('',#340);
#340 = AXIS2_PLACEMENT_3D('',#341,#342,#343);
#341 = CARTESIAN_POINT('',(-285.,-0.1,15.));
#342 = DIRECTION('',(0.,0.,1.));
#343 = DIRECTION('',(1.,0.,-0.));
#344 = ADVANCED_FACE('',(#345),#356,.T.);
#345 = FACE_BOUND('',#346,.T.);
#346 = EDGE_LOOP('',(#347,#348,#349,#350));
#347 = ORIENTED_EDGE('',*,*,#269,.F.);
#348 = ORIENTED_EDGE('',*,*,#96,.T.);
#349 = ORIENTED_EDGE('',*,*,#324,.T.);
#350 = ORIENTED_EDGE('',*,*,#351,.F.);
#351 = EDGE_CURVE('',#270,#325,#352,.T.);
#352 = LINE('',#353,#354);
#353 = CARTESIAN_POINT('',(-285.,3.,9.));
#354 = VECTOR('',#355,1.);
#355 = DIRECTION('',(-0.,0.,-1.));
#356 = PLANE('',#357);
#357 = AXIS2_PLACEMENT_3D('',#358,#359,#360);
#358 = CARTESIAN_POINT('',(-285.,-0.1,15.));
#359 = DIRECTION('',(1.,0.,-0.));
#360 = DIRECTION('',(0.,0.,1.));
#361 = ADVANCED_FACE('',(#362),#381,.F.);
#362 = FACE_BOUND('',#363,.F.);
#363 = EDGE_LOOP('',(#364,#365,#373,#380));
#364 = ORIENTED_EDGE('',*,*,#168,.F.);
#365 = ORIENTED_EDGE('',*,*,#366,.F.);
#366 = EDGE_CURVE('',#367,#169,#369,.T.);
#367 = VERTEX_POINT('',#368);
#368 = CARTESIAN_POINT('',(-275.,297.,29.5));
#369 = LINE('',#370,#371);
#370 = CARTESIAN_POINT('',(-275.,296.9,29.5));
#371 = VECTOR('',#372,1.);
#372 = DIRECTION('',(0.,1.,0.));
#373 = ORIENTED_EDGE('',*,*,#374,.T.);
#374 = EDGE_CURVE('',#367,#367,#375,.T.);
#375 = CIRCLE('',#376,4.5);
#376 = AXIS2_PLACEMENT_3D('',#377,#378,#379);
#377 = CARTESIAN_POINT('',(-275.,297.,25.));
#378 = DIRECTION('',(0.,1.,0.));
#379 = DIRECTION('',(0.,-0.,1.));
#380 = ORIENTED_EDGE('',*,*,#366,.T.);
#381 = CYLINDRICAL_SURFACE('',#382,4.5);
#382 = AXIS2_PLACEMENT_3D('',#383,#384,#385);
#383 = CARTESIAN_POINT('',(-275.,296.9,25.));
#384 = DIRECTION('',(0.,1.,0.));
#385 = DIRECTION('',(0.,-0.,1.));
#386 = ADVANCED_FACE('',(#387),#406,.F.);
#387 = FACE_BOUND('',#388,.F.);
#388 = EDGE_LOOP('',(#389,#390,#398,#405));
#389 = ORIENTED_EDGE('',*,*,#179,.F.);
#390 = ORIENTED_EDGE('',*,*,#391,.F.);
#391 = EDGE_CURVE('',#392,#180,#394,.T.);
#392 = VERTEX_POINT('',#393);
#393 = CARTESIAN_POINT('',(-150.,297.,113.));
#394 = LINE('',#395,#396);
#395 = CARTESIAN_POINT('',(-150.,296.9,113.));
#396 = VECTOR('',#397,1.);
#397 = DIRECTION('',(0.,1.,0.));
#398 = ORIENTED_EDGE('',*,*,#399,.T.);
#399 = EDGE_CURVE('',#392,#392,#400,.T.);
#400 = CIRCLE('',#401,10.);
#401 = AXIS2_PLACEMENT_3D('',#402,#403,#404);
#402 = CARTESIAN_POINT('',(-150.,297.,103.));
#403 = DIRECTION('',(0.,1.,0.));
#404 = DIRECTION('',(0.,-0.,1.));
#405 = ORIENTED_EDGE('',*,*,#391,.T.);
#406 = CYLINDRICAL_SURFACE('',#407,10.);
#407 = AXIS2_PLACEMENT_3D('',#408,#409,#410);
#408 = CARTESIAN_POINT('',(-150.,296.9,103.));
#409 = DIRECTION('',(0.,1.,0.));
#410 = DIRECTION('',(0.,-0.,1.));
#411 = ADVANCED_FACE('',(#412),#431,.F.);
#412 = FACE_BOUND('',#413,.F.);
#413 = EDGE_LOOP('',(#414,#415,#423,#430));
#414 = ORIENTED_EDGE('',*,*,#190,.F.);
#415 = ORIENTED_EDGE('',*,*,#416,.F.);
#416 = EDGE_CURVE('',#417,#191,#419,.T.);
#417 = VERTEX_POINT('',#418);
#418 = CARTESIAN_POINT('',(-275.,297.,479.5));
#419 = LINE('',#420,#421);
#420 = CARTESIAN_POINT('',(-275.,296.9,479.5));
#421 = VECTOR('',#422,1.);
#422 = DIRECTION('',(0.,1.,0.));
#423 = ORIENTED_EDGE('',*,*,#424,.T.);
#424 = EDGE_CURVE('',#417,#417,#425,.T.);
#425 = CIRCLE('',#426,4.5);
#426 = AXIS2_PLACEMENT_3D('',#427,#428,#429);
#427 = CARTESIAN_POINT('',(-275.,297.,475.));
#428 = DIRECTION('',(0.,1.,0.));
#429 = DIRECTION('',(0.,-0.,1.));
#430 = ORIENTED_EDGE('',*,*,#416,.T.);
#431 = CYLINDRICAL_SURFACE('',#432,4.5);
#432 = AXIS2_PLACEMENT_3D('',#433,#434,#435);
#433 = CARTESIAN_POINT('',(-275.,296.9,475.));
#434 = DIRECTION('',(0.,1.,0.));
#435 = DIRECTION('',(0.,-0.,1.));
#436 = ADVANCED_FACE('',(#437),#456,.F.);
#437 = FACE_BOUND('',#438,.F.);
#438 = EDGE_LOOP('',(#439,#440,#448,#455));
#439 = ORIENTED_EDGE('',*,*,#201,.F.);
#440 = ORIENTED_EDGE('',*,*,#441,.F.);
#441 = EDGE_CURVE('',#442,#202,#444,.T.);
#442 = VERTEX_POINT('',#443);
#443 = CARTESIAN_POINT('',(150.,297.,113.));
#444 = LINE('',#445,#446);
#445 = CARTESIAN_POINT('',(150.,296.9,113.));
#446 = VECTOR('',#447,1.);
#447 = DIRECTION('',(0.,1.,0.));
#448 = ORIENTED_EDGE('',*,*,#449,.T.);
#449 = EDGE_CURVE('',#442,#442,#450,.T.);
#450 = CIRCLE('',#451,10.);
#451 = AXIS2_PLACEMENT_3D('',#452,#453,#454);
#452 = CARTESIAN_POINT('',(150.,297.,103.));
#453 = DIRECTION('',(0.,1.,0.));
#454 = DIRECTION('',(0.,-0.,1.));
#455 = ORIENTED_EDGE('',*,*,#441,.T.);
#456 = CYLINDRICAL_SURFACE('',#457,10.);
#457 = AXIS2_PLACEMENT_3D('',#458,#459,#460);
#458 = CARTESIAN_POINT('',(150.,296.9,103.));
#459 = DIRECTION('',(0.,1.,0.));
#460 = DIRECTION('',(0.,-0.,1.));
#461 = ADVANCED_FACE('',(#462),#481,.F.);
#462 = FACE_BOUND('',#463,.F.);
#463 = EDGE_LOOP('',(#464,#465,#473,#480));
#464 = ORIENTED_EDGE('',*,*,#212,.F.);
#465 = ORIENTED_EDGE('',*,*,#466,.F.);
#466 = EDGE_CURVE('',#467,#213,#469,.T.);
#467 = VERTEX_POINT('',#468);
#468 = CARTESIAN_POINT('',(275.,297.,29.5));
#469 = LINE('',#470,#471);
#470 = CARTESIAN_POINT('',(275.,296.9,29.5));
#471 = VECTOR('',#472,1.);
#472 = DIRECTION('',(0.,1.,0.));
#473 = ORIENTED_EDGE('',*,*,#474,.T.);
#474 = EDGE_CURVE('',#467,#467,#475,.T.);
#475 = CIRCLE('',#476,4.5);
#476 = AXIS2_PLACEMENT_3D('',#477,#478,#479);
#477 = CARTESIAN_POINT('',(275.,297.,25.));
#478 = DIRECTION('',(0.,1.,0.));
#479 = DIRECTION('',(0.,-0.,1.));
#480 = ORIENTED_EDGE('',*,*,#466,.T.);
#481 = CYLINDRICAL_SURFACE('',#482,4.5);
#482 = AXIS2_PLACEMENT_3D('',#483,#484,#485);
#483 = CARTESIAN_POINT('',(275.,296.9,25.));
#484 = DIRECTION('',(0.,1.,0.));
#485 = DIRECTION('',(0.,-0.,1.));
#486 = ADVANCED_FACE('',(#487),#506,.F.);
#487 = FACE_BOUND('',#488,.F.);
#488 = EDGE_LOOP('',(#489,#490,#498,#505));
#489 = ORIENTED_EDGE('',*,*,#223,.F.);
#490 = ORIENTED_EDGE('',*,*,#491,.F.);
#491 = EDGE_CURVE('',#492,#224,#494,.T.);
#492 = VERTEX_POINT('',#493);
#493 = CARTESIAN_POINT('',(275.,297.,479.5));
#494 = LINE('',#495,#496);
#495 = CARTESIAN_POINT('',(275.,296.9,479.5));
#496 = VECTOR('',#497,1.);
#497 = DIRECTION('',(0.,1.,0.));
#498 = ORIENTED_EDGE('',*,*,#499,.T.);
#499 = EDGE_CURVE('',#492,#492,#500,.T.);
#500 = CIRCLE('',#501,4.5);
#501 = AXIS2_PLACEMENT_3D('',#502,#503,#504);
#502 = CARTESIAN_POINT('',(275.,297.,475.));
#503 = DIRECTION('',(0.,1.,0.));
#504 = DIRECTION('',(0.,-0.,1.));
#505 = ORIENTED_EDGE('',*,*,#491,.T.);
#506 = CYLINDRICAL_SURFACE('',#507,4.5);
#507 = AXIS2_PLACEMENT_3D('',#508,#509,#510);
#508 = CARTESIAN_POINT('',(275.,296.9,475.));
#509 = DIRECTION('',(0.,1.,0.));
#510 = DIRECTION('',(0.,-0.,1.));
#511 = ADVANCED_FACE('',(#512,#546),#552,.T.);
#512 = FACE_BOUND('',#513,.T.);
#513 = EDGE_LOOP('',(#514,#524,#532,#540));
#514 = ORIENTED_EDGE('',*,*,#515,.F.);
#515 = EDGE_CURVE('',#516,#518,#520,.T.);
#516 = VERTEX_POINT('',#517);
#517 = CARTESIAN_POINT('',(-297.,3.,3.));
#518 = VERTEX_POINT('',#519);
#519 = CARTESIAN_POINT('',(297.,3.,3.));
#520 = LINE('',#521,#522);
#521 = CARTESIAN_POINT('',(-297.,3.,3.));
#522 = VECTOR('',#523,1.);
#523 = DIRECTION('',(1.,0.,-0.));
#524 = ORIENTED_EDGE('',*,*,#525,.T.);
#525 = EDGE_CURVE('',#516,#526,#528,.T.);
#526 = VERTEX_POINT('',#527);
#527 = CARTESIAN_POINT('',(-297.,3.,497.));
#528 = LINE('',#529,#530);
#529 = CARTESIAN_POINT('',(-297.,3.,3.));
#530 = VECTOR('',#531,1.);
#531 = DIRECTION('',(0.,0.,1.));
#532 = ORIENTED_EDGE('',*,*,#533,.T.);
#533 = EDGE_CURVE('',#526,#534,#536,.T.);
#534 = VERTEX_POINT('',#535);
#535 = CARTESIAN_POINT('',(297.,3.,497.));
#536 = LINE('',#537,#538);
#537 = CARTESIAN_POINT('',(-297.,3.,497.));
#538 = VECTOR('',#539,1.);
#539 = DIRECTION('',(1.,0.,-0.));
#540 = ORIENTED_EDGE('',*,*,#541,.F.);
#541 = EDGE_CURVE('',#518,#534,#542,.T.);
#542 = LINE('',#543,#544);
#543 = CARTESIAN_POINT('',(297.,3.,3.));
#544 = VECTOR('',#545,1.);
#545 = DIRECTION('',(0.,0.,1.));
#546 = FACE_BOUND('',#547,.T.);
#547 = EDGE_LOOP('',(#548,#549,#550,#551));
#548 = ORIENTED_EDGE('',*,*,#286,.F.);
#549 = ORIENTED_EDGE('',*,*,#351,.T.);
#550 = ORIENTED_EDGE('',*,*,#334,.T.);
#551 = ORIENTED_EDGE('',*,*,#310,.F.);
#552 = PLANE('',#553);
#553 = AXIS2_PLACEMENT_3D('',#554,#555,#556);
#554 = CARTESIAN_POINT('',(-297.,3.,3.));
#555 = DIRECTION('',(-0.,1.,0.));
#556 = DIRECTION('',(0.,0.,1.));
#557 = ADVANCED_FACE('',(#558,#592,#595,#598,#601,#604,#607),#610,.F.);
#558 = FACE_BOUND('',#559,.F.);
#559 = EDGE_LOOP('',(#560,#570,#578,#586));
#560 = ORIENTED_EDGE('',*,*,#561,.F.);
#561 = EDGE_CURVE('',#562,#564,#566,.T.);
#562 = VERTEX_POINT('',#563);
#563 = CARTESIAN_POINT('',(-297.,297.,3.));
#564 = VERTEX_POINT('',#565);
#565 = CARTESIAN_POINT('',(297.,297.,3.));
#566 = LINE('',#567,#568);
#567 = CARTESIAN_POINT('',(-297.,297.,3.));
#568 = VECTOR('',#569,1.);
#569 = DIRECTION('',(1.,0.,-0.));
#570 = ORIENTED_EDGE('',*,*,#571,.T.);
#571 = EDGE_CURVE('',#562,#572,#574,.T.);
#572 = VERTEX_POINT('',#573);
#573 = CARTESIAN_POINT('',(-297.,297.,497.));
#574 = LINE('',#575,#576);
#575 = CARTESIAN_POINT('',(-297.,297.,3.));
#576 = VECTOR('',#577,1.);
#577 = DIRECTION('',(0.,0.,1.));
#578 = ORIENTED_EDGE('',*,*,#579,.T.);
#579 = EDGE_CURVE('',#572,#580,#582,.T.);
#580 = VERTEX_POINT('',#581);
#581 = CARTESIAN_POINT('',(297.,297.,497.));
#582 = LINE('',#583,#584);
#583 = CARTESIAN_POINT('',(-297.,297.,497.));
#584 = VECTOR('',#585,1.);
#585 = DIRECTION('',(1.,0.,-0.));
#586 = ORIENTED_EDGE('',*,*,#587,.F.);
#587 = EDGE_CURVE('',#564,#580,#588,.T.);
#588 = LINE('',#589,#590);
#589 = CARTESIAN_POINT('',(297.,297.,3.));
#590 = VECTOR('',#591,1.);
#591 = DIRECTION('',(0.,0.,1.));
#592 = FACE_BOUND('',#593,.F.);
#593 = EDGE_LOOP('',(#594));
#594 = ORIENTED_EDGE('',*,*,#374,.F.);
#595 = FACE_BOUND('',#596,.F.);
#596 = EDGE_LOOP('',(#597));
#597 = ORIENTED_EDGE('',*,*,#399,.F.);
#598 = FACE_BOUND('',#599,.F.);
#599 = EDGE_LOOP('',(#600));
#600 = ORIENTED_EDGE('',*,*,#424,.F.);
#601 = FACE_BOUND('',#602,.F.);
#602 = EDGE_LOOP('',(#603));
#603 = ORIENTED_EDGE('',*,*,#449,.F.);
#604 = FACE_BOUND('',#605,.F.);
#605 = EDGE_LOOP('',(#606));
#606 = ORIENTED_EDGE('',*,*,#474,.F.);
#607 = FACE_BOUND('',#608,.F.);
#608 = EDGE_LOOP('',(#609));
#609 = ORIENTED_EDGE('',*,*,#499,.F.);
#610 = PLANE('',#611);
#611 = AXIS2_PLACEMENT_3D('',#612,#613,#614);
#612 = CARTESIAN_POINT('',(-297.,297.,3.));
#613 = DIRECTION('',(-0.,1.,0.));
#614 = DIRECTION('',(0.,0.,1.));
#615 = ADVANCED_FACE('',(#616),#632,.T.);
#616 = FACE_BOUND('',#617,.T.);
#617 = EDGE_LOOP('',(#618,#624,#625,#631));
#618 = ORIENTED_EDGE('',*,*,#619,.F.);
#619 = EDGE_CURVE('',#516,#562,#620,.T.);
#620 = LINE('',#621,#622);
#621 = CARTESIAN_POINT('',(-297.,3.,3.));
#622 = VECTOR('',#623,1.);
#623 = DIRECTION('',(-0.,1.,0.));
#624 = ORIENTED_EDGE('',*,*,#515,.T.);
#625 = ORIENTED_EDGE('',*,*,#626,.T.);
#626 = EDGE_CURVE('',#518,#564,#627,.T.);
#627 = LINE('',#628,#629);
#628 = CARTESIAN_POINT('',(297.,3.,3.));
#629 = VECTOR('',#630,1.);
#630 = DIRECTION('',(-0.,1.,0.));
#631 = ORIENTED_EDGE('',*,*,#561,.F.);
#632 = PLANE('',#633);
#633 = AXIS2_PLACEMENT_3D('',#634,#635,#636);
#634 = CARTESIAN_POINT('',(-297.,3.,3.));
#635 = DIRECTION('',(0.,0.,1.));
#636 = DIRECTION('',(1.,0.,-0.));
#637 = ADVANCED_FACE('',(#638),#649,.F.);
#638 = FACE_BOUND('',#639,.F.);
#639 = EDGE_LOOP('',(#640,#641,#642,#643));
#640 = ORIENTED_EDGE('',*,*,#541,.F.);
#641 = ORIENTED_EDGE('',*,*,#626,.T.);
#642 = ORIENTED_EDGE('',*,*,#587,.T.);
#643 = ORIENTED_EDGE('',*,*,#644,.F.);
#644 = EDGE_CURVE('',#534,#580,#645,.T.);
#645 = LINE('',#646,#647);
#646 = CARTESIAN_POINT('',(297.,3.,497.));
#647 = VECTOR('',#648,1.);
#648 = DIRECTION('',(-0.,1.,0.));
#649 = PLANE('',#650);
#650 = AXIS2_PLACEMENT_3D('',#651,#652,#653);
#651 = CARTESIAN_POINT('',(297.,3.,3.));
#652 = DIRECTION('',(1.,0.,-0.));
#653 = DIRECTION('',(0.,0.,1.));
#654 = ADVANCED_FACE('',(#655),#666,.T.);
#655 = FACE_BOUND('',#656,.T.);
#656 = EDGE_LOOP('',(#657,#658,#659,#660));
#657 = ORIENTED_EDGE('',*,*,#525,.F.);
#658 = ORIENTED_EDGE('',*,*,#619,.T.);
#659 = ORIENTED_EDGE('',*,*,#571,.T.);
#660 = ORIENTED_EDGE('',*,*,#661,.F.);
#661 = EDGE_CURVE('',#526,#572,#662,.T.);
#662 = LINE('',#663,#664);
#663 = CARTESIAN_POINT('',(-297.,3.,497.));
#664 = VECTOR('',#665,1.);
#665 = DIRECTION('',(-0.,1.,0.));
#666 = PLANE('',#667);
#667 = AXIS2_PLACEMENT_3D('',#668,#669,#670);
#668 = CARTESIAN_POINT('',(-297.,3.,3.));
#669 = DIRECTION('',(1.,0.,-0.));
#670 = DIRECTION('',(0.,0.,1.));
#671 = ADVANCED_FACE('',(#672),#678,.F.);
#672 = FACE_BOUND('',#673,.F.);
#673 = EDGE_LOOP('',(#674,#675,#676,#677));
#674 = ORIENTED_EDGE('',*,*,#661,.F.);
#675 = ORIENTED_EDGE('',*,*,#533,.T.);
#676 = ORIENTED_EDGE('',*,*,#644,.T.);
#677 = ORIENTED_EDGE('',*,*,#579,.F.);
#678 = PLANE('',#679);
#679 = AXIS2_PLACEMENT_3D('',#680,#681,#682);
#680 = CARTESIAN_POINT('',(-297.,3.,497.));
#681 = DIRECTION('',(0.,0.,1.));
#682 = DIRECTION('',(1.,0.,-0.));
#683 = MANIFOLD_SOLID_BREP('',#684);
#684 = CLOSED_SHELL('',(#685,#725,#765,#787,#809,#821));
#685 = ADVANCED_FACE('',(#686),#720,.F.);
#686 = FACE_BOUND('',#687,.F.);
#687 = EDGE_LOOP('',(#688,#698,#706,#714));
#688 = ORIENTED_EDGE('',*,*,#689,.F.);
#689 = EDGE_CURVE('',#690,#692,#694,.T.);
#690 = VERTEX_POINT('',#691);
#691 = CARTESIAN_POINT('',(-285.,-3.,15.));
#692 = VERTEX_POINT('',#693);
#693 = CARTESIAN_POINT('',(-285.,-3.,485.));
#694 = LINE('',#695,#696);
#695 = CARTESIAN_POINT('',(-285.,-3.,15.));
#696 = VECTOR('',#697,1.);
#697 = DIRECTION('',(0.,0.,1.));
#698 = ORIENTED_EDGE('',*,*,#699,.T.);
#699 = EDGE_CURVE('',#690,#700,#702,.T.);
#700 = VERTEX_POINT('',#701);
#701 = CARTESIAN_POINT('',(-285.,0.,15.));
#702 = LINE('',#703,#704);
#703 = CARTESIAN_POINT('',(-285.,-3.,15.));
#704 = VECTOR('',#705,1.);
#705 = DIRECTION('',(-0.,1.,0.));
#706 = ORIENTED_EDGE('',*,*,#707,.T.);
#707 = EDGE_CURVE('',#700,#708,#710,.T.);
#708 = VERTEX_POINT('',#709);
#709 = CARTESIAN_POINT('',(-285.,0.,485.));
#710 = LINE('',#711,#712);
#711 = CARTESIAN_POINT('',(-285.,0.,15.));
#712 = VECTOR('',#713,1.);
#713 = DIRECTION('',(0.,0.,1.));
#714 = ORIENTED_EDGE('',*,*,#715,.F.);
#715 = EDGE_CURVE('',#692,#708,#716,.T.);
#716 = LINE('',#717,#718);
#717 = CARTESIAN_POINT('',(-285.,-3.,485.));
#718 = VECTOR('',#719,1.);
#719 = DIRECTION('',(-0.,1.,0.));
#720 = PLANE('',#721);
#721 = AXIS2_PLACEMENT_3D('',#722,#723,#724);
#722 = CARTESIAN_POINT('',(-285.,-3.,15.));
#723 = DIRECTION('',(1.,0.,-0.));
#724 = DIRECTION('',(0.,0.,1.));
#725 = ADVANCED_FACE('',(#726),#760,.T.);
#726 = FACE_BOUND('',#727,.T.);
#727 = EDGE_LOOP('',(#728,#738,#746,#754));
#728 = ORIENTED_EDGE('',*,*,#729,.F.);
#729 = EDGE_CURVE('',#730,#732,#734,.T.);
#730 = VERTEX_POINT('',#731);
#731 = CARTESIAN_POINT('',(285.,-3.,15.));
#732 = VERTEX_POINT('',#733);
#733 = CARTESIAN_POINT('',(285.,-3.,485.));
#734 = LINE('',#735,#736);
#735 = CARTESIAN_POINT('',(285.,-3.,15.));
#736 = VECTOR('',#737,1.);
#737 = DIRECTION('',(0.,0.,1.));
#738 = ORIENTED_EDGE('',*,*,#739,.T.);
#739 = EDGE_CURVE('',#730,#740,#742,.T.);
#740 = VERTEX_POINT('',#741);
#741 = CARTESIAN_POINT('',(285.,0.,15.));
#742 = LINE('',#743,#744);
#743 = CARTESIAN_POINT('',(285.,-3.,15.));
#744 = VECTOR('',#745,1.);
#745 = DIRECTION('',(-0.,1.,0.));
#746 = ORIENTED_EDGE('',*,*,#747,.T.);
#747 = EDGE_CURVE('',#740,#748,#750,.T.);
#748 = VERTEX_POINT('',#749);
#749 = CARTESIAN_POINT('',(285.,0.,485.));
#750 = LINE('',#751,#752);
#751 = CARTESIAN_POINT('',(285.,0.,15.));
#752 = VECTOR('',#753,1.);
#753 = DIRECTION('',(0.,0.,1.));
#754 = ORIENTED_EDGE('',*,*,#755,.F.);
#755 = EDGE_CURVE('',#732,#748,#756,.T.);
#756 = LINE('',#757,#758);
#757 = CARTESIAN_POINT('',(285.,-3.,485.));
#758 = VECTOR('',#759,1.);
#759 = DIRECTION('',(-0.,1.,0.));
#760 = PLANE('',#761);
#761 = AXIS2_PLACEMENT_3D('',#762,#763,#764);
#762 = CARTESIAN_POINT('',(285.,-3.,15.));
#763 = DIRECTION('',(1.,0.,-0.));
#764 = DIRECTION('',(0.,0.,1.));
#765 = ADVANCED_FACE('',(#766),#782,.F.);
#766 = FACE_BOUND('',#767,.F.);
#767 = EDGE_LOOP('',(#768,#774,#775,#781));
#768 = ORIENTED_EDGE('',*,*,#769,.F.);
#769 = EDGE_CURVE('',#690,#730,#770,.T.);
#770 = LINE('',#771,#772);
#771 = CARTESIAN_POINT('',(-285.,-3.,15.));
#772 = VECTOR('',#773,1.);
#773 = DIRECTION('',(1.,0.,-0.));
#774 = ORIENTED_EDGE('',*,*,#689,.T.);
#775 = ORIENTED_EDGE('',*,*,#776,.T.);
#776 = EDGE_CURVE('',#692,#732,#777,.T.);
#777 = LINE('',#778,#779);
#778 = CARTESIAN_POINT('',(-285.,-3.,485.));
#779 = VECTOR('',#780,1.);
#780 = DIRECTION('',(1.,0.,-0.));
#781 = ORIENTED_EDGE('',*,*,#729,.F.);
#782 = PLANE('',#783);
#783 = AXIS2_PLACEMENT_3D('',#784,#785,#786);
#784 = CARTESIAN_POINT('',(-285.,-3.,15.));
#785 = DIRECTION('',(-0.,1.,0.));
#786 = DIRECTION('',(0.,0.,1.));
#787 = ADVANCED_FACE('',(#788),#804,.T.);
#788 = FACE_BOUND('',#789,.T.);
#789 = EDGE_LOOP('',(#790,#796,#797,#803));
#790 = ORIENTED_EDGE('',*,*,#791,.F.);
#791 = EDGE_CURVE('',#700,#740,#792,.T.);
#792 = LINE('',#793,#794);
#793 = CARTESIAN_POINT('',(-285.,0.,15.));
#794 = VECTOR('',#795,1.);
#795 = DIRECTION('',(1.,0.,-0.));
#796 = ORIENTED_EDGE('',*,*,#707,.T.);
#797 = ORIENTED_EDGE('',*,*,#798,.T.);
#798 = EDGE_CURVE('',#708,#748,#799,.T.);
#799 = LINE('',#800,#801);
#800 = CARTESIAN_POINT('',(-285.,0.,485.));
#801 = VECTOR('',#802,1.);
#802 = DIRECTION('',(1.,0.,-0.));
#803 = ORIENTED_EDGE('',*,*,#747,.F.);
#804 = PLANE('',#805);
#805 = AXIS2_PLACEMENT_3D('',#806,#807,#808);
#806 = CARTESIAN_POINT('',(-285.,0.,15.));
#807 = DIRECTION('',(-0.,1.,0.));
#808 = DIRECTION('',(0.,0.,1.));
#809 = ADVANCED_FACE('',(#810),#816,.F.);
#810 = FACE_BOUND('',#811,.F.);
#811 = EDGE_LOOP('',(#812,#813,#814,#815));
#812 = ORIENTED_EDGE('',*,*,#699,.F.);
#813 = ORIENTED_EDGE('',*,*,#769,.T.);
#814 = ORIENTED_EDGE('',*,*,#739,.T.);
#815 = ORIENTED_EDGE('',*,*,#791,.F.);
#816 = PLANE('',#817);
#817 = AXIS2_PLACEMENT_3D('',#818,#819,#820);
#818 = CARTESIAN_POINT('',(-285.,-3.,15.));
#819 = DIRECTION('',(0.,0.,1.));
#820 = DIRECTION('',(1.,0.,-0.));
#821 = ADVANCED_FACE('',(#822),#828,.T.);
#822 = FACE_BOUND('',#823,.T.);
#823 = EDGE_LOOP('',(#824,#825,#826,#827));
#824 = ORIENTED_EDGE('',*,*,#715,.F.);
#825 = ORIENTED_EDGE('',*,*,#776,.T.);
#826 = ORIENTED_EDGE('',*,*,#755,.T.);
#827 = ORIENTED_EDGE('',*,*,#798,.F.);
#828 = PLANE('',#829);
#829 = AXIS2_PLACEMENT_3D('',#830,#831,#832);
#830 = CARTESIAN_POINT('',(-285.,-3.,485.));
#831 = DIRECTION('',(0.,0.,1.));
#832 = DIRECTION('',(1.,0.,-0.));
#833 = MANIFOLD_SOLID_BREP('',#834);
#834 = CLOSED_SHELL('',(#835,#868,#877));
#835 = ADVANCED_FACE('',(#836),#863,.T.);
#836 = FACE_BOUND('',#837,.T.);
#837 = EDGE_LOOP('',(#838,#847,#855,#862));
#838 = ORIENTED_EDGE('',*,*,#839,.F.);
#839 = EDGE_CURVE('',#840,#840,#842,.T.);
#840 = VERTEX_POINT('',#841);
#841 = CARTESIAN_POINT('',(-258.,38.,363.8));
#842 = CIRCLE('',#843,4.);
#843 = AXIS2_PLACEMENT_3D('',#844,#845,#846);
#844 = CARTESIAN_POINT('',(-262.,38.,363.8));
#845 = DIRECTION('',(0.,0.,1.));
#846 = DIRECTION('',(1.,0.,-0.));
#847 = ORIENTED_EDGE('',*,*,#848,.F.);
#848 = EDGE_CURVE('',#849,#840,#851,.T.);
#849 = VERTEX_POINT('',#850);
#850 = CARTESIAN_POINT('',(-258.,38.,348.8));
#851 = LINE('',#852,#853);
#852 = CARTESIAN_POINT('',(-258.,38.,348.8));
#853 = VECTOR('',#854,1.);
#854 = DIRECTION('',(0.,0.,1.));
#855 = ORIENTED_EDGE('',*,*,#856,.T.);
#856 = EDGE_CURVE('',#849,#849,#857,.T.);
#857 = CIRCLE('',#858,4.);
#858 = AXIS2_PLACEMENT_3D('',#859,#860,#861);
#859 = CARTESIAN_POINT('',(-262.,38.,348.8));
#860 = DIRECTION('',(0.,0.,1.));
#861 = DIRECTION('',(1.,0.,-0.));
#862 = ORIENTED_EDGE('',*,*,#848,.T.);
#863 = CYLINDRICAL_SURFACE('',#864,4.);
#864 = AXIS2_PLACEMENT_3D('',#865,#866,#867);
#865 = CARTESIAN_POINT('',(-262.,38.,348.8));
#866 = DIRECTION('',(0.,0.,1.));
#867 = DIRECTION('',(1.,0.,-0.));
#868 = ADVANCED_FACE('',(#869),#872,.T.);
#869 = FACE_BOUND('',#870,.T.);
#870 = EDGE_LOOP('',(#871));
#871 = ORIENTED_EDGE('',*,*,#839,.T.);
#872 = PLANE('',#873);
#873 = AXIS2_PLACEMENT_3D('',#874,#875,#876);
#874 = CARTESIAN_POINT('',(-262.,38.,363.8));
#875 = DIRECTION('',(0.,0.,1.));
#876 = DIRECTION('',(1.,0.,-0.));
#877 = ADVANCED_FACE('',(#878),#881,.F.);
#878 = FACE_BOUND('',#879,.T.);
#879 = EDGE_LOOP('',(#880));
#880 = ORIENTED_EDGE('',*,*,#856,.F.);
#881 = PLANE('',#882);
#882 = AXIS2_PLACEMENT_3D('',#883,#884,#885);
#883 = CARTESIAN_POINT('',(-262.,38.,348.8));
#884 = DIRECTION('',(0.,0.,1.));
#885 = DIRECTION('',(1.,0.,-0.));
#886 = MANIFOLD_SOLID_BREP('',#887);
#887 = CLOSED_SHELL('',(#888,#921,#930));
#888 = ADVANCED_FACE('',(#889),#916,.T.);
#889 = FACE_BOUND('',#890,.T.);
#890 = EDGE_LOOP('',(#891,#900,#908,#915));
#891 = ORIENTED_EDGE('',*,*,#892,.F.);
#892 = EDGE_CURVE('',#893,#893,#895,.T.);
#893 = VERTEX_POINT('',#894);
#894 = CARTESIAN_POINT('',(-258.,262.,363.8));
#895 = CIRCLE('',#896,4.);
#896 = AXIS2_PLACEMENT_3D('',#897,#898,#899);
#897 = CARTESIAN_POINT('',(-262.,262.,363.8));
#898 = DIRECTION('',(0.,0.,1.));
#899 = DIRECTION('',(1.,0.,-0.));
#900 = ORIENTED_EDGE('',*,*,#901,.F.);
#901 = EDGE_CURVE('',#902,#893,#904,.T.);
#902 = VERTEX_POINT('',#903);
#903 = CARTESIAN_POINT('',(-258.,262.,348.8));
#904 = LINE('',#905,#906);
#905 = CARTESIAN_POINT('',(-258.,262.,348.8));
#906 = VECTOR('',#907,1.);
#907 = DIRECTION('',(0.,0.,1.));
#908 = ORIENTED_EDGE('',*,*,#909,.T.);
#909 = EDGE_CURVE('',#902,#902,#910,.T.);
#910 = CIRCLE('',#911,4.);
#911 = AXIS2_PLACEMENT_3D('',#912,#913,#914);
#912 = CARTESIAN_POINT('',(-262.,262.,348.8));
#913 = DIRECTION('',(0.,0.,1.));
#914 = DIRECTION('',(1.,0.,-0.));
#915 = ORIENTED_EDGE('',*,*,#901,.T.);
#916 = CYLINDRICAL_SURFACE('',#917,4.);
#917 = AXIS2_PLACEMENT_3D('',#918,#919,#920);
#918 = CARTESIAN_POINT('',(-262.,262.,348.8));
#919 = DIRECTION('',(0.,0.,1.));
#920 = DIRECTION('',(1.,0.,-0.));
#921 = ADVANCED_FACE('',(#922),#925,.T.);
#922 = FACE_BOUND('',#923,.T.);
#923 = EDGE_LOOP('',(#924));
#924 = ORIENTED_EDGE('',*,*,#892,.T.);
#925 = PLANE('',#926);
#926 = AXIS2_PLACEMENT_3D('',#927,#928,#929);
#927 = CARTESIAN_POINT('',(-262.,262.,363.8));
#928 = DIRECTION('',(0.,0.,1.));
#929 = DIRECTION('',(1.,0.,-0.));
#930 = ADVANCED_FACE('',(#931),#934,.F.);
#931 = FACE_BOUND('',#932,.T.);
#932 = EDGE_LOOP('',(#933));
#933 = ORIENTED_EDGE('',*,*,#909,.F.);
#934 = PLANE('',#935);
#935 = AXIS2_PLACEMENT_3D('',#936,#937,#938);
#936 = CARTESIAN_POINT('',(-262.,262.,348.8));
#937 = DIRECTION('',(0.,0.,1.));
#938 = DIRECTION('',(1.,0.,-0.));
#939 = MANIFOLD_SOLID_BREP('',#940);
#940 = CLOSED_SHELL('',(#941,#974,#983));
#941 = ADVANCED_FACE('',(#942),#969,.T.);
#942 = FACE_BOUND('',#943,.T.);
#943 = EDGE_LOOP('',(#944,#953,#961,#968));
#944 = ORIENTED_EDGE('',*,*,#945,.F.);
#945 = EDGE_CURVE('',#946,#946,#948,.T.);
#946 = VERTEX_POINT('',#947);
#947 = CARTESIAN_POINT('',(266.,38.,363.8));
#948 = CIRCLE('',#949,4.);
#949 = AXIS2_PLACEMENT_3D('',#950,#951,#952);
#950 = CARTESIAN_POINT('',(262.,38.,363.8));
#951 = DIRECTION('',(0.,0.,1.));
#952 = DIRECTION('',(1.,0.,-0.));
#953 = ORIENTED_EDGE('',*,*,#954,.F.);
#954 = EDGE_CURVE('',#955,#946,#957,.T.);
#955 = VERTEX_POINT('',#956);
#956 = CARTESIAN_POINT('',(266.,38.,348.8));
#957 = LINE('',#958,#959);
#958 = CARTESIAN_POINT('',(266.,38.,348.8));
#959 = VECTOR('',#960,1.);
#960 = DIRECTION('',(0.,0.,1.));
#961 = ORIENTED_EDGE('',*,*,#962,.T.);
#962 = EDGE_CURVE('',#955,#955,#963,.T.);
#963 = CIRCLE('',#964,4.);
#964 = AXIS2_PLACEMENT_3D('',#965,#966,#967);
#965 = CARTESIAN_POINT('',(262.,38.,348.8));
#966 = DIRECTION('',(0.,0.,1.));
#967 = DIRECTION('',(1.,0.,-0.));
#968 = ORIENTED_EDGE('',*,*,#954,.T.);
#969 = CYLINDRICAL_SURFACE('',#970,4.);
#970 = AXIS2_PLACEMENT_3D('',#971,#972,#973);
#971 = CARTESIAN_POINT('',(262.,38.,348.8));
#972 = DIRECTION('',(0.,0.,1.));
#973 = DIRECTION('',(1.,0.,-0.));
#974 = ADVANCED_FACE('',(#975),#978,.T.);
#975 = FACE_BOUND('',#976,.T.);
#976 = EDGE_LOOP('',(#977));
#977 = ORIENTED_EDGE('',*,*,#945,.T.);
#978 = PLANE('',#979);
#979 = AXIS2_PLACEMENT_3D('',#980,#981,#982);
#980 = CARTESIAN_POINT('',(262.,38.,363.8));
#981 = DIRECTION('',(0.,0.,1.));
#982 = DIRECTION('',(1.,0.,-0.));
#983 = ADVANCED_FACE('',(#984),#987,.F.);
#984 = FACE_BOUND('',#985,.T.);
#985 = EDGE_LOOP('',(#986));
#986 = ORIENTED_EDGE('',*,*,#962,.F.);
#987 = PLANE('',#988);
#988 = AXIS2_PLACEMENT_3D('',#989,#990,#991);
#989 = CARTESIAN_POINT('',(262.,38.,348.8));
#990 = DIRECTION('',(0.,0.,1.));
#991 = DIRECTION('',(1.,0.,-0.));
#992 = MANIFOLD_SOLID_BREP('',#993);
#993 = CLOSED_SHELL('',(#994,#1027,#1036));
#994 = ADVANCED_FACE('',(#995),#1022,.T.);
#995 = FACE_BOUND('',#996,.T.);
#996 = EDGE_LOOP('',(#997,#1006,#1014,#1021));
#997 = ORIENTED_EDGE('',*,*,#998,.F.);
#998 = EDGE_CURVE('',#999,#999,#1001,.T.);
#999 = VERTEX_POINT('',#1000);
#1000 = CARTESIAN_POINT('',(266.,262.,363.8));
#1001 = CIRCLE('',#1002,4.);
#1002 = AXIS2_PLACEMENT_3D('',#1003,#1004,#1005);
#1003 = CARTESIAN_POINT('',(262.,262.,363.8));
#1004 = DIRECTION('',(0.,0.,1.));
#1005 = DIRECTION('',(1.,0.,-0.));
#1006 = ORIENTED_EDGE('',*,*,#1007,.F.);
#1007 = EDGE_CURVE('',#1008,#999,#1010,.T.);
#1008 = VERTEX_POINT('',#1009);
#1009 = CARTESIAN_POINT('',(266.,262.,348.8));
#1010 = LINE('',#1011,#1012);
#1011 = CARTESIAN_POINT('',(266.,262.,348.8));
#1012 = VECTOR('',#1013,1.);
#1013 = DIRECTION('',(0.,0.,1.));
#1014 = ORIENTED_EDGE('',*,*,#1015,.T.);
#1015 = EDGE_CURVE('',#1008,#1008,#1016,.T.);
#1016 = CIRCLE('',#1017,4.);
#1017 = AXIS2_PLACEMENT_3D('',#1018,#1019,#1020);
#1018 = CARTESIAN_POINT('',(262.,262.,348.8));
#1019 = DIRECTION('',(0.,0.,1.));
#1020 = DIRECTION('',(1.,0.,-0.));
#1021 = ORIENTED_EDGE('',*,*,#1007,.T.);
#1022 = CYLINDRICAL_SURFACE('',#1023,4.);
#1023 = AXIS2_PLACEMENT_3D('',#1024,#1025,#1026);
#1024 = CARTESIAN_POINT('',(262.,262.,348.8));
#1025 = DIRECTION('',(0.,0.,1.));
#1026 = DIRECTION('',(1.,0.,-0.));
#1027 = ADVANCED_FACE('',(#1028),#1031,.T.);
#1028 = FACE_BOUND('',#1029,.T.);
#1029 = EDGE_LOOP('',(#1030));
#1030 = ORIENTED_EDGE('',*,*,#998,.T.);
#1031 = PLANE('',#1032);
#1032 = AXIS2_PLACEMENT_3D('',#1033,#1034,#1035);
#1033 = CARTESIAN_POINT('',(262.,262.,363.8));
#1034 = DIRECTION('',(0.,0.,1.));
#1035 = DIRECTION('',(1.,0.,-0.));
#1036 = ADVANCED_FACE('',(#1037),#1040,.F.);
#1037 = FACE_BOUND('',#1038,.T.);
#1038 = EDGE_LOOP('',(#1039));
#1039 = ORIENTED_EDGE('',*,*,#1015,.F.);
#1040 = PLANE('',#1041);
#1041 = AXIS2_PLACEMENT_3D('',#1042,#1043,#1044);
#1042 = CARTESIAN_POINT('',(262.,262.,348.8));
#1043 = DIRECTION('',(0.,0.,1.));
#1044 = DIRECTION('',(1.,0.,-0.));
#1045 = MANIFOLD_SOLID_BREP('',#1046);
#1046 = CLOSED_SHELL('',(#1047,#1087,#1127,#1149,#1171,#1183));
#1047 = ADVANCED_FACE('',(#1048),#1082,.F.);
#1048 = FACE_BOUND('',#1049,.F.);
#1049 = EDGE_LOOP('',(#1050,#1060,#1068,#1076));
#1050 = ORIENTED_EDGE('',*,*,#1051,.F.);
#1051 = EDGE_CURVE('',#1052,#1054,#1056,.T.);
#1052 = VERTEX_POINT('',#1053);
#1053 = CARTESIAN_POINT('',(-282.,18.,363.8));
#1054 = VERTEX_POINT('',#1055);
#1055 = CARTESIAN_POINT('',(-282.,18.,373.8));
#1056 = LINE('',#1057,#1058);
#1057 = CARTESIAN_POINT('',(-282.,18.,363.8));
#1058 = VECTOR('',#1059,1.);
#1059 = DIRECTION('',(0.,0.,1.));
#1060 = ORIENTED_EDGE('',*,*,#1061,.T.);
#1061 = EDGE_CURVE('',#1052,#1062,#1064,.T.);
#1062 = VERTEX_POINT('',#1063);
#1063 = CARTESIAN_POINT('',(-282.,282.,363.8));
#1064 = LINE('',#1065,#1066);
#1065 = CARTESIAN_POINT('',(-282.,18.,363.8));
#1066 = VECTOR('',#1067,1.);
#1067 = DIRECTION('',(-0.,1.,0.));
#1068 = ORIENTED_EDGE('',*,*,#1069,.T.);
#1069 = EDGE_CURVE('',#1062,#1070,#1072,.T.);
#1070 = VERTEX_POINT('',#1071);
#1071 = CARTESIAN_POINT('',(-282.,282.,373.8));
#1072 = LINE('',#1073,#1074);
#1073 = CARTESIAN_POINT('',(-282.,282.,363.8));
#1074 = VECTOR('',#1075,1.);
#1075 = DIRECTION('',(0.,0.,1.));
#1076 = ORIENTED_EDGE('',*,*,#1077,.F.);
#1077 = EDGE_CURVE('',#1054,#1070,#1078,.T.);
#1078 = LINE('',#1079,#1080);
#1079 = CARTESIAN_POINT('',(-282.,18.,373.8));
#1080 = VECTOR('',#1081,1.);
#1081 = DIRECTION('',(-0.,1.,0.));
#1082 = PLANE('',#1083);
#1083 = AXIS2_PLACEMENT_3D('',#1084,#1085,#1086);
#1084 = CARTESIAN_POINT('',(-282.,18.,363.8));
#1085 = DIRECTION('',(1.,0.,-0.));
#1086 = DIRECTION('',(0.,0.,1.));
#1087 = ADVANCED_FACE('',(#1088),#1122,.T.);
#1088 = FACE_BOUND('',#1089,.T.);
#1089 = EDGE_LOOP('',(#1090,#1100,#1108,#1116));
#1090 = ORIENTED_EDGE('',*,*,#1091,.F.);
#1091 = EDGE_CURVE('',#1092,#1094,#1096,.T.);
#1092 = VERTEX_POINT('',#1093);
#1093 = CARTESIAN_POINT('',(282.,18.,363.8));
#1094 = VERTEX_POINT('',#1095);
#1095 = CARTESIAN_POINT('',(282.,18.,373.8));
#1096 = LINE('',#1097,#1098);
#1097 = CARTESIAN_POINT('',(282.,18.,363.8));
#1098 = VECTOR('',#1099,1.);
#1099 = DIRECTION('',(0.,0.,1.));
#1100 = ORIENTED_EDGE('',*,*,#1101,.T.);
#1101 = EDGE_CURVE('',#1092,#1102,#1104,.T.);
#1102 = VERTEX_POINT('',#1103);
#1103 = CARTESIAN_POINT('',(282.,282.,363.8));
#1104 = LINE('',#1105,#1106);
#1105 = CARTESIAN_POINT('',(282.,18.,363.8));
#1106 = VECTOR('',#1107,1.);
#1107 = DIRECTION('',(-0.,1.,0.));
#1108 = ORIENTED_EDGE('',*,*,#1109,.T.);
#1109 = EDGE_CURVE('',#1102,#1110,#1112,.T.);
#1110 = VERTEX_POINT('',#1111);
#1111 = CARTESIAN_POINT('',(282.,282.,373.8));
#1112 = LINE('',#1113,#1114);
#1113 = CARTESIAN_POINT('',(282.,282.,363.8));
#1114 = VECTOR('',#1115,1.);
#1115 = DIRECTION('',(0.,0.,1.));
#1116 = ORIENTED_EDGE('',*,*,#1117,.F.);
#1117 = EDGE_CURVE('',#1094,#1110,#1118,.T.);
#1118 = LINE('',#1119,#1120);
#1119 = CARTESIAN_POINT('',(282.,18.,373.8));
#1120 = VECTOR('',#1121,1.);
#1121 = DIRECTION('',(-0.,1.,0.));
#1122 = PLANE('',#1123);
#1123 = AXIS2_PLACEMENT_3D('',#1124,#1125,#1126);
#1124 = CARTESIAN_POINT('',(282.,18.,363.8));
#1125 = DIRECTION('',(1.,0.,-0.));
#1126 = DIRECTION('',(0.,0.,1.));
#1127 = ADVANCED_FACE('',(#1128),#1144,.F.);
#1128 = FACE_BOUND('',#1129,.F.);
#1129 = EDGE_LOOP('',(#1130,#1136,#1137,#1143));
#1130 = ORIENTED_EDGE('',*,*,#1131,.F.);
#1131 = EDGE_CURVE('',#1052,#1092,#1132,.T.);
#1132 = LINE('',#1133,#1134);
#1133 = CARTESIAN_POINT('',(-282.,18.,363.8));
#1134 = VECTOR('',#1135,1.);
#1135 = DIRECTION('',(1.,0.,-0.));
#1136 = ORIENTED_EDGE('',*,*,#1051,.T.);
#1137 = ORIENTED_EDGE('',*,*,#1138,.T.);
#1138 = EDGE_CURVE('',#1054,#1094,#1139,.T.);
#1139 = LINE('',#1140,#1141);
#1140 = CARTESIAN_POINT('',(-282.,18.,373.8));
#1141 = VECTOR('',#1142,1.);
#1142 = DIRECTION('',(1.,0.,-0.));
#1143 = ORIENTED_EDGE('',*,*,#1091,.F.);
#1144 = PLANE('',#1145);
#1145 = AXIS2_PLACEMENT_3D('',#1146,#1147,#1148);
#1146 = CARTESIAN_POINT('',(-282.,18.,363.8));
#1147 = DIRECTION('',(-0.,1.,0.));
#1148 = DIRECTION('',(0.,0.,1.));
#1149 = ADVANCED_FACE('',(#1150),#1166,.T.);
#1150 = FACE_BOUND('',#1151,.T.);
#1151 = EDGE_LOOP('',(#1152,#1158,#1159,#1165));
#1152 = ORIENTED_EDGE('',*,*,#1153,.F.);
#1153 = EDGE_CURVE('',#1062,#1102,#1154,.T.);
#1154 = LINE('',#1155,#1156);
#1155 = CARTESIAN_POINT('',(-282.,282.,363.8));
#1156 = VECTOR('',#1157,1.);
#1157 = DIRECTION('',(1.,0.,-0.));
#1158 = ORIENTED_EDGE('',*,*,#1069,.T.);
#1159 = ORIENTED_EDGE('',*,*,#1160,.T.);
#1160 = EDGE_CURVE('',#1070,#1110,#1161,.T.);
#1161 = LINE('',#1162,#1163);
#1162 = CARTESIAN_POINT('',(-282.,282.,373.8));
#1163 = VECTOR('',#1164,1.);
#1164 = DIRECTION('',(1.,0.,-0.));
#1165 = ORIENTED_EDGE('',*,*,#1109,.F.);
#1166 = PLANE('',#1167);
#1167 = AXIS2_PLACEMENT_3D('',#1168,#1169,#1170);
#1168 = CARTESIAN_POINT('',(-282.,282.,363.8));
#1169 = DIRECTION('',(-0.,1.,0.));
#1170 = DIRECTION('',(0.,0.,1.));
#1171 = ADVANCED_FACE('',(#1172),#1178,.F.);
#1172 = FACE_BOUND('',#1173,.F.);
#1173 = EDGE_LOOP('',(#1174,#1175,#1176,#1177));
#1174 = ORIENTED_EDGE('',*,*,#1061,.F.);
#1175 = ORIENTED_EDGE('',*,*,#1131,.T.);
#1176 = ORIENTED_EDGE('',*,*,#1101,.T.);
#1177 = ORIENTED_EDGE('',*,*,#1153,.F.);
#1178 = PLANE('',#1179);
#1179 = AXIS2_PLACEMENT_3D('',#1180,#1181,#1182);
#1180 = CARTESIAN_POINT('',(-282.,18.,363.8));
#1181 = DIRECTION('',(0.,0.,1.));
#1182 = DIRECTION('',(1.,0.,-0.));
#1183 = ADVANCED_FACE('',(#1184),#1190,.T.);
#1184 = FACE_BOUND('',#1185,.T.);
#1185 = EDGE_LOOP('',(#1186,#1187,#1188,#1189));
#1186 = ORIENTED_EDGE('',*,*,#1077,.F.);
#1187 = ORIENTED_EDGE('',*,*,#1138,.T.);
#1188 = ORIENTED_EDGE('',*,*,#1117,.T.);
#1189 = ORIENTED_EDGE('',*,*,#1160,.F.);
#1190 = PLANE('',#1191);
#1191 = AXIS2_PLACEMENT_3D('',#1192,#1193,#1194);
#1192 = CARTESIAN_POINT('',(-282.,18.,373.8));
#1193 = DIRECTION('',(0.,0.,1.));
#1194 = DIRECTION('',(1.,0.,-0.));
#1195 = MANIFOLD_SOLID_BREP('',#1196);
#1196 = CLOSED_SHELL('',(#1197,#1237,#1277,#1299,#1321,#1333));
#1197 = ADVANCED_FACE('',(#1198),#1232,.F.);
#1198 = FACE_BOUND('',#1199,.F.);
#1199 = EDGE_LOOP('',(#1200,#1210,#1218,#1226));
#1200 = ORIENTED_EDGE('',*,*,#1201,.F.);
#1201 = EDGE_CURVE('',#1202,#1204,#1206,.T.);
#1202 = VERTEX_POINT('',#1203);
#1203 = CARTESIAN_POINT('',(-272.,120.,373.8));
#1204 = VERTEX_POINT('',#1205);
#1205 = CARTESIAN_POINT('',(-272.,120.,388.8));
#1206 = LINE('',#1207,#1208);
#1207 = CARTESIAN_POINT('',(-272.,120.,373.8));
#1208 = VECTOR('',#1209,1.);
#1209 = DIRECTION('',(0.,0.,1.));
#1210 = ORIENTED_EDGE('',*,*,#1211,.T.);
#1211 = EDGE_CURVE('',#1202,#1212,#1214,.T.);
#1212 = VERTEX_POINT('',#1213);
#1213 = CARTESIAN_POINT('',(-272.,180.,373.8));
#1214 = LINE('',#1215,#1216);
#1215 = CARTESIAN_POINT('',(-272.,120.,373.8));
#1216 = VECTOR('',#1217,1.);
#1217 = DIRECTION('',(-0.,1.,0.));
#1218 = ORIENTED_EDGE('',*,*,#1219,.T.);
#1219 = EDGE_CURVE('',#1212,#1220,#1222,.T.);
#1220 = VERTEX_POINT('',#1221);
#1221 = CARTESIAN_POINT('',(-272.,180.,388.8));
#1222 = LINE('',#1223,#1224);
#1223 = CARTESIAN_POINT('',(-272.,180.,373.8));
#1224 = VECTOR('',#1225,1.);
#1225 = DIRECTION('',(0.,0.,1.));
#1226 = ORIENTED_EDGE('',*,*,#1227,.F.);
#1227 = EDGE_CURVE('',#1204,#1220,#1228,.T.);
#1228 = LINE('',#1229,#1230);
#1229 = CARTESIAN_POINT('',(-272.,120.,388.8));
#1230 = VECTOR('',#1231,1.);
#1231 = DIRECTION('',(-0.,1.,0.));
#1232 = PLANE('',#1233);
#1233 = AXIS2_PLACEMENT_3D('',#1234,#1235,#1236);
#1234 = CARTESIAN_POINT('',(-272.,120.,373.8));
#1235 = DIRECTION('',(1.,0.,-0.));
#1236 = DIRECTION('',(0.,0.,1.));
#1237 = ADVANCED_FACE('',(#1238),#1272,.T.);
#1238 = FACE_BOUND('',#1239,.T.);
#1239 = EDGE_LOOP('',(#1240,#1250,#1258,#1266));
#1240 = ORIENTED_EDGE('',*,*,#1241,.F.);
#1241 = EDGE_CURVE('',#1242,#1244,#1246,.T.);
#1242 = VERTEX_POINT('',#1243);
#1243 = CARTESIAN_POINT('',(-202.,120.,373.8));
#1244 = VERTEX_POINT('',#1245);
#1245 = CARTESIAN_POINT('',(-202.,120.,388.8));
#1246 = LINE('',#1247,#1248);
#1247 = CARTESIAN_POINT('',(-202.,120.,373.8));
#1248 = VECTOR('',#1249,1.);
#1249 = DIRECTION('',(0.,0.,1.));
#1250 = ORIENTED_EDGE('',*,*,#1251,.T.);
#1251 = EDGE_CURVE('',#1242,#1252,#1254,.T.);
#1252 = VERTEX_POINT('',#1253);
#1253 = CARTESIAN_POINT('',(-202.,180.,373.8));
#1254 = LINE('',#1255,#1256);
#1255 = CARTESIAN_POINT('',(-202.,120.,373.8));
#1256 = VECTOR('',#1257,1.);
#1257 = DIRECTION('',(-0.,1.,0.));
#1258 = ORIENTED_EDGE('',*,*,#1259,.T.);
#1259 = EDGE_CURVE('',#1252,#1260,#1262,.T.);
#1260 = VERTEX_POINT('',#1261);
#1261 = CARTESIAN_POINT('',(-202.,180.,388.8));
#1262 = LINE('',#1263,#1264);
#1263 = CARTESIAN_POINT('',(-202.,180.,373.8));
#1264 = VECTOR('',#1265,1.);
#1265 = DIRECTION('',(0.,0.,1.));
#1266 = ORIENTED_EDGE('',*,*,#1267,.F.);
#1267 = EDGE_CURVE('',#1244,#1260,#1268,.T.);
#1268 = LINE('',#1269,#1270);
#1269 = CARTESIAN_POINT('',(-202.,120.,388.8));
#1270 = VECTOR('',#1271,1.);
#1271 = DIRECTION('',(-0.,1.,0.));
#1272 = PLANE('',#1273);
#1273 = AXIS2_PLACEMENT_3D('',#1274,#1275,#1276);
#1274 = CARTESIAN_POINT('',(-202.,120.,373.8));
#1275 = DIRECTION('',(1.,0.,-0.));
#1276 = DIRECTION('',(0.,0.,1.));
#1277 = ADVANCED_FACE('',(#1278),#1294,.F.);
#1278 = FACE_BOUND('',#1279,.F.);
#1279 = EDGE_LOOP('',(#1280,#1286,#1287,#1293));
#1280 = ORIENTED_EDGE('',*,*,#1281,.F.);
#1281 = EDGE_CURVE('',#1202,#1242,#1282,.T.);
#1282 = LINE('',#1283,#1284);
#1283 = CARTESIAN_POINT('',(-272.,120.,373.8));
#1284 = VECTOR('',#1285,1.);
#1285 = DIRECTION('',(1.,0.,-0.));
#1286 = ORIENTED_EDGE('',*,*,#1201,.T.);
#1287 = ORIENTED_EDGE('',*,*,#1288,.T.);
#1288 = EDGE_CURVE('',#1204,#1244,#1289,.T.);
#1289 = LINE('',#1290,#1291);
#1290 = CARTESIAN_POINT('',(-272.,120.,388.8));
#1291 = VECTOR('',#1292,1.);
#1292 = DIRECTION('',(1.,0.,-0.));
#1293 = ORIENTED_EDGE('',*,*,#1241,.F.);
#1294 = PLANE('',#1295);
#1295 = AXIS2_PLACEMENT_3D('',#1296,#1297,#1298);
#1296 = CARTESIAN_POINT('',(-272.,120.,373.8));
#1297 = DIRECTION('',(-0.,1.,0.));
#1298 = DIRECTION('',(0.,0.,1.));
#1299 = ADVANCED_FACE('',(#1300),#1316,.T.);
#1300 = FACE_BOUND('',#1301,.T.);
#1301 = EDGE_LOOP('',(#1302,#1308,#1309,#1315));
#1302 = ORIENTED_EDGE('',*,*,#1303,.F.);
#1303 = EDGE_CURVE('',#1212,#1252,#1304,.T.);
#1304 = LINE('',#1305,#1306);
#1305 = CARTESIAN_POINT('',(-272.,180.,373.8));
#1306 = VECTOR('',#1307,1.);
#1307 = DIRECTION('',(1.,0.,-0.));
#1308 = ORIENTED_EDGE('',*,*,#1219,.T.);
#1309 = ORIENTED_EDGE('',*,*,#1310,.T.);
#1310 = EDGE_CURVE('',#1220,#1260,#1311,.T.);
#1311 = LINE('',#1312,#1313);
#1312 = CARTESIAN_POINT('',(-272.,180.,388.8));
#1313 = VECTOR('',#1314,1.);
#1314 = DIRECTION('',(1.,0.,-0.));
#1315 = ORIENTED_EDGE('',*,*,#1259,.F.);
#1316 = PLANE('',#1317);
#1317 = AXIS2_PLACEMENT_3D('',#1318,#1319,#1320);
#1318 = CARTESIAN_POINT('',(-272.,180.,373.8));
#1319 = DIRECTION('',(-0.,1.,0.));
#1320 = DIRECTION('',(0.,0.,1.));
#1321 = ADVANCED_FACE('',(#1322),#1328,.F.);
#1322 = FACE_BOUND('',#1323,.F.);
#1323 = EDGE_LOOP('',(#1324,#1325,#1326,#1327));
#1324 = ORIENTED_EDGE('',*,*,#1211,.F.);
#1325 = ORIENTED_EDGE('',*,*,#1281,.T.);
#1326 = ORIENTED_EDGE('',*,*,#1251,.T.);
#1327 = ORIENTED_EDGE('',*,*,#1303,.F.);
#1328 = PLANE('',#1329);
#1329 = AXIS2_PLACEMENT_3D('',#1330,#1331,#1332);
#1330 = CARTESIAN_POINT('',(-272.,120.,373.8));
#1331 = DIRECTION('',(0.,0.,1.));
#1332 = DIRECTION('',(1.,0.,-0.));
#1333 = ADVANCED_FACE('',(#1334),#1340,.T.);
#1334 = FACE_BOUND('',#1335,.T.);
#1335 = EDGE_LOOP('',(#1336,#1337,#1338,#1339));
#1336 = ORIENTED_EDGE('',*,*,#1227,.F.);
#1337 = ORIENTED_EDGE('',*,*,#1288,.T.);
#1338 = ORIENTED_EDGE('',*,*,#1267,.T.);
#1339 = ORIENTED_EDGE('',*,*,#1310,.F.);
#1340 = PLANE('',#1341);
#1341 = AXIS2_PLACEMENT_3D('',#1342,#1343,#1344);
#1342 = CARTESIAN_POINT('',(-272.,120.,388.8));
#1343 = DIRECTION('',(0.,0.,1.));
#1344 = DIRECTION('',(1.,0.,-0.));
#1345 = MANIFOLD_SOLID_BREP('',#1346);
#1346 = CLOSED_SHELL('',(#1347,#1387,#1427,#1449,#1471,#1483));
#1347 = ADVANCED_FACE('',(#1348),#1382,.F.);
#1348 = FACE_BOUND('',#1349,.F.);
#1349 = EDGE_LOOP('',(#1350,#1360,#1368,#1376));
#1350 = ORIENTED_EDGE('',*,*,#1351,.F.);
#1351 = EDGE_CURVE('',#1352,#1354,#1356,.T.);
#1352 = VERTEX_POINT('',#1353);
#1353 = CARTESIAN_POINT('',(-45.,115.,373.8));
#1354 = VERTEX_POINT('',#1355);
#1355 = CARTESIAN_POINT('',(-45.,115.,393.8));
#1356 = LINE('',#1357,#1358);
#1357 = CARTESIAN_POINT('',(-45.,115.,373.8));
#1358 = VECTOR('',#1359,1.);
#1359 = DIRECTION('',(0.,0.,1.));
#1360 = ORIENTED_EDGE('',*,*,#1361,.T.);
#1361 = EDGE_CURVE('',#1352,#1362,#1364,.T.);
#1362 = VERTEX_POINT('',#1363);
#1363 = CARTESIAN_POINT('',(-45.,185.,373.8));
#1364 = LINE('',#1365,#1366);
#1365 = CARTESIAN_POINT('',(-45.,115.,373.8));
#1366 = VECTOR('',#1367,1.);
#1367 = DIRECTION('',(-0.,1.,0.));
#1368 = ORIENTED_EDGE('',*,*,#1369,.T.);
#1369 = EDGE_CURVE('',#1362,#1370,#1372,.T.);
#1370 = VERTEX_POINT('',#1371);
#1371 = CARTESIAN_POINT('',(-45.,185.,393.8));
#1372 = LINE('',#1373,#1374);
#1373 = CARTESIAN_POINT('',(-45.,185.,373.8));
#1374 = VECTOR('',#1375,1.);
#1375 = DIRECTION('',(0.,0.,1.));
#1376 = ORIENTED_EDGE('',*,*,#1377,.F.);
#1377 = EDGE_CURVE('',#1354,#1370,#1378,.T.);
#1378 = LINE('',#1379,#1380);
#1379 = CARTESIAN_POINT('',(-45.,115.,393.8));
#1380 = VECTOR('',#1381,1.);
#1381 = DIRECTION('',(-0.,1.,0.));
#1382 = PLANE('',#1383);
#1383 = AXIS2_PLACEMENT_3D('',#1384,#1385,#1386);
#1384 = CARTESIAN_POINT('',(-45.,115.,373.8));
#1385 = DIRECTION('',(1.,0.,-0.));
#1386 = DIRECTION('',(0.,0.,1.));
#1387 = ADVANCED_FACE('',(#1388),#1422,.T.);
#1388 = FACE_BOUND('',#1389,.T.);
#1389 = EDGE_LOOP('',(#1390,#1400,#1408,#1416));
#1390 = ORIENTED_EDGE('',*,*,#1391,.F.);
#1391 = EDGE_CURVE('',#1392,#1394,#1396,.T.);
#1392 = VERTEX_POINT('',#1393);
#1393 = CARTESIAN_POINT('',(45.,115.,373.8));
#1394 = VERTEX_POINT('',#1395);
#1395 = CARTESIAN_POINT('',(45.,115.,393.8));
#1396 = LINE('',#1397,#1398);
#1397 = CARTESIAN_POINT('',(45.,115.,373.8));
#1398 = VECTOR('',#1399,1.);
#1399 = DIRECTION('',(0.,0.,1.));
#1400 = ORIENTED_EDGE('',*,*,#1401,.T.);
#1401 = EDGE_CURVE('',#1392,#1402,#1404,.T.);
#1402 = VERTEX_POINT('',#1403);
#1403 = CARTESIAN_POINT('',(45.,185.,373.8));
#1404 = LINE('',#1405,#1406);
#1405 = CARTESIAN_POINT('',(45.,115.,373.8));
#1406 = VECTOR('',#1407,1.);
#1407 = DIRECTION('',(-0.,1.,0.));
#1408 = ORIENTED_EDGE('',*,*,#1409,.T.);
#1409 = EDGE_CURVE('',#1402,#1410,#1412,.T.);
#1410 = VERTEX_POINT('',#1411);
#1411 = CARTESIAN_POINT('',(45.,185.,393.8));
#1412 = LINE('',#1413,#1414);
#1413 = CARTESIAN_POINT('',(45.,185.,373.8));
#1414 = VECTOR('',#1415,1.);
#1415 = DIRECTION('',(0.,0.,1.));
#1416 = ORIENTED_EDGE('',*,*,#1417,.F.);
#1417 = EDGE_CURVE('',#1394,#1410,#1418,.T.);
#1418 = LINE('',#1419,#1420);
#1419 = CARTESIAN_POINT('',(45.,115.,393.8));
#1420 = VECTOR('',#1421,1.);
#1421 = DIRECTION('',(-0.,1.,0.));
#1422 = PLANE('',#1423);
#1423 = AXIS2_PLACEMENT_3D('',#1424,#1425,#1426);
#1424 = CARTESIAN_POINT('',(45.,115.,373.8));
#1425 = DIRECTION('',(1.,0.,-0.));
#1426 = DIRECTION('',(0.,0.,1.));
#1427 = ADVANCED_FACE('',(#1428),#1444,.F.);
#1428 = FACE_BOUND('',#1429,.F.);
#1429 = EDGE_LOOP('',(#1430,#1436,#1437,#1443));
#1430 = ORIENTED_EDGE('',*,*,#1431,.F.);
#1431 = EDGE_CURVE('',#1352,#1392,#1432,.T.);
#1432 = LINE('',#1433,#1434);
#1433 = CARTESIAN_POINT('',(-45.,115.,373.8));
#1434 = VECTOR('',#1435,1.);
#1435 = DIRECTION('',(1.,0.,-0.));
#1436 = ORIENTED_EDGE('',*,*,#1351,.T.);
#1437 = ORIENTED_EDGE('',*,*,#1438,.T.);
#1438 = EDGE_CURVE('',#1354,#1394,#1439,.T.);
#1439 = LINE('',#1440,#1441);
#1440 = CARTESIAN_POINT('',(-45.,115.,393.8));
#1441 = VECTOR('',#1442,1.);
#1442 = DIRECTION('',(1.,0.,-0.));
#1443 = ORIENTED_EDGE('',*,*,#1391,.F.);
#1444 = PLANE('',#1445);
#1445 = AXIS2_PLACEMENT_3D('',#1446,#1447,#1448);
#1446 = CARTESIAN_POINT('',(-45.,115.,373.8));
#1447 = DIRECTION('',(-0.,1.,0.));
#1448 = DIRECTION('',(0.,0.,1.));
#1449 = ADVANCED_FACE('',(#1450),#1466,.T.);
#1450 = FACE_BOUND('',#1451,.T.);
#1451 = EDGE_LOOP('',(#1452,#1458,#1459,#1465));
#1452 = ORIENTED_EDGE('',*,*,#1453,.F.);
#1453 = EDGE_CURVE('',#1362,#1402,#1454,.T.);
#1454 = LINE('',#1455,#1456);
#1455 = CARTESIAN_POINT('',(-45.,185.,373.8));
#1456 = VECTOR('',#1457,1.);
#1457 = DIRECTION('',(1.,0.,-0.));
#1458 = ORIENTED_EDGE('',*,*,#1369,.T.);
#1459 = ORIENTED_EDGE('',*,*,#1460,.T.);
#1460 = EDGE_CURVE('',#1370,#1410,#1461,.T.);
#1461 = LINE('',#1462,#1463);
#1462 = CARTESIAN_POINT('',(-45.,185.,393.8));
#1463 = VECTOR('',#1464,1.);
#1464 = DIRECTION('',(1.,0.,-0.));
#1465 = ORIENTED_EDGE('',*,*,#1409,.F.);
#1466 = PLANE('',#1467);
#1467 = AXIS2_PLACEMENT_3D('',#1468,#1469,#1470);
#1468 = CARTESIAN_POINT('',(-45.,185.,373.8));
#1469 = DIRECTION('',(-0.,1.,0.));
#1470 = DIRECTION('',(0.,0.,1.));
#1471 = ADVANCED_FACE('',(#1472),#1478,.F.);
#1472 = FACE_BOUND('',#1473,.F.);
#1473 = EDGE_LOOP('',(#1474,#1475,#1476,#1477));
#1474 = ORIENTED_EDGE('',*,*,#1361,.F.);
#1475 = ORIENTED_EDGE('',*,*,#1431,.T.);
#1476 = ORIENTED_EDGE('',*,*,#1401,.T.);
#1477 = ORIENTED_EDGE('',*,*,#1453,.F.);
#1478 = PLANE('',#1479);
#1479 = AXIS2_PLACEMENT_3D('',#1480,#1481,#1482);
#1480 = CARTESIAN_POINT('',(-45.,115.,373.8));
#1481 = DIRECTION('',(0.,0.,1.));
#1482 = DIRECTION('',(1.,0.,-0.));
#1483 = ADVANCED_FACE('',(#1484),#1490,.T.);
#1484 = FACE_BOUND('',#1485,.T.);
#1485 = EDGE_LOOP('',(#1486,#1487,#1488,#1489));
#1486 = ORIENTED_EDGE('',*,*,#1377,.F.);
#1487 = ORIENTED_EDGE('',*,*,#1438,.T.);
#1488 = ORIENTED_EDGE('',*,*,#1417,.T.);
#1489 = ORIENTED_EDGE('',*,*,#1460,.F.);
#1490 = PLANE('',#1491);
#1491 = AXIS2_PLACEMENT_3D('',#1492,#1493,#1494);
#1492 = CARTESIAN_POINT('',(-45.,115.,393.8));
#1493 = DIRECTION('',(0.,0.,1.));
#1494 = DIRECTION('',(1.,0.,-0.));
#1495 = MANIFOLD_SOLID_BREP('',#1496);
#1496 = CLOSED_SHELL('',(#1497,#1537,#1577,#1599,#1621,#1633));
#1497 = ADVANCED_FACE('',(#1498),#1532,.F.);
#1498 = FACE_BOUND('',#1499,.F.);
#1499 = EDGE_LOOP('',(#1500,#1510,#1518,#1526));
#1500 = ORIENTED_EDGE('',*,*,#1501,.F.);
#1501 = EDGE_CURVE('',#1502,#1504,#1506,.T.);
#1502 = VERTEX_POINT('',#1503);
#1503 = CARTESIAN_POINT('',(182.,115.,373.8));
#1504 = VERTEX_POINT('',#1505);
#1505 = CARTESIAN_POINT('',(182.,115.,393.8));
#1506 = LINE('',#1507,#1508);
#1507 = CARTESIAN_POINT('',(182.,115.,373.8));
#1508 = VECTOR('',#1509,1.);
#1509 = DIRECTION('',(0.,0.,1.));
#1510 = ORIENTED_EDGE('',*,*,#1511,.T.);
#1511 = EDGE_CURVE('',#1502,#1512,#1514,.T.);
#1512 = VERTEX_POINT('',#1513);
#1513 = CARTESIAN_POINT('',(182.,185.,373.8));
#1514 = LINE('',#1515,#1516);
#1515 = CARTESIAN_POINT('',(182.,115.,373.8));
#1516 = VECTOR('',#1517,1.);
#1517 = DIRECTION('',(-0.,1.,0.));
#1518 = ORIENTED_EDGE('',*,*,#1519,.T.);
#1519 = EDGE_CURVE('',#1512,#1520,#1522,.T.);
#1520 = VERTEX_POINT('',#1521);
#1521 = CARTESIAN_POINT('',(182.,185.,393.8));
#1522 = LINE('',#1523,#1524);
#1523 = CARTESIAN_POINT('',(182.,185.,373.8));
#1524 = VECTOR('',#1525,1.);
#1525 = DIRECTION('',(0.,0.,1.));
#1526 = ORIENTED_EDGE('',*,*,#1527,.F.);
#1527 = EDGE_CURVE('',#1504,#1520,#1528,.T.);
#1528 = LINE('',#1529,#1530);
#1529 = CARTESIAN_POINT('',(182.,115.,393.8));
#1530 = VECTOR('',#1531,1.);
#1531 = DIRECTION('',(-0.,1.,0.));
#1532 = PLANE('',#1533);
#1533 = AXIS2_PLACEMENT_3D('',#1534,#1535,#1536);
#1534 = CARTESIAN_POINT('',(182.,115.,373.8));
#1535 = DIRECTION('',(1.,0.,-0.));
#1536 = DIRECTION('',(0.,0.,1.));
#1537 = ADVANCED_FACE('',(#1538),#1572,.T.);
#1538 = FACE_BOUND('',#1539,.T.);
#1539 = EDGE_LOOP('',(#1540,#1550,#1558,#1566));
#1540 = ORIENTED_EDGE('',*,*,#1541,.F.);
#1541 = EDGE_CURVE('',#1542,#1544,#1546,.T.);
#1542 = VERTEX_POINT('',#1543);
#1543 = CARTESIAN_POINT('',(272.,115.,373.8));
#1544 = VERTEX_POINT('',#1545);
#1545 = CARTESIAN_POINT('',(272.,115.,393.8));
#1546 = LINE('',#1547,#1548);
#1547 = CARTESIAN_POINT('',(272.,115.,373.8));
#1548 = VECTOR('',#1549,1.);
#1549 = DIRECTION('',(0.,0.,1.));
#1550 = ORIENTED_EDGE('',*,*,#1551,.T.);
#1551 = EDGE_CURVE('',#1542,#1552,#1554,.T.);
#1552 = VERTEX_POINT('',#1553);
#1553 = CARTESIAN_POINT('',(272.,185.,373.8));
#1554 = LINE('',#1555,#1556);
#1555 = CARTESIAN_POINT('',(272.,115.,373.8));
#1556 = VECTOR('',#1557,1.);
#1557 = DIRECTION('',(-0.,1.,0.));
#1558 = ORIENTED_EDGE('',*,*,#1559,.T.);
#1559 = EDGE_CURVE('',#1552,#1560,#1562,.T.);
#1560 = VERTEX_POINT('',#1561);
#1561 = CARTESIAN_POINT('',(272.,185.,393.8));
#1562 = LINE('',#1563,#1564);
#1563 = CARTESIAN_POINT('',(272.,185.,373.8));
#1564 = VECTOR('',#1565,1.);
#1565 = DIRECTION('',(0.,0.,1.));
#1566 = ORIENTED_EDGE('',*,*,#1567,.F.);
#1567 = EDGE_CURVE('',#1544,#1560,#1568,.T.);
#1568 = LINE('',#1569,#1570);
#1569 = CARTESIAN_POINT('',(272.,115.,393.8));
#1570 = VECTOR('',#1571,1.);
#1571 = DIRECTION('',(-0.,1.,0.));
#1572 = PLANE('',#1573);
#1573 = AXIS2_PLACEMENT_3D('',#1574,#1575,#1576);
#1574 = CARTESIAN_POINT('',(272.,115.,373.8));
#1575 = DIRECTION('',(1.,0.,-0.));
#1576 = DIRECTION('',(0.,0.,1.));
#1577 = ADVANCED_FACE('',(#1578),#1594,.F.);
#1578 = FACE_BOUND('',#1579,.F.);
#1579 = EDGE_LOOP('',(#1580,#1586,#1587,#1593));
#1580 = ORIENTED_EDGE('',*,*,#1581,.F.);
#1581 = EDGE_CURVE('',#1502,#1542,#1582,.T.);
#1582 = LINE('',#1583,#1584);
#1583 = CARTESIAN_POINT('',(182.,115.,373.8));
#1584 = VECTOR('',#1585,1.);
#1585 = DIRECTION('',(1.,0.,-0.));
#1586 = ORIENTED_EDGE('',*,*,#1501,.T.);
#1587 = ORIENTED_EDGE('',*,*,#1588,.T.);
#1588 = EDGE_CURVE('',#1504,#1544,#1589,.T.);
#1589 = LINE('',#1590,#1591);
#1590 = CARTESIAN_POINT('',(182.,115.,393.8));
#1591 = VECTOR('',#1592,1.);
#1592 = DIRECTION('',(1.,0.,-0.));
#1593 = ORIENTED_EDGE('',*,*,#1541,.F.);
#1594 = PLANE('',#1595);
#1595 = AXIS2_PLACEMENT_3D('',#1596,#1597,#1598);
#1596 = CARTESIAN_POINT('',(182.,115.,373.8));
#1597 = DIRECTION('',(-0.,1.,0.));
#1598 = DIRECTION('',(0.,0.,1.));
#1599 = ADVANCED_FACE('',(#1600),#1616,.T.);
#1600 = FACE_BOUND('',#1601,.T.);
#1601 = EDGE_LOOP('',(#1602,#1608,#1609,#1615));
#1602 = ORIENTED_EDGE('',*,*,#1603,.F.);
#1603 = EDGE_CURVE('',#1512,#1552,#1604,.T.);
#1604 = LINE('',#1605,#1606);
#1605 = CARTESIAN_POINT('',(182.,185.,373.8));
#1606 = VECTOR('',#1607,1.);
#1607 = DIRECTION('',(1.,0.,-0.));
#1608 = ORIENTED_EDGE('',*,*,#1519,.T.);
#1609 = ORIENTED_EDGE('',*,*,#1610,.T.);
#1610 = EDGE_CURVE('',#1520,#1560,#1611,.T.);
#1611 = LINE('',#1612,#1613);
#1612 = CARTESIAN_POINT('',(182.,185.,393.8));
#1613 = VECTOR('',#1614,1.);
#1614 = DIRECTION('',(1.,0.,-0.));
#1615 = ORIENTED_EDGE('',*,*,#1559,.F.);
#1616 = PLANE('',#1617);
#1617 = AXIS2_PLACEMENT_3D('',#1618,#1619,#1620);
#1618 = CARTESIAN_POINT('',(182.,185.,373.8));
#1619 = DIRECTION('',(-0.,1.,0.));
#1620 = DIRECTION('',(0.,0.,1.));
#1621 = ADVANCED_FACE('',(#1622),#1628,.F.);
#1622 = FACE_BOUND('',#1623,.F.);
#1623 = EDGE_LOOP('',(#1624,#1625,#1626,#1627));
#1624 = ORIENTED_EDGE('',*,*,#1511,.F.);
#1625 = ORIENTED_EDGE('',*,*,#1581,.T.);
#1626 = ORIENTED_EDGE('',*,*,#1551,.T.);
#1627 = ORIENTED_EDGE('',*,*,#1603,.F.);
#1628 = PLANE('',#1629);
#1629 = AXIS2_PLACEMENT_3D('',#1630,#1631,#1632);
#1630 = CARTESIAN_POINT('',(182.,115.,373.8));
#1631 = DIRECTION('',(0.,0.,1.));
#1632 = DIRECTION('',(1.,0.,-0.));
#1633 = ADVANCED_FACE('',(#1634),#1640,.T.);
#1634 = FACE_BOUND('',#1635,.T.);
#1635 = EDGE_LOOP('',(#1636,#1637,#1638,#1639));
#1636 = ORIENTED_EDGE('',*,*,#1527,.F.);
#1637 = ORIENTED_EDGE('',*,*,#1588,.T.);
#1638 = ORIENTED_EDGE('',*,*,#1567,.T.);
#1639 = ORIENTED_EDGE('',*,*,#1610,.F.);
#1640 = PLANE('',#1641);
#1641 = AXIS2_PLACEMENT_3D('',#1642,#1643,#1644);
#1642 = CARTESIAN_POINT('',(182.,115.,393.8));
#1643 = DIRECTION('',(0.,0.,1.));
#1644 = DIRECTION('',(1.,0.,-0.));
#1645 = MANIFOLD_SOLID_BREP('',#1646);
#1646 = CLOSED_SHELL('',(#1647,#1687,#1727,#1749,#1771,#1783));
#1647 = ADVANCED_FACE('',(#1648),#1682,.F.);
#1648 = FACE_BOUND('',#1649,.F.);
#1649 = EDGE_LOOP('',(#1650,#1660,#1668,#1676));
#1650 = ORIENTED_EDGE('',*,*,#1651,.F.);
#1651 = EDGE_CURVE('',#1652,#1654,#1656,.T.);
#1652 = VERTEX_POINT('',#1653);
#1653 = CARTESIAN_POINT('',(-282.,272.,210.48));
#1654 = VERTEX_POINT('',#1655);
#1655 = CARTESIAN_POINT('',(-282.,272.,348.8));
#1656 = LINE('',#1657,#1658);
#1657 = CARTESIAN_POINT('',(-282.,272.,210.48));
#1658 = VECTOR('',#1659,1.);
#1659 = DIRECTION('',(0.,0.,1.));
#1660 = ORIENTED_EDGE('',*,*,#1661,.T.);
#1661 = EDGE_CURVE('',#1652,#1662,#1664,.T.);
#1662 = VERTEX_POINT('',#1663);
#1663 = CARTESIAN_POINT('',(-282.,282.,210.48));
#1664 = LINE('',#1665,#1666);
#1665 = CARTESIAN_POINT('',(-282.,272.,210.48));
#1666 = VECTOR('',#1667,1.);
#1667 = DIRECTION('',(-0.,1.,0.));
#1668 = ORIENTED_EDGE('',*,*,#1669,.T.);
#1669 = EDGE_CURVE('',#1662,#1670,#1672,.T.);
#1670 = VERTEX_POINT('',#1671);
#1671 = CARTESIAN_POINT('',(-282.,282.,348.8));
#1672 = LINE('',#1673,#1674);
#1673 = CARTESIAN_POINT('',(-282.,282.,210.48));
#1674 = VECTOR('',#1675,1.);
#1675 = DIRECTION('',(0.,0.,1.));
#1676 = ORIENTED_EDGE('',*,*,#1677,.F.);
#1677 = EDGE_CURVE('',#1654,#1670,#1678,.T.);
#1678 = LINE('',#1679,#1680);
#1679 = CARTESIAN_POINT('',(-282.,272.,348.8));
#1680 = VECTOR('',#1681,1.);
#1681 = DIRECTION('',(-0.,1.,0.));
#1682 = PLANE('',#1683);
#1683 = AXIS2_PLACEMENT_3D('',#1684,#1685,#1686);
#1684 = CARTESIAN_POINT('',(-282.,272.,210.48));
#1685 = DIRECTION('',(1.,0.,-0.));
#1686 = DIRECTION('',(0.,0.,1.));
#1687 = ADVANCED_FACE('',(#1688),#1722,.T.);
#1688 = FACE_BOUND('',#1689,.T.);
#1689 = EDGE_LOOP('',(#1690,#1700,#1708,#1716));
#1690 = ORIENTED_EDGE('',*,*,#1691,.F.);
#1691 = EDGE_CURVE('',#1692,#1694,#1696,.T.);
#1692 = VERTEX_POINT('',#1693);
#1693 = CARTESIAN_POINT('',(282.,272.,210.48));
#1694 = VERTEX_POINT('',#1695);
#1695 = CARTESIAN_POINT('',(282.,272.,348.8));
#1696 = LINE('',#1697,#1698);
#1697 = CARTESIAN_POINT('',(282.,272.,210.48));
#1698 = VECTOR('',#1699,1.);
#1699 = DIRECTION('',(0.,0.,1.));
#1700 = ORIENTED_EDGE('',*,*,#1701,.T.);
#1701 = EDGE_CURVE('',#1692,#1702,#1704,.T.);
#1702 = VERTEX_POINT('',#1703);
#1703 = CARTESIAN_POINT('',(282.,282.,210.48));
#1704 = LINE('',#1705,#1706);
#1705 = CARTESIAN_POINT('',(282.,272.,210.48));
#1706 = VECTOR('',#1707,1.);
#1707 = DIRECTION('',(-0.,1.,0.));
#1708 = ORIENTED_EDGE('',*,*,#1709,.T.);
#1709 = EDGE_CURVE('',#1702,#1710,#1712,.T.);
#1710 = VERTEX_POINT('',#1711);
#1711 = CARTESIAN_POINT('',(282.,282.,348.8));
#1712 = LINE('',#1713,#1714);
#1713 = CARTESIAN_POINT('',(282.,282.,210.48));
#1714 = VECTOR('',#1715,1.);
#1715 = DIRECTION('',(0.,0.,1.));
#1716 = ORIENTED_EDGE('',*,*,#1717,.F.);
#1717 = EDGE_CURVE('',#1694,#1710,#1718,.T.);
#1718 = LINE('',#1719,#1720);
#1719 = CARTESIAN_POINT('',(282.,272.,348.8));
#1720 = VECTOR('',#1721,1.);
#1721 = DIRECTION('',(-0.,1.,0.));
#1722 = PLANE('',#1723);
#1723 = AXIS2_PLACEMENT_3D('',#1724,#1725,#1726);
#1724 = CARTESIAN_POINT('',(282.,272.,210.48));
#1725 = DIRECTION('',(1.,0.,-0.));
#1726 = DIRECTION('',(0.,0.,1.));
#1727 = ADVANCED_FACE('',(#1728),#1744,.F.);
#1728 = FACE_BOUND('',#1729,.F.);
#1729 = EDGE_LOOP('',(#1730,#1736,#1737,#1743));
#1730 = ORIENTED_EDGE('',*,*,#1731,.F.);
#1731 = EDGE_CURVE('',#1652,#1692,#1732,.T.);
#1732 = LINE('',#1733,#1734);
#1733 = CARTESIAN_POINT('',(-282.,272.,210.48));
#1734 = VECTOR('',#1735,1.);
#1735 = DIRECTION('',(1.,0.,-0.));
#1736 = ORIENTED_EDGE('',*,*,#1651,.T.);
#1737 = ORIENTED_EDGE('',*,*,#1738,.T.);
#1738 = EDGE_CURVE('',#1654,#1694,#1739,.T.);
#1739 = LINE('',#1740,#1741);
#1740 = CARTESIAN_POINT('',(-282.,272.,348.8));
#1741 = VECTOR('',#1742,1.);
#1742 = DIRECTION('',(1.,0.,-0.));
#1743 = ORIENTED_EDGE('',*,*,#1691,.F.);
#1744 = PLANE('',#1745);
#1745 = AXIS2_PLACEMENT_3D('',#1746,#1747,#1748);
#1746 = CARTESIAN_POINT('',(-282.,272.,210.48));
#1747 = DIRECTION('',(-0.,1.,0.));
#1748 = DIRECTION('',(0.,0.,1.));
#1749 = ADVANCED_FACE('',(#1750),#1766,.T.);
#1750 = FACE_BOUND('',#1751,.T.);
#1751 = EDGE_LOOP('',(#1752,#1758,#1759,#1765));
#1752 = ORIENTED_EDGE('',*,*,#1753,.F.);
#1753 = EDGE_CURVE('',#1662,#1702,#1754,.T.);
#1754 = LINE('',#1755,#1756);
#1755 = CARTESIAN_POINT('',(-282.,282.,210.48));
#1756 = VECTOR('',#1757,1.);
#1757 = DIRECTION('',(1.,0.,-0.));
#1758 = ORIENTED_EDGE('',*,*,#1669,.T.);
#1759 = ORIENTED_EDGE('',*,*,#1760,.T.);
#1760 = EDGE_CURVE('',#1670,#1710,#1761,.T.);
#1761 = LINE('',#1762,#1763);
#1762 = CARTESIAN_POINT('',(-282.,282.,348.8));
#1763 = VECTOR('',#1764,1.);
#1764 = DIRECTION('',(1.,0.,-0.));
#1765 = ORIENTED_EDGE('',*,*,#1709,.F.);
#1766 = PLANE('',#1767);
#1767 = AXIS2_PLACEMENT_3D('',#1768,#1769,#1770);
#1768 = CARTESIAN_POINT('',(-282.,282.,210.48));
#1769 = DIRECTION('',(-0.,1.,0.));
#1770 = DIRECTION('',(0.,0.,1.));
#1771 = ADVANCED_FACE('',(#1772),#1778,.F.);
#1772 = FACE_BOUND('',#1773,.F.);
#1773 = EDGE_LOOP('',(#1774,#1775,#1776,#1777));
#1774 = ORIENTED_EDGE('',*,*,#1661,.F.);
#1775 = ORIENTED_EDGE('',*,*,#1731,.T.);
#1776 = ORIENTED_EDGE('',*,*,#1701,.T.);
#1777 = ORIENTED_EDGE('',*,*,#1753,.F.);
#1778 = PLANE('',#1779);
#1779 = AXIS2_PLACEMENT_3D('',#1780,#1781,#1782);
#1780 = CARTESIAN_POINT('',(-282.,272.,210.48));
#1781 = DIRECTION('',(0.,0.,1.));
#1782 = DIRECTION('',(1.,0.,-0.));
#1783 = ADVANCED_FACE('',(#1784),#1790,.T.);
#1784 = FACE_BOUND('',#1785,.T.);
#1785 = EDGE_LOOP('',(#1786,#1787,#1788,#1789));
#1786 = ORIENTED_EDGE('',*,*,#1677,.F.);
#1787 = ORIENTED_EDGE('',*,*,#1738,.T.);
#1788 = ORIENTED_EDGE('',*,*,#1717,.T.);
#1789 = ORIENTED_EDGE('',*,*,#1760,.F.);
#1790 = PLANE('',#1791);
#1791 = AXIS2_PLACEMENT_3D('',#1792,#1793,#1794);
#1792 = CARTESIAN_POINT('',(-282.,272.,348.8));
#1793 = DIRECTION('',(0.,0.,1.));
#1794 = DIRECTION('',(1.,0.,-0.));
#1795 = MANIFOLD_SOLID_BREP('',#1796);
#1796 = CLOSED_SHELL('',(#1797,#1837,#1868,#1903,#1927,#1944,#1956,#1981
    ,#2023,#2181,#2330,#2442,#2451,#2654,#2663,#2680,#2689,#2721,#2737,
    #2770,#2780,#2789,#2799));
#1797 = ADVANCED_FACE('',(#1798),#1832,.F.);
#1798 = FACE_BOUND('',#1799,.F.);
#1799 = EDGE_LOOP('',(#1800,#1810,#1818,#1826));
#1800 = ORIENTED_EDGE('',*,*,#1801,.F.);
#1801 = EDGE_CURVE('',#1802,#1804,#1806,.T.);
#1802 = VERTEX_POINT('',#1803);
#1803 = CARTESIAN_POINT('',(-231.5,272.,252.14));
#1804 = VERTEX_POINT('',#1805);
#1805 = CARTESIAN_POINT('',(-231.5,227.,252.14));
#1806 = LINE('',#1807,#1808);
#1807 = CARTESIAN_POINT('',(-231.5,272.,252.14));
#1808 = VECTOR('',#1809,1.);
#1809 = DIRECTION('',(0.,-1.,1.110223024625E-16));
#1810 = ORIENTED_EDGE('',*,*,#1811,.T.);
#1811 = EDGE_CURVE('',#1802,#1812,#1814,.T.);
#1812 = VERTEX_POINT('',#1813);
#1813 = CARTESIAN_POINT('',(-231.5,272.,307.14));
#1814 = LINE('',#1815,#1816);
#1815 = CARTESIAN_POINT('',(-231.5,272.,252.14));
#1816 = VECTOR('',#1817,1.);
#1817 = DIRECTION('',(0.,1.110223024625E-16,1.));
#1818 = ORIENTED_EDGE('',*,*,#1819,.T.);
#1819 = EDGE_CURVE('',#1812,#1820,#1822,.T.);
#1820 = VERTEX_POINT('',#1821);
#1821 = CARTESIAN_POINT('',(-231.5,227.,307.14));
#1822 = LINE('',#1823,#1824);
#1823 = CARTESIAN_POINT('',(-231.5,272.,307.14));
#1824 = VECTOR('',#1825,1.);
#1825 = DIRECTION('',(0.,-1.,1.110223024625E-16));
#1826 = ORIENTED_EDGE('',*,*,#1827,.F.);
#1827 = EDGE_CURVE('',#1804,#1820,#1828,.T.);
#1828 = LINE('',#1829,#1830);
#1829 = CARTESIAN_POINT('',(-231.5,227.,252.14));
#1830 = VECTOR('',#1831,1.);
#1831 = DIRECTION('',(0.,1.110223024625E-16,1.));
#1832 = PLANE('',#1833);
#1833 = AXIS2_PLACEMENT_3D('',#1834,#1835,#1836);
#1834 = CARTESIAN_POINT('',(-231.5,272.,252.14));
#1835 = DIRECTION('',(1.,0.,0.));
#1836 = DIRECTION('',(0.,-1.,1.110223024625E-16));
#1837 = ADVANCED_FACE('',(#1838),#1863,.F.);
#1838 = FACE_BOUND('',#1839,.F.);
#1839 = EDGE_LOOP('',(#1840,#1848,#1849,#1857));
#1840 = ORIENTED_EDGE('',*,*,#1841,.F.);
#1841 = EDGE_CURVE('',#1802,#1842,#1844,.T.);
#1842 = VERTEX_POINT('',#1843);
#1843 = CARTESIAN_POINT('',(-171.5,272.,252.14));
#1844 = LINE('',#1845,#1846);
#1845 = CARTESIAN_POINT('',(-231.5,272.,252.14));
#1846 = VECTOR('',#1847,1.);
#1847 = DIRECTION('',(1.,0.,0.));
#1848 = ORIENTED_EDGE('',*,*,#1801,.T.);
#1849 = ORIENTED_EDGE('',*,*,#1850,.T.);
#1850 = EDGE_CURVE('',#1804,#1851,#1853,.T.);
#1851 = VERTEX_POINT('',#1852);
#1852 = CARTESIAN_POINT('',(-171.5,227.,252.14));
#1853 = LINE('',#1854,#1855);
#1854 = CARTESIAN_POINT('',(-231.5,227.,252.14));
#1855 = VECTOR('',#1856,1.);
#1856 = DIRECTION('',(1.,0.,0.));
#1857 = ORIENTED_EDGE('',*,*,#1858,.F.);
#1858 = EDGE_CURVE('',#1842,#1851,#1859,.T.);
#1859 = LINE('',#1860,#1861);
#1860 = CARTESIAN_POINT('',(-171.5,272.,252.14));
#1861 = VECTOR('',#1862,1.);
#1862 = DIRECTION('',(0.,-1.,1.110223024625E-16));
#1863 = PLANE('',#1864);
#1864 = AXIS2_PLACEMENT_3D('',#1865,#1866,#1867);
#1865 = CARTESIAN_POINT('',(-231.5,272.,252.14));
#1866 = DIRECTION('',(0.,1.110223024625E-16,1.));
#1867 = DIRECTION('',(0.,-1.,1.110223024625E-16));
#1868 = ADVANCED_FACE('',(#1869,#1887),#1898,.T.);
#1869 = FACE_BOUND('',#1870,.T.);
#1870 = EDGE_LOOP('',(#1871,#1872,#1873,#1881));
#1871 = ORIENTED_EDGE('',*,*,#1827,.F.);
#1872 = ORIENTED_EDGE('',*,*,#1850,.T.);
#1873 = ORIENTED_EDGE('',*,*,#1874,.T.);
#1874 = EDGE_CURVE('',#1851,#1875,#1877,.T.);
#1875 = VERTEX_POINT('',#1876);
#1876 = CARTESIAN_POINT('',(-171.5,227.,307.14));
#1877 = LINE('',#1878,#1879);
#1878 = CARTESIAN_POINT('',(-171.5,227.,252.14));
#1879 = VECTOR('',#1880,1.);
#1880 = DIRECTION('',(0.,1.110223024625E-16,1.));
#1881 = ORIENTED_EDGE('',*,*,#1882,.F.);
#1882 = EDGE_CURVE('',#1820,#1875,#1883,.T.);
#1883 = LINE('',#1884,#1885);
#1884 = CARTESIAN_POINT('',(-231.5,227.,307.14));
#1885 = VECTOR('',#1886,1.);
#1886 = DIRECTION('',(1.,0.,0.));
#1887 = FACE_BOUND('',#1888,.T.);
#1888 = EDGE_LOOP('',(#1889));
#1889 = ORIENTED_EDGE('',*,*,#1890,.F.);
#1890 = EDGE_CURVE('',#1891,#1891,#1893,.T.);
#1891 = VERTEX_POINT('',#1892);
#1892 = CARTESIAN_POINT('',(-179.,227.,279.64));
#1893 = CIRCLE('',#1894,22.5);
#1894 = AXIS2_PLACEMENT_3D('',#1895,#1896,#1897);
#1895 = CARTESIAN_POINT('',(-201.5,227.,279.64));
#1896 = DIRECTION('',(0.,-1.,1.110223024625E-16));
#1897 = DIRECTION('',(1.,0.,0.));
#1898 = PLANE('',#1899);
#1899 = AXIS2_PLACEMENT_3D('',#1900,#1901,#1902);
#1900 = CARTESIAN_POINT('',(-231.5,227.,252.14));
#1901 = DIRECTION('',(0.,-1.,1.110223024625E-16));
#1902 = DIRECTION('',(1.,0.,0.));
#1903 = ADVANCED_FACE('',(#1904),#1922,.T.);
#1904 = FACE_BOUND('',#1905,.T.);
#1905 = EDGE_LOOP('',(#1906,#1914,#1915,#1916));
#1906 = ORIENTED_EDGE('',*,*,#1907,.F.);
#1907 = EDGE_CURVE('',#1812,#1908,#1910,.T.);
#1908 = VERTEX_POINT('',#1909);
#1909 = CARTESIAN_POINT('',(-171.5,272.,307.14));
#1910 = LINE('',#1911,#1912);
#1911 = CARTESIAN_POINT('',(-231.5,272.,307.14));
#1912 = VECTOR('',#1913,1.);
#1913 = DIRECTION('',(1.,0.,0.));
#1914 = ORIENTED_EDGE('',*,*,#1819,.T.);
#1915 = ORIENTED_EDGE('',*,*,#1882,.T.);
#1916 = ORIENTED_EDGE('',*,*,#1917,.F.);
#1917 = EDGE_CURVE('',#1908,#1875,#1918,.T.);
#1918 = LINE('',#1919,#1920);
#1919 = CARTESIAN_POINT('',(-171.5,272.,307.14));
#1920 = VECTOR('',#1921,1.);
#1921 = DIRECTION('',(0.,-1.,1.110223024625E-16));
#1922 = PLANE('',#1923);
#1923 = AXIS2_PLACEMENT_3D('',#1924,#1925,#1926);
#1924 = CARTESIAN_POINT('',(-231.5,272.,307.14));
#1925 = DIRECTION('',(0.,1.110223024625E-16,1.));
#1926 = DIRECTION('',(0.,-1.,1.110223024625E-16));
#1927 = ADVANCED_FACE('',(#1928),#1939,.F.);
#1928 = FACE_BOUND('',#1929,.F.);
#1929 = EDGE_LOOP('',(#1930,#1931,#1932,#1938));
#1930 = ORIENTED_EDGE('',*,*,#1811,.F.);
#1931 = ORIENTED_EDGE('',*,*,#1841,.T.);
#1932 = ORIENTED_EDGE('',*,*,#1933,.T.);
#1933 = EDGE_CURVE('',#1842,#1908,#1934,.T.);
#1934 = LINE('',#1935,#1936);
#1935 = CARTESIAN_POINT('',(-171.5,272.,252.14));
#1936 = VECTOR('',#1937,1.);
#1937 = DIRECTION('',(0.,1.110223024625E-16,1.));
#1938 = ORIENTED_EDGE('',*,*,#1907,.F.);
#1939 = PLANE('',#1940);
#1940 = AXIS2_PLACEMENT_3D('',#1941,#1942,#1943);
#1941 = CARTESIAN_POINT('',(-231.5,272.,252.14));
#1942 = DIRECTION('',(0.,-1.,1.110223024625E-16));
#1943 = DIRECTION('',(1.,0.,0.));
#1944 = ADVANCED_FACE('',(#1945),#1951,.T.);
#1945 = FACE_BOUND('',#1946,.T.);
#1946 = EDGE_LOOP('',(#1947,#1948,#1949,#1950));
#1947 = ORIENTED_EDGE('',*,*,#1858,.F.);
#1948 = ORIENTED_EDGE('',*,*,#1933,.T.);
#1949 = ORIENTED_EDGE('',*,*,#1917,.T.);
#1950 = ORIENTED_EDGE('',*,*,#1874,.F.);
#1951 = PLANE('',#1952);
#1952 = AXIS2_PLACEMENT_3D('',#1953,#1954,#1955);
#1953 = CARTESIAN_POINT('',(-171.5,272.,252.14));
#1954 = DIRECTION('',(1.,0.,0.));
#1955 = DIRECTION('',(0.,-1.,1.110223024625E-16));
#1956 = ADVANCED_FACE('',(#1957),#1976,.T.);
#1957 = FACE_BOUND('',#1958,.T.);
#1958 = EDGE_LOOP('',(#1959,#1968,#1974,#1975));
#1959 = ORIENTED_EDGE('',*,*,#1960,.F.);
#1960 = EDGE_CURVE('',#1961,#1961,#1963,.T.);
#1961 = VERTEX_POINT('',#1962);
#1962 = CARTESIAN_POINT('',(-179.,219.,279.64));
#1963 = CIRCLE('',#1964,22.5);
#1964 = AXIS2_PLACEMENT_3D('',#1965,#1966,#1967);
#1965 = CARTESIAN_POINT('',(-201.5,219.,279.64));
#1966 = DIRECTION('',(0.,-1.,1.110223024625E-16));
#1967 = DIRECTION('',(1.,0.,0.));
#1968 = ORIENTED_EDGE('',*,*,#1969,.F.);
#1969 = EDGE_CURVE('',#1891,#1961,#1970,.T.);
#1970 = LINE('',#1971,#1972);
#1971 = CARTESIAN_POINT('',(-179.,227.,279.64));
#1972 = VECTOR('',#1973,1.);
#1973 = DIRECTION('',(0.,-1.,1.110223024625E-16));
#1974 = ORIENTED_EDGE('',*,*,#1890,.T.);
#1975 = ORIENTED_EDGE('',*,*,#1969,.T.);
#1976 = CYLINDRICAL_SURFACE('',#1977,22.5);
#1977 = AXIS2_PLACEMENT_3D('',#1978,#1979,#1980);
#1978 = CARTESIAN_POINT('',(-201.5,227.,279.64));
#1979 = DIRECTION('',(0.,-1.,1.110223024625E-16));
#1980 = DIRECTION('',(1.,0.,0.));
#1981 = ADVANCED_FACE('',(#1982,#1985,#1996,#2007),#2018,.T.);
#1982 = FACE_BOUND('',#1983,.T.);
#1983 = EDGE_LOOP('',(#1984));
#1984 = ORIENTED_EDGE('',*,*,#1960,.T.);
#1985 = FACE_BOUND('',#1986,.T.);
#1986 = EDGE_LOOP('',(#1987));
#1987 = ORIENTED_EDGE('',*,*,#1988,.F.);
#1988 = EDGE_CURVE('',#1989,#1989,#1991,.T.);
#1989 = VERTEX_POINT('',#1990);
#1990 = CARTESIAN_POINT('',(-205.25,219.,266.21660624134));
#1991 = CIRCLE('',#1992,4.);
#1992 = AXIS2_PLACEMENT_3D('',#1993,#1994,#1995);
#1993 = CARTESIAN_POINT('',(-209.25,219.,266.21660624134));
#1994 = DIRECTION('',(0.,-1.,1.110223024625E-16));
#1995 = DIRECTION('',(1.,0.,0.));
#1996 = FACE_BOUND('',#1997,.T.);
#1997 = EDGE_LOOP('',(#1998));
#1998 = ORIENTED_EDGE('',*,*,#1999,.F.);
#1999 = EDGE_CURVE('',#2000,#2000,#2002,.T.);
#2000 = VERTEX_POINT('',#2001);
#2001 = CARTESIAN_POINT('',(-205.25,219.,293.06339375865));
#2002 = CIRCLE('',#2003,4.);
#2003 = AXIS2_PLACEMENT_3D('',#2004,#2005,#2006);
#2004 = CARTESIAN_POINT('',(-209.25,219.,293.06339375865));
#2005 = DIRECTION('',(0.,-1.,1.110223024625E-16));
#2006 = DIRECTION('',(1.,0.,0.));
#2007 = FACE_BOUND('',#2008,.T.);
#2008 = EDGE_LOOP('',(#2009));
#2009 = ORIENTED_EDGE('',*,*,#2010,.F.);
#2010 = EDGE_CURVE('',#2011,#2011,#2013,.T.);
#2011 = VERTEX_POINT('',#2012);
#2012 = CARTESIAN_POINT('',(-182.,219.,279.64));
#2013 = CIRCLE('',#2014,4.);
#2014 = AXIS2_PLACEMENT_3D('',#2015,#2016,#2017);
#2015 = CARTESIAN_POINT('',(-186.,219.,279.64));
#2016 = DIRECTION('',(0.,-1.,1.110223024625E-16));
#2017 = DIRECTION('',(1.,0.,0.));
#2018 = PLANE('',#2019);
#2019 = AXIS2_PLACEMENT_3D('',#2020,#2021,#2022);
#2020 = CARTESIAN_POINT('',(-201.5,219.,279.64));
#2021 = DIRECTION('',(0.,-1.,1.110223024625E-16));
#2022 = DIRECTION('',(1.,0.,0.));
#2023 = ADVANCED_FACE('',(#2024,#2043),#2176,.T.);
#2024 = FACE_BOUND('',#2025,.T.);
#2025 = EDGE_LOOP('',(#2026,#2034,#2041,#2042));
#2026 = ORIENTED_EDGE('',*,*,#2027,.T.);
#2027 = EDGE_CURVE('',#1989,#2028,#2030,.T.);
#2028 = VERTEX_POINT('',#2029);
#2029 = CARTESIAN_POINT('',(-205.25,201.,266.21660624134));
#2030 = LINE('',#2031,#2032);
#2031 = CARTESIAN_POINT('',(-205.25,219.,266.21660624134));
#2032 = VECTOR('',#2033,1.);
#2033 = DIRECTION('',(0.,-1.,1.110223024625E-16));
#2034 = ORIENTED_EDGE('',*,*,#2035,.F.);
#2035 = EDGE_CURVE('',#2028,#2028,#2036,.T.);
#2036 = CIRCLE('',#2037,4.);
#2037 = AXIS2_PLACEMENT_3D('',#2038,#2039,#2040);
#2038 = CARTESIAN_POINT('',(-209.25,201.,266.21660624134));
#2039 = DIRECTION('',(0.,-1.,1.110223024625E-16));
#2040 = DIRECTION('',(1.,0.,0.));
#2041 = ORIENTED_EDGE('',*,*,#2027,.F.);
#2042 = ORIENTED_EDGE('',*,*,#1988,.T.);
#2043 = FACE_BOUND('',#2044,.T.);
#2044 = EDGE_LOOP('',(#2045,#2108));
#2045 = ORIENTED_EDGE('',*,*,#2046,.F.);
#2046 = EDGE_CURVE('',#2047,#2049,#2051,.T.);
#2047 = VERTEX_POINT('',#2048);
#2048 = CARTESIAN_POINT('',(-212.7933245736,210.,264.36057527015));
#2049 = VERTEX_POINT('',#2050);
#2050 = CARTESIAN_POINT('',(-209.0857076844,210.,262.21998166114));
#2051 = B_SPLINE_CURVE_WITH_KNOTS('',7,(#2052,#2053,#2054,#2055,#2056,
    #2057,#2058,#2059,#2060,#2061,#2062,#2063,#2064,#2065,#2066,#2067,
    #2068,#2069,#2070,#2071,#2072,#2073,#2074,#2075,#2076,#2077,#2078,
    #2079,#2080,#2081,#2082,#2083,#2084,#2085,#2086,#2087,#2088,#2089,
    #2090,#2091,#2092,#2093,#2094,#2095,#2096,#2097,#2098,#2099,#2100,
    #2101,#2102,#2103,#2104,#2105,#2106,#2107),.UNSPECIFIED.,.F.,.F.,(8,
    6,6,6,6,6,6,6,6,8),(0.,0.149512623016,0.190115099087,0.256284118746,
    0.372858626958,0.626397650074,0.743486558704,0.80971904285,
    0.850342108058,1.),.UNSPECIFIED.);
#2052 = CARTESIAN_POINT('',(-212.7933245736,210.,264.36057527015));
#2053 = CARTESIAN_POINT('',(-212.7933245736,210.08954257076,
    264.36057527015));
#2054 = CARTESIAN_POINT('',(-212.7866963475,210.17917102188,
    264.34792161052));
#2055 = CARTESIAN_POINT('',(-212.7734181848,210.26746798243,
    264.32257126789));
#2056 = CARTESIAN_POINT('',(-212.7533845156,210.35314651107,
    264.28502167976));
#2057 = CARTESIAN_POINT('',(-212.7263244145,210.43504923287,
    264.23613423981));
#2058 = CARTESIAN_POINT('',(-212.6919697079,210.51220441761,
    264.17722290709));
#2059 = CARTESIAN_POINT('',(-212.6390722794,210.60333411168,
    264.09183583953));
#2060 = CARTESIAN_POINT('',(-212.6272386388,210.62239545992,
    264.07298859264));
#2061 = CARTESIAN_POINT('',(-212.6148678491,210.6410428382,
    264.05356378132));
#2062 = CARTESIAN_POINT('',(-212.6019601649,210.65926522371,
    264.03359594175));
#2063 = CARTESIAN_POINT('',(-212.5885167948,210.6770535147,
    264.01312039766));
#2064 = CARTESIAN_POINT('',(-212.5745399016,210.69440053049,
    263.99217326034));
#2065 = CARTESIAN_POINT('',(-212.5363903546,210.73884337747,
    263.93594589752));
#2066 = CARTESIAN_POINT('',(-212.5113392479,210.76520009591,
    263.89994488808));
#2067 = CARTESIAN_POINT('',(-212.4848929579,210.79034791726,
    263.86294668674));
#2068 = CARTESIAN_POINT('',(-212.4570714358,210.81427811761,
    263.8251087502));
#2069 = CARTESIAN_POINT('',(-212.4279003217,210.83699399145,
    263.78658488361));
#2070 = CARTESIAN_POINT('',(-212.3974103588,210.85850834457,
    263.74752241888));
#2071 = CARTESIAN_POINT('',(-212.309659156,210.91466239981,
    263.63853466876));
#2072 = CARTESIAN_POINT('',(-212.2497059963,210.9468104484,
    263.56777757662));
#2073 = CARTESIAN_POINT('',(-212.185952529,210.97540772428,
    263.49652234835));
#2074 = CARTESIAN_POINT('',(-212.1186105345,211.00063427462,
    263.42542031471));
#2075 = CARTESIAN_POINT('',(-212.0479146581,211.02268974303,
    263.3550232803));
#2076 = CARTESIAN_POINT('',(-211.9741023911,211.04176659341,
    263.28578063976));
#2077 = CARTESIAN_POINT('',(-211.7305403242,211.093415462,263.0707427248
    ));
#2078 = CARTESIAN_POINT('',(-211.5503133408,211.1154362854,
    262.93089632476));
#2079 = CARTESIAN_POINT('',(-211.3584936089,211.12603908935,
    262.80167687096));
#2080 = CARTESIAN_POINT('',(-211.157368594,211.12613142427,
    262.68539620194));
#2081 = CARTESIAN_POINT('',(-210.9496530146,211.11571952691,
    262.58362616328));
#2082 = CARTESIAN_POINT('',(-210.7384826145,211.09390720914,
    262.49719758045));
#2083 = CARTESIAN_POINT('',(-210.4300280244,211.04252881735,
    262.39324275399));
#2084 = CARTESIAN_POINT('',(-210.3327099697,211.0234688456,
    262.36369954135));
#2085 = CARTESIAN_POINT('',(-210.235941483,211.001409185,262.33746194218
    ));
#2086 = CARTESIAN_POINT('',(-210.140235543,210.97615504578,
    262.31451175349));
#2087 = CARTESIAN_POINT('',(-210.0461938552,210.94750393352,
    262.29477636525));
#2088 = CARTESIAN_POINT('',(-209.95449422,210.91527286685,
    262.27811248805));
#2089 = CARTESIAN_POINT('',(-209.8157372483,210.85900940818,
    262.25649063943));
#2090 = CARTESIAN_POINT('',(-209.766593743,210.83749825708,
    262.24959262619));
#2091 = CARTESIAN_POINT('',(-209.7185759381,210.81478350079,
    262.24356990527));
#2092 = CARTESIAN_POINT('',(-209.6718271544,210.79085217415,
    262.23837540036));
#2093 = CARTESIAN_POINT('',(-209.6264938111,210.76570083839,
    262.2339543463));
#2094 = CARTESIAN_POINT('',(-209.5827226785,210.73933810213,
    262.23024518922));
#2095 = CARTESIAN_POINT('',(-209.5148582378,210.69488902276,
    262.22530078052));
#2096 = CARTESIAN_POINT('',(-209.4896999829,210.6775438036,
    262.22366363903));
#2097 = CARTESIAN_POINT('',(-209.4652169409,210.6597567206,
    262.22225330032));
#2098 = CARTESIAN_POINT('',(-209.4414415301,210.64153493464,
    262.22105356646));
#2099 = CARTESIAN_POINT('',(-209.4184050115,210.62288753169,
    262.22004780349));
#2100 = CARTESIAN_POINT('',(-209.3961374887,210.60382552285,
    262.21921894143));
#2101 = CARTESIAN_POINT('',(-209.2955726396,210.51265644531,
    262.21608311568));
#2102 = CARTESIAN_POINT('',(-209.2272499577,210.43544925891,
    262.2157800724));
#2103 = CARTESIAN_POINT('',(-209.1712754586,210.35348147082,
    262.21678839216));
#2104 = CARTESIAN_POINT('',(-209.1286571798,210.26772691052,
    262.21821564895));
#2105 = CARTESIAN_POINT('',(-209.1000080311,210.17934614087,
    262.21939389925));
#2106 = CARTESIAN_POINT('',(-209.0857076844,210.08962986438,
    262.21998166114));
#2107 = CARTESIAN_POINT('',(-209.0857076844,210.,262.21998166114));
#2108 = ORIENTED_EDGE('',*,*,#2109,.T.);
#2109 = EDGE_CURVE('',#2047,#2049,#2110,.T.);
#2110 = B_SPLINE_CURVE_WITH_KNOTS('',8,(#2111,#2112,#2113,#2114,#2115,
    #2116,#2117,#2118,#2119,#2120,#2121,#2122,#2123,#2124,#2125,#2126,
    #2127,#2128,#2129,#2130,#2131,#2132,#2133,#2134,#2135,#2136,#2137,
    #2138,#2139,#2140,#2141,#2142,#2143,#2144,#2145,#2146,#2147,#2148,
    #2149,#2150,#2151,#2152,#2153,#2154,#2155,#2156,#2157,#2158,#2159,
    #2160,#2161,#2162,#2163,#2164,#2165,#2166,#2167,#2168,#2169,#2170,
    #2171,#2172,#2173,#2174,#2175),.UNSPECIFIED.,.F.,.F.,(9,7,7,7,7,7,7,
    7,7,9),(0.,0.148975724687,0.192384285414,0.25914341404,
    0.378466299617,0.671004851435,0.742182515867,0.808670198553,
    0.851968553007,1.),.UNSPECIFIED.);
#2111 = CARTESIAN_POINT('',(-212.7933245736,210.,264.36057527015));
#2112 = CARTESIAN_POINT('',(-212.7933245736,209.92192979496,
    264.36057527015));
#2113 = CARTESIAN_POINT('',(-212.7883888159,209.84379635229,
    264.35115262632));
#2114 = CARTESIAN_POINT('',(-212.7785040242,209.76647539758,
    264.3322810312));
#2115 = CARTESIAN_POINT('',(-212.7636153775,209.69077869751,
    264.30420013047));
#2116 = CARTESIAN_POINT('',(-212.7435966422,209.61745435507,
    264.26735083501));
#2117 = CARTESIAN_POINT('',(-212.7182813368,209.5471731428,
    264.22237544907));
#2118 = CARTESIAN_POINT('',(-212.6875424368,209.48050907868,
    264.17014164412));
#2119 = CARTESIAN_POINT('',(-212.6408793164,209.39968595188,
    264.09473494323));
#2120 = CARTESIAN_POINT('',(-212.6298905798,209.38179244104,
    264.07719472514));
#2121 = CARTESIAN_POINT('',(-212.618441475,209.36425201111,
    264.05915414628));
#2122 = CARTESIAN_POINT('',(-212.6065320565,209.34707337663,
    264.04063948491));
#2123 = CARTESIAN_POINT('',(-212.5941629405,209.33026393327,
    264.02167765841));
#2124 = CARTESIAN_POINT('',(-212.5813353646,209.31382981829,
    264.00229607678));
#2125 = CARTESIAN_POINT('',(-212.5680512468,209.29777597102,
    263.98252249635));
#2126 = CARTESIAN_POINT('',(-212.5331852238,209.258007244,
    263.93141471111));
#2127 = CARTESIAN_POINT('',(-212.5109834162,209.23481638173,
    263.89958303637));
#2128 = CARTESIAN_POINT('',(-212.4877171585,209.21254731472,
    263.86699149211));
#2129 = CARTESIAN_POINT('',(-212.4633990264,209.19120632272,
    263.8337410499));
#2130 = CARTESIAN_POINT('',(-212.4380445784,209.17079324825,
    263.7999309314));
#2131 = CARTESIAN_POINT('',(-212.4116721,209.15130248767,263.76565752985
    ));
#2132 = CARTESIAN_POINT('',(-212.384302347,209.13272398239,
    263.73101333163));
#2133 = CARTESIAN_POINT('',(-212.3052971315,209.08344401531,
    263.63365768095));
#2134 = CARTESIAN_POINT('',(-212.2515309022,209.05471971915,
    263.57033399134));
#2135 = CARTESIAN_POINT('',(-212.19477844,209.02878415745,
    263.50659998349));
#2136 = CARTESIAN_POINT('',(-212.1351781517,209.0055209728,
    263.44289484743));
#2137 = CARTESIAN_POINT('',(-212.0728822565,208.98479997371,
    263.37960551428));
#2138 = CARTESIAN_POINT('',(-212.0080493743,208.96648941929,
    263.31706411245));
#2139 = CARTESIAN_POINT('',(-211.9408354584,208.95046522937,
    263.25554911432));
#2140 = CARTESIAN_POINT('',(-211.7011097858,208.9026663335,
    263.04755603899));
#2141 = CARTESIAN_POINT('',(-211.517875211,208.88189351623,
    262.90779909256));
#2142 = CARTESIAN_POINT('',(-211.3232534714,208.87241232281,
    262.77874678998));
#2143 = CARTESIAN_POINT('',(-211.1193114688,208.87342834447,
    262.66256152742));
#2144 = CARTESIAN_POINT('',(-210.9086040688,208.88484169065,
    262.56085092169));
#2145 = CARTESIAN_POINT('',(-210.6942051117,208.90749726771,
    262.47462089609));
#2146 = CARTESIAN_POINT('',(-210.4797340271,208.94288906325,
    262.40412255064));
#2147 = CARTESIAN_POINT('',(-210.218323564,209.00562507985,
    262.33522139694));
#2148 = CARTESIAN_POINT('',(-210.1674606281,209.01878364729,
    262.32264213622));
#2149 = CARTESIAN_POINT('',(-210.11696836,209.03285060955,
    262.31095952185));
#2150 = CARTESIAN_POINT('',(-210.0669303547,209.04785311547,
    262.30016227079));
#2151 = CARTESIAN_POINT('',(-210.0174364242,209.06381738572,
    262.29023509504));
#2152 = CARTESIAN_POINT('',(-209.9685819451,209.08076762589,
    262.28115823403));
#2153 = CARTESIAN_POINT('',(-209.9204672064,209.09872493952,
    262.27290698702));
#2154 = CARTESIAN_POINT('',(-209.8290410144,209.13543684195,
    262.25848677155));
#2155 = CARTESIAN_POINT('',(-209.7856219119,209.15406092737,
    262.25221640107));
#2156 = CARTESIAN_POINT('',(-209.743026073,209.17359152318,
    262.24661618101));
#2157 = CARTESIAN_POINT('',(-209.7013431942,209.19403817216,
    262.24165780321));
#2158 = CARTESIAN_POINT('',(-209.6606649977,209.21540596489,
    262.23730893145));
#2159 = CARTESIAN_POINT('',(-209.6210841843,209.23769457047,
    262.23353352851));
#2160 = CARTESIAN_POINT('',(-209.5826933866,209.26089726731,
    262.23029218332));
#2161 = CARTESIAN_POINT('',(-209.5214176884,209.30069622763,
    262.22575173867));
#2162 = CARTESIAN_POINT('',(-209.4977945116,209.31677430852,
    262.22416952972));
#2163 = CARTESIAN_POINT('',(-209.4747399187,209.33323029864,
    262.22278415596));
#2164 = CARTESIAN_POINT('',(-209.4522786797,209.35005915008,
    262.22158343495));
#2165 = CARTESIAN_POINT('',(-209.4304349125,209.36725462666,
    262.22055478124));
#2166 = CARTESIAN_POINT('',(-209.4092319884,209.38480924552,
    262.21968533075));
#2167 = CARTESIAN_POINT('',(-209.3886924376,209.4027142188,
    262.21896206502));
#2168 = CARTESIAN_POINT('',(-209.3009576168,209.4833372825,
    262.21635435944));
#2169 = CARTESIAN_POINT('',(-209.241044115,209.54972818051,
    262.2158918546));
#2170 = CARTESIAN_POINT('',(-209.1900403137,209.61967578468,
    262.21646805663));
#2171 = CARTESIAN_POINT('',(-209.1486170933,209.69261343501,
    262.21755074239));
#2172 = CARTESIAN_POINT('',(-209.1172359277,209.7678807704,
    262.21868537234));
#2173 = CARTESIAN_POINT('',(-209.0962076654,209.84474254943,
    262.21955009624));
#2174 = CARTESIAN_POINT('',(-209.0857076844,209.92240186756,
    262.21998166114));
#2175 = CARTESIAN_POINT('',(-209.0857076844,210.,262.21998166114));
#2176 = CYLINDRICAL_SURFACE('',#2177,4.);
#2177 = AXIS2_PLACEMENT_3D('',#2178,#2179,#2180);
#2178 = CARTESIAN_POINT('',(-209.25,219.,266.21660624134));
#2179 = DIRECTION('',(0.,-1.,1.110223024625E-16));
#2180 = DIRECTION('',(1.,0.,0.));
#2181 = ADVANCED_FACE('',(#2182,#2201),#2325,.T.);
#2182 = FACE_BOUND('',#2183,.T.);
#2183 = EDGE_LOOP('',(#2184,#2192,#2199,#2200));
#2184 = ORIENTED_EDGE('',*,*,#2185,.T.);
#2185 = EDGE_CURVE('',#2000,#2186,#2188,.T.);
#2186 = VERTEX_POINT('',#2187);
#2187 = CARTESIAN_POINT('',(-205.25,201.,293.06339375865));
#2188 = LINE('',#2189,#2190);
#2189 = CARTESIAN_POINT('',(-205.25,219.,293.06339375865));
#2190 = VECTOR('',#2191,1.);
#2191 = DIRECTION('',(0.,-1.,1.110223024625E-16));
#2192 = ORIENTED_EDGE('',*,*,#2193,.F.);
#2193 = EDGE_CURVE('',#2186,#2186,#2194,.T.);
#2194 = CIRCLE('',#2195,4.);
#2195 = AXIS2_PLACEMENT_3D('',#2196,#2197,#2198);
#2196 = CARTESIAN_POINT('',(-209.25,201.,293.06339375865));
#2197 = DIRECTION('',(0.,-1.,1.110223024625E-16));
#2198 = DIRECTION('',(1.,0.,0.));
#2199 = ORIENTED_EDGE('',*,*,#2185,.F.);
#2200 = ORIENTED_EDGE('',*,*,#1999,.T.);
#2201 = FACE_BOUND('',#2202,.T.);
#2202 = EDGE_LOOP('',(#2203,#2266));
#2203 = ORIENTED_EDGE('',*,*,#2204,.F.);
#2204 = EDGE_CURVE('',#2205,#2207,#2209,.T.);
#2205 = VERTEX_POINT('',#2206);
#2206 = CARTESIAN_POINT('',(-209.0857076844,210.,297.06001833886));
#2207 = VERTEX_POINT('',#2208);
#2208 = CARTESIAN_POINT('',(-212.7933245736,210.,294.91942472983));
#2209 = B_SPLINE_CURVE_WITH_KNOTS('',7,(#2210,#2211,#2212,#2213,#2214,
    #2215,#2216,#2217,#2218,#2219,#2220,#2221,#2222,#2223,#2224,#2225,
    #2226,#2227,#2228,#2229,#2230,#2231,#2232,#2233,#2234,#2235,#2236,
    #2237,#2238,#2239,#2240,#2241,#2242,#2243,#2244,#2245,#2246,#2247,
    #2248,#2249,#2250,#2251,#2252,#2253,#2254,#2255,#2256,#2257,#2258,
    #2259,#2260,#2261,#2262,#2263,#2264,#2265),.UNSPECIFIED.,.F.,.F.,(8,
    6,6,6,6,6,6,6,6,8),(0.,0.149512624067,0.190115100246,0.256284120194,
    0.372858629747,0.626397654964,0.743486561226,0.809719044874,
    0.850342109898,1.),.UNSPECIFIED.);
#2210 = CARTESIAN_POINT('',(-209.0857076844,210.,297.06001833886));
#2211 = CARTESIAN_POINT('',(-209.0857076844,210.08954257137,
    297.06001833886));
#2212 = CARTESIAN_POINT('',(-209.0999801884,210.17917102319,
    297.06060495645));
#2213 = CARTESIAN_POINT('',(-209.1285733106,210.26746798426,
    297.06178090172));
#2214 = CARTESIAN_POINT('',(-209.1711090433,210.35314651354,
    297.06320602923));
#2215 = CARTESIAN_POINT('',(-209.2269768594,210.43504923574,
    297.0642150143));
#2216 = CARTESIAN_POINT('',(-209.2951729244,210.51220442089,
    297.06391863192));
#2217 = CARTESIAN_POINT('',(-209.3955690095,210.60333411522,
    297.06080164868));
#2218 = CARTESIAN_POINT('',(-209.4178080246,210.62239546345,
    297.05997703873));
#2219 = CARTESIAN_POINT('',(-209.4408157997,210.64104284171,
    297.0589760262));
#2220 = CARTESIAN_POINT('',(-209.4645622983,210.65926522719,
    297.0577815635));
#2221 = CARTESIAN_POINT('',(-209.4890163249,210.67705351816,
    297.0563770355));
#2222 = CARTESIAN_POINT('',(-209.5141455247,210.69440053392,
    297.05474625953));
#2223 = CARTESIAN_POINT('',(-209.5819146233,210.73884338086,
    297.04982146397));
#2224 = CARTESIAN_POINT('',(-209.6256179658,210.76520009928,
    297.04612707385));
#2225 = CARTESIAN_POINT('',(-209.6708824934,210.79034792061,
    297.04172301543));
#2226 = CARTESIAN_POINT('',(-209.7175618691,210.81427812091,
    297.03654783862));
#2227 = CARTESIAN_POINT('',(-209.7655100736,210.8369939947,
    297.03054684595));
#2228 = CARTESIAN_POINT('',(-209.8145841422,210.85850834776,
    297.0236729957));
#2229 = CARTESIAN_POINT('',(-209.9528459055,210.91466240307,
    297.00217209945));
#2230 = CARTESIAN_POINT('',(-210.0440999259,210.94681045172,
    296.98562968574));
#2231 = CARTESIAN_POINT('',(-210.1376854986,210.9754077276,
    296.96604517711));
#2232 = CARTESIAN_POINT('',(-210.2329326645,211.00063427786,
    296.94327631531));
#2233 = CARTESIAN_POINT('',(-210.3292462241,211.02268974615,
    296.91725040691));
#2234 = CARTESIAN_POINT('',(-210.4261182445,211.04176659636,
    296.88794842809));
#2235 = CARTESIAN_POINT('',(-210.734127578,211.09341546414,
    296.78453644576));
#2236 = CARTESIAN_POINT('',(-210.9453516063,211.11543628683,
    296.69837849788));
#2237 = CARTESIAN_POINT('',(-211.1531688032,211.12603908996,
    296.59686746191));
#2238 = CARTESIAN_POINT('',(-211.354433325,211.12613142394,
    296.48082842201));
#2239 = CARTESIAN_POINT('',(-211.5464265541,211.11571952542,
    296.35182647048));
#2240 = CARTESIAN_POINT('',(-211.7268611028,211.09390720622,
    296.21216182856));
#2241 = CARTESIAN_POINT('',(-211.9711159159,211.04252881223,
    295.99700972981));
#2242 = CARTESIAN_POINT('',(-212.0453601137,211.02346884018,
    295.92750142962));
#2243 = CARTESIAN_POINT('',(-212.1164667823,211.00140917937,
    295.8568162627));
#2244 = CARTESIAN_POINT('',(-212.1841951967,210.97615504002,
    295.78540758307));
#2245 = CARTESIAN_POINT('',(-212.2483073862,210.94750392775,
    295.71383278809));
#2246 = CARTESIAN_POINT('',(-212.308588543,210.9152728612,
    295.64275051461));
#2247 = CARTESIAN_POINT('',(-212.3966920969,210.85900940266,
    295.53339437846));
#2248 = CARTESIAN_POINT('',(-212.4272377037,210.83749825146,
    295.49428386144));
#2249 = CARTESIAN_POINT('',(-212.456462435,210.81478349508,
    295.45571058348));
#2250 = CARTESIAN_POINT('',(-212.4843353996,210.79085216837,
    295.41782220204));
#2251 = CARTESIAN_POINT('',(-212.5108308158,210.76570083255,
    295.38077290263));
#2252 = CARTESIAN_POINT('',(-212.5359286059,210.73933809626,
    295.34472056886));
#2253 = CARTESIAN_POINT('',(-212.5741428092,210.69488901683,
    295.28842044419));
#2254 = CARTESIAN_POINT('',(-212.5881397425,210.67754379762,
    295.26745132738));
#2255 = CARTESIAN_POINT('',(-212.6016026525,210.65975671458,
    295.24695356061));
#2256 = CARTESIAN_POINT('',(-212.6145293577,210.64153492858,
    295.22696331804));
#2257 = CARTESIAN_POINT('',(-212.626918633,210.6228875256,
    295.20751598945));
#2258 = CARTESIAN_POINT('',(-212.6387702098,210.60382551673,
    295.18864618028));
#2259 = CARTESIAN_POINT('',(-212.6917683379,210.51265643965,
    295.10312238079));
#2260 = CARTESIAN_POINT('',(-212.7261921212,210.43544925387,
    295.04410472553));
#2261 = CARTESIAN_POINT('',(-212.7533061394,210.35348146666,
    294.99512522876));
#2262 = CARTESIAN_POINT('',(-212.7733792379,210.26772690723,
    294.95750308903));
#2263 = CARTESIAN_POINT('',(-212.786683417,210.17934613871,
    294.93210307409));
#2264 = CARTESIAN_POINT('',(-212.7933245736,210.08962986327,
    294.91942472983));
#2265 = CARTESIAN_POINT('',(-212.7933245736,210.,294.91942472983));
#2266 = ORIENTED_EDGE('',*,*,#2267,.T.);
#2267 = EDGE_CURVE('',#2205,#2207,#2268,.T.);
#2268 = B_SPLINE_CURVE_WITH_KNOTS('',7,(#2269,#2270,#2271,#2272,#2273,
    #2274,#2275,#2276,#2277,#2278,#2279,#2280,#2281,#2282,#2283,#2284,
    #2285,#2286,#2287,#2288,#2289,#2290,#2291,#2292,#2293,#2294,#2295,
    #2296,#2297,#2298,#2299,#2300,#2301,#2302,#2303,#2304,#2305,#2306,
    #2307,#2308,#2309,#2310,#2311,#2312,#2313,#2314,#2315,#2316,#2317,
    #2318,#2319,#2320,#2321,#2322,#2323,#2324),.UNSPECIFIED.,.F.,.F.,(8,
    6,6,6,6,6,6,6,6,8),(0.,0.149205857005,0.192640205262,0.259464862331,
    0.372399559582,0.623882045143,0.742199956438,0.808688691059,
    0.851992843042,1.),.UNSPECIFIED.);
#2269 = CARTESIAN_POINT('',(-209.0857076844,210.,297.06001833886));
#2270 = CARTESIAN_POINT('',(-209.0857076844,209.91064147276,
    297.06001833886));
#2271 = CARTESIAN_POINT('',(-209.0999215766,209.82119793401,
    297.06060254838));
#2272 = CARTESIAN_POINT('',(-209.1283968914,209.7330774324,
    297.06177364287));
#2273 = CARTESIAN_POINT('',(-209.1707590721,209.64755900743,
    297.06319429909));
#2274 = CARTESIAN_POINT('',(-209.2264025599,209.56579357206,
    297.06420462777));
#2275 = CARTESIAN_POINT('',(-209.2943319301,209.48874834498,
    297.06392219618));
#2276 = CARTESIAN_POINT('',(-209.395888891,209.39632214701,
    297.06079807176));
#2277 = CARTESIAN_POINT('',(-209.4197007615,209.37594117749,
    297.05991242462));
#2278 = CARTESIAN_POINT('',(-209.4443915106,209.35603458559,
    297.05882447287));
#2279 = CARTESIAN_POINT('',(-209.4699242076,209.33661573144,
    297.05751325791));
#2280 = CARTESIAN_POINT('',(-209.4962603217,209.31769537115,
    297.05595824493));
#2281 = CARTESIAN_POINT('',(-209.5233599824,209.29928181942,
    297.05413965531));
#2282 = CARTESIAN_POINT('',(-209.5939873691,209.25384049841,
    297.04880658747));
#2283 = CARTESIAN_POINT('',(-209.6385036325,209.22751338868,
    297.04490626066));
#2284 = CARTESIAN_POINT('',(-209.6845822445,209.20242156431,
    297.04026932857));
#2285 = CARTESIAN_POINT('',(-209.732072382,209.17857191523,
    297.03483363128));
#2286 = CARTESIAN_POINT('',(-209.7808240274,209.15595909799,
    297.02854417833));
#2287 = CARTESIAN_POINT('',(-209.8306908112,209.13456819365,
    297.02135398796));
#2288 = CARTESIAN_POINT('',(-209.9674566879,209.08025455616,
    296.9994866876));
#2289 = CARTESIAN_POINT('',(-210.0561545292,209.04956386264,
    296.98306852236));
#2290 = CARTESIAN_POINT('',(-210.1469742219,209.02218788476,
    296.96378180855));
#2291 = CARTESIAN_POINT('',(-210.2393124981,208.9979615,296.94150211714)
  );
#2292 = CARTESIAN_POINT('',(-210.3326324312,208.97670359431,
    296.91616540535));
#2293 = CARTESIAN_POINT('',(-210.4264737493,208.95823965142,
    296.88775425161));
#2294 = CARTESIAN_POINT('',(-210.7297352903,208.90717738432,
    296.78617434159));
#2295 = CARTESIAN_POINT('',(-210.9392838013,208.8850991359,
    296.70100100358));
#2296 = CARTESIAN_POINT('',(-211.145533221,208.87428244545,
    296.60071625746));
#2297 = CARTESIAN_POINT('',(-211.3454025986,208.87382543289,
    296.48611789809));
#2298 = CARTESIAN_POINT('',(-211.5362340611,208.88369805011,
    296.35871821553));
#2299 = CARTESIAN_POINT('',(-211.7157925902,208.90474680263,
    296.2207324976));
#2300 = CARTESIAN_POINT('',(-211.9606826109,208.95486330241,
    296.00669608723));
#2301 = CARTESIAN_POINT('',(-212.036077659,208.97376783837,
    295.93660520694));
#2302 = CARTESIAN_POINT('',(-212.1082920809,208.99571640219,
    295.86526936471));
#2303 = CARTESIAN_POINT('',(-212.1770774082,209.02090898215,
    295.79314894009));
#2304 = CARTESIAN_POINT('',(-212.242187468,209.04955506241,
    295.72081198692));
#2305 = CARTESIAN_POINT('',(-212.3033996633,209.08184556103,
    295.64893187837));
#2306 = CARTESIAN_POINT('',(-212.3926339167,209.1381809286,
    295.5385623355));
#2307 = CARTESIAN_POINT('',(-212.4234460587,209.15963973511,
    295.49924282233));
#2308 = CARTESIAN_POINT('',(-212.4529300671,209.18231009459,
    295.46045108149));
#2309 = CARTESIAN_POINT('',(-212.4810543563,209.20620581821,
    295.42233589684));
#2310 = CARTESIAN_POINT('',(-212.5077924522,209.23133116811,
    295.38505285467));
#2311 = CARTESIAN_POINT('',(-212.5331236292,209.25767827736,
    295.34876149107));
#2312 = CARTESIAN_POINT('',(-212.5726060915,209.30316548632,
    295.29073635412));
#2313 = CARTESIAN_POINT('',(-212.5875758955,209.32161527441,
    295.26833879828));
#2314 = CARTESIAN_POINT('',(-212.6019388581,209.34056765103,
    295.24647416701));
#2315 = CARTESIAN_POINT('',(-212.6156923481,209.36001407442,
    295.22518641387));
#2316 = CARTESIAN_POINT('',(-212.6288350433,209.37994358894,
    295.20451866742));
#2317 = CARTESIAN_POINT('',(-212.6413667688,209.40034266988,
    295.18451284779));
#2318 = CARTESIAN_POINT('',(-212.6940344823,209.49246546725,
    295.09923256849));
#2319 = CARTESIAN_POINT('',(-212.7276805603,209.56907991953,
    295.04141450959));
#2320 = CARTESIAN_POINT('',(-212.7541881647,209.65030883551,
    294.99347172613));
#2321 = CARTESIAN_POINT('',(-212.7738176132,209.73520243325,
    294.95666612815));
#2322 = CARTESIAN_POINT('',(-212.7868290432,209.82263508152,
    294.9318250737));
#2323 = CARTESIAN_POINT('',(-212.7933245736,209.9113582263,
    294.91942472983));
#2324 = CARTESIAN_POINT('',(-212.7933245736,210.,294.91942472983));
#2325 = CYLINDRICAL_SURFACE('',#2326,4.);
#2326 = AXIS2_PLACEMENT_3D('',#2327,#2328,#2329);
#2327 = CARTESIAN_POINT('',(-209.25,219.,293.06339375865));
#2328 = DIRECTION('',(0.,-1.,1.110223024625E-16));
#2329 = DIRECTION('',(1.,0.,0.));
#2330 = ADVANCED_FACE('',(#2331),#2437,.T.);
#2331 = FACE_BOUND('',#2332,.T.);
#2332 = EDGE_LOOP('',(#2333,#2343,#2350,#2351,#2388,#2423,#2429,#2430,
    #2431));
#2333 = ORIENTED_EDGE('',*,*,#2334,.T.);
#2334 = EDGE_CURVE('',#2335,#2337,#2339,.T.);
#2335 = VERTEX_POINT('',#2336);
#2336 = CARTESIAN_POINT('',(-182.,208.88196601125,279.64));
#2337 = VERTEX_POINT('',#2338);
#2338 = CARTESIAN_POINT('',(-182.,201.,279.64));
#2339 = LINE('',#2340,#2341);
#2340 = CARTESIAN_POINT('',(-182.,219.,279.64));
#2341 = VECTOR('',#2342,1.);
#2342 = DIRECTION('',(0.,-1.,1.110223024625E-16));
#2343 = ORIENTED_EDGE('',*,*,#2344,.F.);
#2344 = EDGE_CURVE('',#2337,#2337,#2345,.T.);
#2345 = CIRCLE('',#2346,4.);
#2346 = AXIS2_PLACEMENT_3D('',#2347,#2348,#2349);
#2347 = CARTESIAN_POINT('',(-186.,201.,279.64));
#2348 = DIRECTION('',(0.,-1.,1.110223024625E-16));
#2349 = DIRECTION('',(1.,0.,0.));
#2350 = ORIENTED_EDGE('',*,*,#2334,.F.);
#2351 = ORIENTED_EDGE('',*,*,#2352,.T.);
#2352 = EDGE_CURVE('',#2335,#2353,#2355,.T.);
#2353 = VERTEX_POINT('',#2354);
#2354 = CARTESIAN_POINT('',(-182.6209677419,210.,281.780593609));
#2355 = B_SPLINE_CURVE_WITH_KNOTS('',7,(#2356,#2357,#2358,#2359,#2360,
    #2361,#2362,#2363,#2364,#2365,#2366,#2367,#2368,#2369,#2370,#2371,
    #2372,#2373,#2374,#2375,#2376,#2377,#2378,#2379,#2380,#2381,#2382,
    #2383,#2384,#2385,#2386,#2387),.UNSPECIFIED.,.F.,.F.,(8,6,6,6,6,8),(
    0.,0.341291563585,0.483836977412,0.616930826565,0.703588319484,1.),
  .UNSPECIFIED.);
#2356 = CARTESIAN_POINT('',(-182.,208.88196601125,279.64));
#2357 = CARTESIAN_POINT('',(-182.,208.88196601125,279.79482030744));
#2358 = CARTESIAN_POINT('',(-182.0069911504,208.88693597736,
    279.94958466258));
#2359 = CARTESIAN_POINT('',(-182.0209638738,208.89687151185,
    280.10348764376));
#2360 = CARTESIAN_POINT('',(-182.041768754,208.91198246703,
    280.25558153378));
#2361 = CARTESIAN_POINT('',(-182.0690493076,208.93266690629,
    280.40479425338));
#2362 = CARTESIAN_POINT('',(-182.1021809192,208.95947244143,
    280.54995017238));
#2363 = CARTESIAN_POINT('',(-182.1561018244,209.0070669935,
    280.74820153452));
#2364 = CARTESIAN_POINT('',(-182.1728387172,209.02226572266,
    280.8056667697));
#2365 = CARTESIAN_POINT('',(-182.1903544575,209.03868443316,
    280.86208919789));
#2366 = CARTESIAN_POINT('',(-182.2085638529,209.05636676597,
    280.9173601158));
#2367 = CARTESIAN_POINT('',(-182.2273684643,209.07535379638,
    280.97136455848));
#2368 = CARTESIAN_POINT('',(-182.2466563888,209.09568112702,
    281.02398343497));
#2369 = CARTESIAN_POINT('',(-182.2846450791,209.13763234362,
    281.1228188637));
#2370 = CARTESIAN_POINT('',(-182.3032999855,209.15908088284,
    281.1692286601));
#2371 = CARTESIAN_POINT('',(-182.3221642261,209.18174253788,
    281.21422406761));
#2372 = CARTESIAN_POINT('',(-182.3411246196,209.20563128664,
    281.25770311113));
#2373 = CARTESIAN_POINT('',(-182.3600594913,209.23075155382,
    281.2995648138));
#2374 = CARTESIAN_POINT('',(-182.3788408239,209.25709561912,
    281.33971118497));
#2375 = CARTESIAN_POINT('',(-182.4093788965,209.30257585774,
    281.40301112029));
#2376 = CARTESIAN_POINT('',(-182.4213004086,209.32102016286,
    281.42720667841));
#2377 = CARTESIAN_POINT('',(-182.4330645084,209.33996769499,
    281.45061007725));
#2378 = CARTESIAN_POINT('',(-182.4446343989,209.35940994656,
    281.47319700337));
#2379 = CARTESIAN_POINT('',(-182.4559733365,209.37933599192,
    281.49494468824));
#2380 = CARTESIAN_POINT('',(-182.4670450442,209.39973233105,
    281.51583196137));
#2381 = CARTESIAN_POINT('',(-182.5146497331,209.49190146789,
    281.60427435335));
#2382 = CARTESIAN_POINT('',(-182.547969922,209.56858148791,
    281.66246111984));
#2383 = CARTESIAN_POINT('',(-182.5763009295,209.6498919109,
    281.70950296212));
#2384 = CARTESIAN_POINT('',(-182.598413907,209.73488031437,
    281.74499207016));
#2385 = CARTESIAN_POINT('',(-182.6134581201,209.82241725396,
    281.76873913706));
#2386 = CARTESIAN_POINT('',(-182.6209677419,209.91124958555,
    281.780593609));
#2387 = CARTESIAN_POINT('',(-182.6209677419,210.,281.780593609));
#2388 = ORIENTED_EDGE('',*,*,#2389,.T.);
#2389 = EDGE_CURVE('',#2353,#2390,#2392,.T.);
#2390 = VERTEX_POINT('',#2391);
#2391 = CARTESIAN_POINT('',(-182.,211.11803398875,279.64));
#2392 = B_SPLINE_CURVE_WITH_KNOTS('',8,(#2393,#2394,#2395,#2396,#2397,
    #2398,#2399,#2400,#2401,#2402,#2403,#2404,#2405,#2406,#2407,#2408,
    #2409,#2410,#2411,#2412,#2413,#2414,#2415,#2416,#2417,#2418,#2419,
    #2420,#2421,#2422),.UNSPECIFIED.,.F.,.F.,(9,7,7,7,9),(0.,
    0.298893384438,0.380062527513,0.512342209531,1.),.UNSPECIFIED.);
#2393 = CARTESIAN_POINT('',(-182.6209677419,210.,281.780593609));
#2394 = CARTESIAN_POINT('',(-182.6209677419,210.07834974941,
    281.780593609));
#2395 = CARTESIAN_POINT('',(-182.6152345337,210.15676390911,
    281.7715433275));
#2396 = CARTESIAN_POINT('',(-182.6037516146,210.23435662223,
    281.75341756858));
#2397 = CARTESIAN_POINT('',(-182.5867574735,210.31030724676,
    281.72628993926));
#2398 = CARTESIAN_POINT('',(-182.5647035493,210.38386003175,
    281.69027328839));
#2399 = CARTESIAN_POINT('',(-182.5382383885,210.45433802907,
    281.6455473253));
#2400 = CARTESIAN_POINT('',(-182.5081880618,210.5211628326,
    281.59244123534));
#2401 = CARTESIAN_POINT('',(-182.4666267383,210.60090131491,
    281.515000191));
#2402 = CARTESIAN_POINT('',(-182.4575546843,210.61763012288,
    281.49788359574));
#2403 = CARTESIAN_POINT('',(-182.448305225,210.63405007136,
    281.48019949165));
#2404 = CARTESIAN_POINT('',(-182.4388969484,210.65015403097,
    281.4619586566));
#2405 = CARTESIAN_POINT('',(-182.4293485452,210.66593583285,
    281.44317247846));
#2406 = CARTESIAN_POINT('',(-182.4196788084,210.68139026866,
    281.42385295512));
#2407 = CARTESIAN_POINT('',(-182.4099066336,210.69651309063,
    281.40401269446));
#2408 = CARTESIAN_POINT('',(-182.3839895264,210.73540058173,
    281.35050455599));
#2409 = CARTESIAN_POINT('',(-182.3677058509,210.75861091632,
    281.31599581232));
#2410 = CARTESIAN_POINT('',(-182.3512813938,210.78091748427,
    281.28019555017));
#2411 = CARTESIAN_POINT('',(-182.3347956282,210.80231301745,
    281.24316314618));
#2412 = CARTESIAN_POINT('',(-182.3183252928,210.82279657031,
    281.20495976739));
#2413 = CARTESIAN_POINT('',(-182.3019435852,210.84237257974,
    281.16564765173));
#2414 = CARTESIAN_POINT('',(-182.2857193554,210.86104992487,
    281.12528938854));
#2415 = CARTESIAN_POINT('',(-182.2107199761,210.94442891286,
    280.93153648523));
#2416 = CARTESIAN_POINT('',(-182.1549001334,210.99778309531,
    280.76619170025));
#2417 = CARTESIAN_POINT('',(-182.1051943586,211.03990538517,
    280.59056032867));
#2418 = CARTESIAN_POINT('',(-182.0637876278,211.07201425278,
    280.40721295382));
#2419 = CARTESIAN_POINT('',(-182.0320435283,211.09525256441,
    280.21856538715));
#2420 = CARTESIAN_POINT('',(-182.0106917621,211.11043259404,
    280.02672631941));
#2421 = CARTESIAN_POINT('',(-182.,211.11803398874,279.83344573791));
#2422 = CARTESIAN_POINT('',(-182.,211.11803398874,279.64));
#2423 = ORIENTED_EDGE('',*,*,#2424,.F.);
#2424 = EDGE_CURVE('',#2011,#2390,#2425,.T.);
#2425 = LINE('',#2426,#2427);
#2426 = CARTESIAN_POINT('',(-182.,219.,279.64));
#2427 = VECTOR('',#2428,1.);
#2428 = DIRECTION('',(0.,-1.,1.110223024625E-16));
#2429 = ORIENTED_EDGE('',*,*,#2010,.T.);
#2430 = ORIENTED_EDGE('',*,*,#2424,.T.);
#2431 = ORIENTED_EDGE('',*,*,#2432,.T.);
#2432 = EDGE_CURVE('',#2390,#2335,#2433,.T.);
#2433 = LINE('',#2434,#2435);
#2434 = CARTESIAN_POINT('',(-182.,219.,279.64));
#2435 = VECTOR('',#2436,1.);
#2436 = DIRECTION('',(0.,-1.,1.110223024625E-16));
#2437 = CYLINDRICAL_SURFACE('',#2438,4.);
#2438 = AXIS2_PLACEMENT_3D('',#2439,#2440,#2441);
#2439 = CARTESIAN_POINT('',(-186.,219.,279.64));
#2440 = DIRECTION('',(0.,-1.,1.110223024625E-16));
#2441 = DIRECTION('',(1.,0.,0.));
#2442 = ADVANCED_FACE('',(#2443),#2446,.T.);
#2443 = FACE_BOUND('',#2444,.T.);
#2444 = EDGE_LOOP('',(#2445));
#2445 = ORIENTED_EDGE('',*,*,#2035,.T.);
#2446 = PLANE('',#2447);
#2447 = AXIS2_PLACEMENT_3D('',#2448,#2449,#2450);
#2448 = CARTESIAN_POINT('',(-209.25,201.,266.21660624134));
#2449 = DIRECTION('',(0.,-1.,1.110223024625E-16));
#2450 = DIRECTION('',(1.,0.,0.));
#2451 = ADVANCED_FACE('',(#2452),#2649,.T.);
#2452 = FACE_BOUND('',#2453,.T.);
#2453 = EDGE_LOOP('',(#2454,#2463,#2464,#2471,#2472,#2479,#2480,#2489,
    #2498,#2530,#2562,#2569,#2570,#2571,#2572,#2573,#2574,#2575,#2584));
#2454 = ORIENTED_EDGE('',*,*,#2455,.F.);
#2455 = EDGE_CURVE('',#2390,#2456,#2458,.T.);
#2456 = VERTEX_POINT('',#2457);
#2457 = CARTESIAN_POINT('',(-181.,211.5,279.64));
#2458 = CIRCLE('',#2459,1.5);
#2459 = AXIS2_PLACEMENT_3D('',#2460,#2461,#2462);
#2460 = CARTESIAN_POINT('',(-181.,210.,279.64));
#2461 = DIRECTION('',(0.,-1.110223024625E-16,-1.));
#2462 = DIRECTION('',(1.,0.,0.));
#2463 = ORIENTED_EDGE('',*,*,#2389,.F.);
#2464 = ORIENTED_EDGE('',*,*,#2465,.T.);
#2465 = EDGE_CURVE('',#2353,#2205,#2466,.T.);
#2466 = CIRCLE('',#2467,19.);
#2467 = AXIS2_PLACEMENT_3D('',#2468,#2469,#2470);
#2468 = CARTESIAN_POINT('',(-201.5,210.,279.64));
#2469 = DIRECTION('',(0.,-1.,1.110223024625E-16));
#2470 = DIRECTION('',(1.,0.,0.));
#2471 = ORIENTED_EDGE('',*,*,#2204,.T.);
#2472 = ORIENTED_EDGE('',*,*,#2473,.T.);
#2473 = EDGE_CURVE('',#2207,#2047,#2474,.T.);
#2474 = CIRCLE('',#2475,19.);
#2475 = AXIS2_PLACEMENT_3D('',#2476,#2477,#2478);
#2476 = CARTESIAN_POINT('',(-201.5,210.,279.64));
#2477 = DIRECTION('',(0.,-1.,1.110223024625E-16));
#2478 = DIRECTION('',(1.,0.,0.));
#2479 = ORIENTED_EDGE('',*,*,#2046,.T.);
#2480 = ORIENTED_EDGE('',*,*,#2481,.T.);
#2481 = EDGE_CURVE('',#2049,#2482,#2484,.T.);
#2482 = VERTEX_POINT('',#2483);
#2483 = CARTESIAN_POINT('',(-189.2870354159,210.,265.08515558073));
#2484 = CIRCLE('',#2485,19.);
#2485 = AXIS2_PLACEMENT_3D('',#2486,#2487,#2488);
#2486 = CARTESIAN_POINT('',(-201.5,210.,279.64));
#2487 = DIRECTION('',(0.,-1.,1.110223024625E-16));
#2488 = DIRECTION('',(1.,0.,0.));
#2489 = ORIENTED_EDGE('',*,*,#2490,.T.);
#2490 = EDGE_CURVE('',#2482,#2491,#2493,.T.);
#2491 = VERTEX_POINT('',#2492);
#2492 = CARTESIAN_POINT('',(-188.3228540014,211.5,263.93608891606));
#2493 = CIRCLE('',#2494,1.5);
#2494 = AXIS2_PLACEMENT_3D('',#2495,#2496,#2497);
#2495 = CARTESIAN_POINT('',(-188.3228540014,210.,263.93608891606));
#2496 = DIRECTION('',(-0.766044443119,-7.136376042178E-17,
    -0.642787609687));
#2497 = DIRECTION('',(0.642787609687,-8.504801786368E-17,-0.766044443119
    ));
#2498 = ORIENTED_EDGE('',*,*,#2499,.F.);
#2499 = EDGE_CURVE('',#2500,#2491,#2502,.T.);
#2500 = VERTEX_POINT('',#2501);
#2501 = CARTESIAN_POINT('',(-188.5406473625,210.,261.86205919634));
#2502 = B_SPLINE_CURVE_WITH_KNOTS('',6,(#2503,#2504,#2505,#2506,#2507,
    #2508,#2509,#2510,#2511,#2512,#2513,#2514,#2515,#2516,#2517,#2518,
    #2519,#2520,#2521,#2522,#2523,#2524,#2525,#2526,#2527,#2528,#2529),
  .UNSPECIFIED.,.F.,.F.,(7,5,5,5,5,7),(0.,0.203993456031,0.334513808711,
    0.508352229183,0.747491411642,1.),.UNSPECIFIED.);
#2503 = CARTESIAN_POINT('',(-188.5406473625,210.,261.86205919634));
#2504 = CARTESIAN_POINT('',(-188.5406473625,210.09737913804,
    261.86205919634));
#2505 = CARTESIAN_POINT('',(-188.539390449,210.1948034834,
    261.87236339622));
#2506 = CARTESIAN_POINT('',(-188.5368743783,210.29070649302,
    261.89298851077));
#2507 = CARTESIAN_POINT('',(-188.5331953143,210.3838255923,
    261.92325578236));
#2508 = CARTESIAN_POINT('',(-188.5284976743,210.47322606069,
    261.96217185753));
#2509 = CARTESIAN_POINT('',(-188.51938871,210.61266664026,262.0383008231
    ));
#2510 = CARTESIAN_POINT('',(-188.5154818725,210.66531273574,
    262.07109374283));
#2511 = CARTESIAN_POINT('',(-188.5112618752,210.7160598131,
    262.10670088456));
#2512 = CARTESIAN_POINT('',(-188.5067682773,210.76482500198,
    262.14484736225));
#2513 = CARTESIAN_POINT('',(-188.5020383039,210.81156839465,
    262.18527477959));
#2514 = CARTESIAN_POINT('',(-188.4905332319,210.91583219836,
    262.28434052287));
#2515 = CARTESIAN_POINT('',(-188.4836012844,210.97177268034,
    262.34456197945));
#2516 = CARTESIAN_POINT('',(-188.4763852795,211.02409145219,
    262.40789417099));
#2517 = CARTESIAN_POINT('',(-188.4689516128,211.07283374212,
    262.47387586469));
#2518 = CARTESIAN_POINT('',(-188.4613557098,211.11808062248,
    262.54212115063));
#2519 = CARTESIAN_POINT('',(-188.4430290007,211.21749742877,
    262.70890726342));
#2520 = CARTESIAN_POINT('',(-188.4321954523,211.26861869834,
    262.80917136073));
#2521 = CARTESIAN_POINT('',(-188.4212548603,211.3135530159,
    262.91233088482));
#2522 = CARTESIAN_POINT('',(-188.4102960138,211.35253813461,
    263.01775615242));
#2523 = CARTESIAN_POINT('',(-188.3993869241,211.38580014005,
    263.1249471915));
#2524 = CARTESIAN_POINT('',(-188.3771648026,211.44280009595,
    263.34818553727));
#2525 = CARTESIAN_POINT('',(-188.3658658886,211.46589550473,
    263.46436678594));
#2526 = CARTESIAN_POINT('',(-188.354742184,211.48302909017,
    263.58161769077));
#2527 = CARTESIAN_POINT('',(-188.3438418225,211.49436152442,
    263.69954486789));
#2528 = CARTESIAN_POINT('',(-188.3332025301,211.49999969577,
    263.81780463069));
#2529 = CARTESIAN_POINT('',(-188.3228540028,211.5,263.9360889178));
#2530 = ORIENTED_EDGE('',*,*,#2531,.F.);
#2531 = EDGE_CURVE('',#2532,#2500,#2534,.T.);
#2532 = VERTEX_POINT('',#2533);
#2533 = CARTESIAN_POINT('',(-188.3228540014,208.5,263.93608891606));
#2534 = B_SPLINE_CURVE_WITH_KNOTS('',6,(#2535,#2536,#2537,#2538,#2539,
    #2540,#2541,#2542,#2543,#2544,#2545,#2546,#2547,#2548,#2549,#2550,
    #2551,#2552,#2553,#2554,#2555,#2556,#2557,#2558,#2559,#2560,#2561),
  .UNSPECIFIED.,.F.,.F.,(7,5,5,5,5,7),(0.,0.245966527298,0.489817544228,
    0.66381868171,0.794456483705,1.),.UNSPECIFIED.);
#2535 = CARTESIAN_POINT('',(-188.3228540034,208.5,263.9360889185));
#2536 = CARTESIAN_POINT('',(-188.3329343979,208.50000025758,
    263.82086938653));
#2537 = CARTESIAN_POINT('',(-188.3432907432,208.50535015587,
    263.70567249417));
#2538 = CARTESIAN_POINT('',(-188.3538955188,208.5161016149,
    263.59078383519));
#2539 = CARTESIAN_POINT('',(-188.3647140159,208.53235222403,
    263.47652048333));
#2540 = CARTESIAN_POINT('',(-188.3757022789,208.55424803643,
    263.36324323187));
#2541 = CARTESIAN_POINT('',(-188.3978123224,208.6094861183,
    263.14045664438));
#2542 = CARTESIAN_POINT('',(-188.4089297224,208.6427227453,
    263.03094765554));
#2543 = CARTESIAN_POINT('',(-188.4201049953,208.68188986152,
    262.92322972253));
#2544 = CARTESIAN_POINT('',(-188.4312672458,208.72722531377,
    262.81782541818));
#2545 = CARTESIAN_POINT('',(-188.4423234844,208.77898014679,
    262.71539483298));
#2546 = CARTESIAN_POINT('',(-188.460881273,208.87913973465,
    262.54639367228));
#2547 = CARTESIAN_POINT('',(-188.4684922327,208.92424899543,
    262.47797041003));
#2548 = CARTESIAN_POINT('',(-188.4759427959,208.97285670289,
    262.41180008639));
#2549 = CARTESIAN_POINT('',(-188.4831777194,209.02504480853,
    262.34826738747));
#2550 = CARTESIAN_POINT('',(-188.49013078,209.0808600205,262.28783236708
    ));
#2551 = CARTESIAN_POINT('',(-188.5016766928,209.18491634105,
    262.18836988362));
#2552 = CARTESIAN_POINT('',(-188.5064253942,209.23157401454,
    262.14776524936));
#2553 = CARTESIAN_POINT('',(-188.5109390937,209.28025870009,
    262.10943317896));
#2554 = CARTESIAN_POINT('',(-188.5151805932,209.33093178862,
    262.07363187299));
#2555 = CARTESIAN_POINT('',(-188.5191103029,209.38351197544,
    262.04063641958));
#2556 = CARTESIAN_POINT('',(-188.5283185314,209.52337757671,
    261.96365601269));
#2557 = CARTESIAN_POINT('',(-188.5330830178,209.61334350311,
    261.92417969059));
#2558 = CARTESIAN_POINT('',(-188.5368167355,209.70710572265,
    261.89346100478));
#2559 = CARTESIAN_POINT('',(-188.539371258,209.80371426494,
    261.87252073337));
#2560 = CARTESIAN_POINT('',(-188.5406473625,209.90188026513,
    261.86205919634));
#2561 = CARTESIAN_POINT('',(-188.5406473625,210.,261.86205919634));
#2562 = ORIENTED_EDGE('',*,*,#2563,.T.);
#2563 = EDGE_CURVE('',#2532,#2482,#2564,.T.);
#2564 = CIRCLE('',#2565,1.5);
#2565 = AXIS2_PLACEMENT_3D('',#2566,#2567,#2568);
#2566 = CARTESIAN_POINT('',(-188.3228540014,210.,263.93608891606));
#2567 = DIRECTION('',(-0.766044443119,-7.136376042178E-17,
    -0.642787609687));
#2568 = DIRECTION('',(0.642787609687,-8.504801786368E-17,-0.766044443119
    ));
#2569 = ORIENTED_EDGE('',*,*,#2481,.F.);
#2570 = ORIENTED_EDGE('',*,*,#2109,.F.);
#2571 = ORIENTED_EDGE('',*,*,#2473,.F.);
#2572 = ORIENTED_EDGE('',*,*,#2267,.F.);
#2573 = ORIENTED_EDGE('',*,*,#2465,.F.);
#2574 = ORIENTED_EDGE('',*,*,#2352,.F.);
#2575 = ORIENTED_EDGE('',*,*,#2576,.F.);
#2576 = EDGE_CURVE('',#2577,#2335,#2579,.T.);
#2577 = VERTEX_POINT('',#2578);
#2578 = CARTESIAN_POINT('',(-181.,208.5,279.64));
#2579 = CIRCLE('',#2580,1.5);
#2580 = AXIS2_PLACEMENT_3D('',#2581,#2582,#2583);
#2581 = CARTESIAN_POINT('',(-181.,210.,279.64));
#2582 = DIRECTION('',(0.,-1.110223024625E-16,-1.));
#2583 = DIRECTION('',(1.,0.,0.));
#2584 = ORIENTED_EDGE('',*,*,#2585,.F.);
#2585 = EDGE_CURVE('',#2456,#2577,#2586,.T.);
#2586 = B_SPLINE_CURVE_WITH_KNOTS('',6,(#2587,#2588,#2589,#2590,#2591,
    #2592,#2593,#2594,#2595,#2596,#2597,#2598,#2599,#2600,#2601,#2602,
    #2603,#2604,#2605,#2606,#2607,#2608,#2609,#2610,#2611,#2612,#2613,
    #2614,#2615,#2616,#2617,#2618,#2619,#2620,#2621,#2622,#2623,#2624,
    #2625,#2626,#2627,#2628,#2629,#2630,#2631,#2632,#2633,#2634,#2635,
    #2636,#2637,#2638,#2639,#2640,#2641,#2642,#2643,#2644,#2645,#2646,
    #2647,#2648),.UNSPECIFIED.,.F.,.F.,(7,5,5,5,5,5,5,5,5,5,5,5,7),(0.,
    0.122506684257,0.244465694566,0.333382029553,0.39859015283,
    0.432965353298,0.499428192175,0.567664849876,0.602061054206,
    0.667320095225,0.754237672387,0.933614108191,1.),.UNSPECIFIED.);
#2587 = CARTESIAN_POINT('',(-181.0000000073,211.5,279.64));
#2588 = CARTESIAN_POINT('',(-180.9185269106,211.49999974814,
    279.72147307403));
#2589 = CARTESIAN_POINT('',(-180.8372470095,211.49469039929,
    279.8031415631));
#2590 = CARTESIAN_POINT('',(-180.7563591779,211.48402064936,
    279.88480303367));
#2591 = CARTESIAN_POINT('',(-180.6760814456,211.4678941868,
    279.96622977729));
#2592 = CARTESIAN_POINT('',(-180.5966588804,211.44616696366,
    280.04715953764));
#2593 = CARTESIAN_POINT('',(-180.4404340497,211.39124501059,
    280.20705472615));
#2594 = CARTESIAN_POINT('',(-180.3636386881,211.35810750542,
    280.28600988987));
#2595 = CARTESIAN_POINT('',(-180.2882486407,211.31903867957,
    280.36386274515));
#2596 = CARTESIAN_POINT('',(-180.214618121,211.27380086725,
    280.44022370339));
#2597 = CARTESIAN_POINT('',(-180.1431922595,211.22214296578,
    280.51459810374));
#2598 = CARTESIAN_POINT('',(-180.0244693048,211.1212422264,
    280.63868079603));
#2599 = CARTESIAN_POINT('',(-179.9758888872,211.07514616522,
    280.68960102572));
#2600 = CARTESIAN_POINT('',(-179.9290032519,211.02539476757,
    280.7388805431));
#2601 = CARTESIAN_POINT('',(-179.8840897073,210.97190034669,
    280.7862095079));
#2602 = CARTESIAN_POINT('',(-179.8414809378,210.91461420171,
    280.83121595485));
#2603 = CARTESIAN_POINT('',(-179.7722804698,210.8087656816,
    280.90446192169));
#2604 = CARTESIAN_POINT('',(-179.7444504865,210.76195468941,
    280.93396902292));
#2605 = CARTESIAN_POINT('',(-179.7182202444,210.71312611997,
    280.9618237938));
#2606 = CARTESIAN_POINT('',(-179.6937638544,210.66232091975,
    280.98783151855));
#2607 = CARTESIAN_POINT('',(-179.6712663433,210.60962320687,
    281.01178533576));
#2608 = CARTESIAN_POINT('',(-179.6401824866,210.52646854684,
    281.04491479484));
#2609 = CARTESIAN_POINT('',(-179.6300484828,210.49727781756,
    281.05572244793));
#2610 = CARTESIAN_POINT('',(-179.6205374704,210.4676217918,
    281.06587144787));
#2611 = CARTESIAN_POINT('',(-179.6116764016,210.43752624225,
    281.07533167914));
#2612 = CARTESIAN_POINT('',(-179.6034911223,210.40702193929,
    281.08407426817));
#2613 = CARTESIAN_POINT('',(-179.5815322874,210.31644624955,
    281.10753700963));
#2614 = CARTESIAN_POINT('',(-179.5696719462,210.25534411459,
    281.1202219191));
#2615 = CARTESIAN_POINT('',(-179.5606022286,210.19311813738,
    281.12992896775));
#2616 = CARTESIAN_POINT('',(-179.5544607048,210.13009747538,
    281.13650452145));
#2617 = CARTESIAN_POINT('',(-179.5513260123,210.06665669994,
    281.13986072683));
#2618 = CARTESIAN_POINT('',(-179.5510688882,209.9380729593,
    281.14013602274));
#2619 = CARTESIAN_POINT('',(-179.5541091228,209.8729105373,
    281.13688095546));
#2620 = CARTESIAN_POINT('',(-179.5603229347,209.80817519293,
    281.13022781711));
#2621 = CARTESIAN_POINT('',(-179.5696266508,209.74427318808,
    281.12027009358));
#2622 = CARTESIAN_POINT('',(-179.5818709554,209.68156085766,
    281.1071745386));
#2623 = CARTESIAN_POINT('',(-179.6044185808,209.58947937672,
    281.08308362388));
#2624 = CARTESIAN_POINT('',(-179.6126738095,209.55899504297,
    281.07426670217));
#2625 = CARTESIAN_POINT('',(-179.6216037002,209.52892241894,
    281.06473344284));
#2626 = CARTESIAN_POINT('',(-179.6311822801,209.49929203506,
    281.05451286169));
#2627 = CARTESIAN_POINT('',(-179.6413825056,209.47012942035,
    281.04363517652));
#2628 = CARTESIAN_POINT('',(-179.672657616,209.38705343954,
    281.01030380727));
#2629 = CARTESIAN_POINT('',(-179.6952772234,209.33441271624,
    280.9862215565));
#2630 = CARTESIAN_POINT('',(-179.7198509089,209.28367156309,
    280.96009097775));
#2631 = CARTESIAN_POINT('',(-179.7461935216,209.23491273331,
    280.9321190734));
#2632 = CARTESIAN_POINT('',(-179.7741310611,209.18817603869,
    280.90250043697));
#2633 = CARTESIAN_POINT('',(-179.8426438035,209.08392855046,
    280.82998892956));
#2634 = CARTESIAN_POINT('',(-179.8843306071,209.0279978799,
    280.78595866584));
#2635 = CARTESIAN_POINT('',(-179.9282171024,208.97568920996,
    280.73971204782));
#2636 = CARTESIAN_POINT('',(-179.9739927128,208.92695720728,
    280.69159633391));
#2637 = CARTESIAN_POINT('',(-180.0213975102,208.88172073959,
    280.64190196273));
#2638 = CARTESIAN_POINT('',(-180.1710028139,208.75353969331,
    280.48551135235));
#2639 = CARTESIAN_POINT('',(-180.2777669083,208.68174122866,
    280.37449945977));
#2640 = CARTESIAN_POINT('',(-180.3887951974,208.6235285385,
    280.25975701448));
#2641 = CARTESIAN_POINT('',(-180.5028442276,208.5781746766,
    280.14266124416));
#2642 = CARTESIAN_POINT('',(-180.6189820075,208.54500003285,
    280.02422138557));
#2643 = CARTESIAN_POINT('',(-180.7801388782,208.51569261287,
    279.86099389911));
#2644 = CARTESIAN_POINT('',(-180.8238653384,208.50939161822,
    279.81681655721));
#2645 = CARTESIAN_POINT('',(-180.867749362,208.50468591615,
    279.77259240105));
#2646 = CARTESIAN_POINT('',(-180.9117555526,208.50155936853,
    279.72835854055));
#2647 = CARTESIAN_POINT('',(-180.9558499449,208.50000000042,
    279.68415005639));
#2648 = CARTESIAN_POINT('',(-181.0000000051,208.5,279.64));
#2649 = TOROIDAL_SURFACE('',#2650,20.5,1.5);
#2650 = AXIS2_PLACEMENT_3D('',#2651,#2652,#2653);
#2651 = CARTESIAN_POINT('',(-201.5,210.,279.64));
#2652 = DIRECTION('',(0.,-1.,1.110223024625E-16));
#2653 = DIRECTION('',(1.,0.,0.));
#2654 = ADVANCED_FACE('',(#2655),#2658,.T.);
#2655 = FACE_BOUND('',#2656,.T.);
#2656 = EDGE_LOOP('',(#2657));
#2657 = ORIENTED_EDGE('',*,*,#2193,.T.);
#2658 = PLANE('',#2659);
#2659 = AXIS2_PLACEMENT_3D('',#2660,#2661,#2662);
#2660 = CARTESIAN_POINT('',(-209.25,201.,293.06339375865));
#2661 = DIRECTION('',(0.,-1.,1.110223024625E-16));
#2662 = DIRECTION('',(1.,0.,0.));
#2663 = ADVANCED_FACE('',(#2664),#2675,.T.);
#2664 = FACE_BOUND('',#2665,.T.);
#2665 = EDGE_LOOP('',(#2666,#2667,#2668,#2674));
#2666 = ORIENTED_EDGE('',*,*,#2432,.F.);
#2667 = ORIENTED_EDGE('',*,*,#2455,.T.);
#2668 = ORIENTED_EDGE('',*,*,#2669,.T.);
#2669 = EDGE_CURVE('',#2456,#2577,#2670,.T.);
#2670 = LINE('',#2671,#2672);
#2671 = CARTESIAN_POINT('',(-181.,210.,279.64));
#2672 = VECTOR('',#2673,1.);
#2673 = DIRECTION('',(0.,-1.,1.110223024625E-16));
#2674 = ORIENTED_EDGE('',*,*,#2576,.T.);
#2675 = PLANE('',#2676);
#2676 = AXIS2_PLACEMENT_3D('',#2677,#2678,#2679);
#2677 = CARTESIAN_POINT('',(-201.5,210.,279.64));
#2678 = DIRECTION('',(0.,-1.110223024625E-16,-1.));
#2679 = DIRECTION('',(1.,0.,0.));
#2680 = ADVANCED_FACE('',(#2681),#2684,.T.);
#2681 = FACE_BOUND('',#2682,.T.);
#2682 = EDGE_LOOP('',(#2683));
#2683 = ORIENTED_EDGE('',*,*,#2344,.T.);
#2684 = PLANE('',#2685);
#2685 = AXIS2_PLACEMENT_3D('',#2686,#2687,#2688);
#2686 = CARTESIAN_POINT('',(-186.,201.,279.64));
#2687 = DIRECTION('',(0.,-1.,1.110223024625E-16));
#2688 = DIRECTION('',(1.,0.,0.));
#2689 = ADVANCED_FACE('',(#2690),#2716,.T.);
#2690 = FACE_BOUND('',#2691,.T.);
#2691 = EDGE_LOOP('',(#2692,#2700,#2707,#2708,#2715));
#2692 = ORIENTED_EDGE('',*,*,#2693,.T.);
#2693 = EDGE_CURVE('',#2577,#2694,#2696,.T.);
#2694 = VERTEX_POINT('',#2695);
#2695 = CARTESIAN_POINT('',(-166.,208.5,279.64));
#2696 = LINE('',#2697,#2698);
#2697 = CARTESIAN_POINT('',(-181.,208.5,279.64));
#2698 = VECTOR('',#2699,1.);
#2699 = DIRECTION('',(1.,0.,0.));
#2700 = ORIENTED_EDGE('',*,*,#2701,.F.);
#2701 = EDGE_CURVE('',#2694,#2694,#2702,.T.);
#2702 = CIRCLE('',#2703,1.5);
#2703 = AXIS2_PLACEMENT_3D('',#2704,#2705,#2706);
#2704 = CARTESIAN_POINT('',(-166.,210.,279.64));
#2705 = DIRECTION('',(1.,0.,0.));
#2706 = DIRECTION('',(0.,-1.,1.110223024625E-16));
#2707 = ORIENTED_EDGE('',*,*,#2693,.F.);
#2708 = ORIENTED_EDGE('',*,*,#2709,.T.);
#2709 = EDGE_CURVE('',#2577,#2456,#2710,.T.);
#2710 = CIRCLE('',#2711,1.5);
#2711 = AXIS2_PLACEMENT_3D('',#2712,#2713,#2714);
#2712 = CARTESIAN_POINT('',(-181.,210.,279.64));
#2713 = DIRECTION('',(1.,0.,0.));
#2714 = DIRECTION('',(0.,-1.,1.110223024625E-16));
#2715 = ORIENTED_EDGE('',*,*,#2585,.T.);
#2716 = CYLINDRICAL_SURFACE('',#2717,1.5);
#2717 = AXIS2_PLACEMENT_3D('',#2718,#2719,#2720);
#2718 = CARTESIAN_POINT('',(-181.,210.,279.64));
#2719 = DIRECTION('',(1.,0.,0.));
#2720 = DIRECTION('',(0.,-1.,1.110223024625E-16));
#2721 = ADVANCED_FACE('',(#2722),#2732,.F.);
#2722 = FACE_BOUND('',#2723,.F.);
#2723 = EDGE_LOOP('',(#2724,#2725,#2726));
#2724 = ORIENTED_EDGE('',*,*,#2563,.T.);
#2725 = ORIENTED_EDGE('',*,*,#2490,.T.);
#2726 = ORIENTED_EDGE('',*,*,#2727,.T.);
#2727 = EDGE_CURVE('',#2491,#2532,#2728,.T.);
#2728 = LINE('',#2729,#2730);
#2729 = CARTESIAN_POINT('',(-188.3228540014,210.,263.93608891606));
#2730 = VECTOR('',#2731,1.);
#2731 = DIRECTION('',(0.,-1.,1.110223024625E-16));
#2732 = PLANE('',#2733);
#2733 = AXIS2_PLACEMENT_3D('',#2734,#2735,#2736);
#2734 = CARTESIAN_POINT('',(-201.5,210.,279.64));
#2735 = DIRECTION('',(-0.766044443119,-7.136376042178E-17,
    -0.642787609687));
#2736 = DIRECTION('',(0.642787609687,-8.504801786368E-17,-0.766044443119
    ));
#2737 = ADVANCED_FACE('',(#2738),#2765,.T.);
#2738 = FACE_BOUND('',#2739,.T.);
#2739 = EDGE_LOOP('',(#2740,#2748,#2755,#2756,#2757,#2764));
#2740 = ORIENTED_EDGE('',*,*,#2741,.T.);
#2741 = EDGE_CURVE('',#2500,#2742,#2744,.T.);
#2742 = VERTEX_POINT('',#2743);
#2743 = CARTESIAN_POINT('',(-179.8301065208,210.,251.48124085474));
#2744 = LINE('',#2745,#2746);
#2745 = CARTESIAN_POINT('',(-189.4719206661,210.,262.97190750153));
#2746 = VECTOR('',#2747,1.);
#2747 = DIRECTION('',(0.642787609687,-8.504801786368E-17,-0.766044443119
    ));
#2748 = ORIENTED_EDGE('',*,*,#2749,.F.);
#2749 = EDGE_CURVE('',#2742,#2742,#2750,.T.);
#2750 = CIRCLE('',#2751,1.5);
#2751 = AXIS2_PLACEMENT_3D('',#2752,#2753,#2754);
#2752 = CARTESIAN_POINT('',(-178.6810398561,210.,252.44542226927));
#2753 = DIRECTION('',(0.642787609687,-8.504801786368E-17,-0.766044443119
    ));
#2754 = DIRECTION('',(-0.766044443119,-7.136376042178E-17,
    -0.642787609687));
#2755 = ORIENTED_EDGE('',*,*,#2741,.F.);
#2756 = ORIENTED_EDGE('',*,*,#2499,.T.);
#2757 = ORIENTED_EDGE('',*,*,#2758,.T.);
#2758 = EDGE_CURVE('',#2491,#2532,#2759,.T.);
#2759 = CIRCLE('',#2760,1.5);
#2760 = AXIS2_PLACEMENT_3D('',#2761,#2762,#2763);
#2761 = CARTESIAN_POINT('',(-188.3228540014,210.,263.93608891606));
#2762 = DIRECTION('',(0.642787609687,-8.504801786368E-17,-0.766044443119
    ));
#2763 = DIRECTION('',(-0.766044443119,-7.136376042178E-17,
    -0.642787609687));
#2764 = ORIENTED_EDGE('',*,*,#2531,.T.);
#2765 = CYLINDRICAL_SURFACE('',#2766,1.5);
#2766 = AXIS2_PLACEMENT_3D('',#2767,#2768,#2769);
#2767 = CARTESIAN_POINT('',(-188.3228540014,210.,263.93608891606));
#2768 = DIRECTION('',(0.642787609687,-8.504801786368E-17,-0.766044443119
    ));
#2769 = DIRECTION('',(-0.766044443119,-7.136376042178E-17,
    -0.642787609687));
#2770 = ADVANCED_FACE('',(#2771),#2775,.F.);
#2771 = FACE_BOUND('',#2772,.F.);
#2772 = EDGE_LOOP('',(#2773,#2774));
#2773 = ORIENTED_EDGE('',*,*,#2669,.T.);
#2774 = ORIENTED_EDGE('',*,*,#2709,.T.);
#2775 = PLANE('',#2776);
#2776 = AXIS2_PLACEMENT_3D('',#2777,#2778,#2779);
#2777 = CARTESIAN_POINT('',(-181.,210.,279.64));
#2778 = DIRECTION('',(1.,0.,0.));
#2779 = DIRECTION('',(0.,-1.,1.110223024625E-16));
#2780 = ADVANCED_FACE('',(#2781),#2784,.T.);
#2781 = FACE_BOUND('',#2782,.T.);
#2782 = EDGE_LOOP('',(#2783));
#2783 = ORIENTED_EDGE('',*,*,#2701,.T.);
#2784 = PLANE('',#2785);
#2785 = AXIS2_PLACEMENT_3D('',#2786,#2787,#2788);
#2786 = CARTESIAN_POINT('',(-166.,210.,279.64));
#2787 = DIRECTION('',(1.,0.,0.));
#2788 = DIRECTION('',(0.,-1.,1.110223024625E-16));
#2789 = ADVANCED_FACE('',(#2790),#2794,.F.);
#2790 = FACE_BOUND('',#2791,.F.);
#2791 = EDGE_LOOP('',(#2792,#2793));
#2792 = ORIENTED_EDGE('',*,*,#2727,.F.);
#2793 = ORIENTED_EDGE('',*,*,#2758,.T.);
#2794 = PLANE('',#2795);
#2795 = AXIS2_PLACEMENT_3D('',#2796,#2797,#2798);
#2796 = CARTESIAN_POINT('',(-188.3228540014,210.,263.93608891606));
#2797 = DIRECTION('',(0.642787609687,-8.504801786368E-17,-0.766044443119
    ));
#2798 = DIRECTION('',(-0.766044443119,-7.136376042178E-17,
    -0.642787609687));
#2799 = ADVANCED_FACE('',(#2800),#2803,.T.);
#2800 = FACE_BOUND('',#2801,.T.);
#2801 = EDGE_LOOP('',(#2802));
#2802 = ORIENTED_EDGE('',*,*,#2749,.T.);
#2803 = PLANE('',#2804);
#2804 = AXIS2_PLACEMENT_3D('',#2805,#2806,#2807);
#2805 = CARTESIAN_POINT('',(-178.6810398561,210.,252.44542226927));
#2806 = DIRECTION('',(0.642787609687,-8.504801786368E-17,-0.766044443119
    ));
#2807 = DIRECTION('',(-0.766044443119,-7.136376042178E-17,
    -0.642787609687));
#2808 = MANIFOLD_SOLID_BREP('',#2809);
#2809 = CLOSED_SHELL('',(#2810,#2850,#2881,#2916,#2940,#2957,#2969,#2994
    ,#3036,#3194,#3343,#3455,#3464,#3667,#3676,#3693,#3702,#3734,#3750,
    #3783,#3793,#3802,#3812));
#2810 = ADVANCED_FACE('',(#2811),#2845,.F.);
#2811 = FACE_BOUND('',#2812,.F.);
#2812 = EDGE_LOOP('',(#2813,#2823,#2831,#2839));
#2813 = ORIENTED_EDGE('',*,*,#2814,.F.);
#2814 = EDGE_CURVE('',#2815,#2817,#2819,.T.);
#2815 = VERTEX_POINT('',#2816);
#2816 = CARTESIAN_POINT('',(-156.5,272.,252.14));
#2817 = VERTEX_POINT('',#2818);
#2818 = CARTESIAN_POINT('',(-156.5,227.,252.14));
#2819 = LINE('',#2820,#2821);
#2820 = CARTESIAN_POINT('',(-156.5,272.,252.14));
#2821 = VECTOR('',#2822,1.);
#2822 = DIRECTION('',(0.,-1.,1.110223024625E-16));
#2823 = ORIENTED_EDGE('',*,*,#2824,.T.);
#2824 = EDGE_CURVE('',#2815,#2825,#2827,.T.);
#2825 = VERTEX_POINT('',#2826);
#2826 = CARTESIAN_POINT('',(-156.5,272.,307.14));
#2827 = LINE('',#2828,#2829);
#2828 = CARTESIAN_POINT('',(-156.5,272.,252.14));
#2829 = VECTOR('',#2830,1.);
#2830 = DIRECTION('',(0.,1.110223024625E-16,1.));
#2831 = ORIENTED_EDGE('',*,*,#2832,.T.);
#2832 = EDGE_CURVE('',#2825,#2833,#2835,.T.);
#2833 = VERTEX_POINT('',#2834);
#2834 = CARTESIAN_POINT('',(-156.5,227.,307.14));
#2835 = LINE('',#2836,#2837);
#2836 = CARTESIAN_POINT('',(-156.5,272.,307.14));
#2837 = VECTOR('',#2838,1.);
#2838 = DIRECTION('',(0.,-1.,1.110223024625E-16));
#2839 = ORIENTED_EDGE('',*,*,#2840,.F.);
#2840 = EDGE_CURVE('',#2817,#2833,#2841,.T.);
#2841 = LINE('',#2842,#2843);
#2842 = CARTESIAN_POINT('',(-156.5,227.,252.14));
#2843 = VECTOR('',#2844,1.);
#2844 = DIRECTION('',(0.,1.110223024625E-16,1.));
#2845 = PLANE('',#2846);
#2846 = AXIS2_PLACEMENT_3D('',#2847,#2848,#2849);
#2847 = CARTESIAN_POINT('',(-156.5,272.,252.14));
#2848 = DIRECTION('',(1.,0.,0.));
#2849 = DIRECTION('',(0.,-1.,1.110223024625E-16));
#2850 = ADVANCED_FACE('',(#2851),#2876,.F.);
#2851 = FACE_BOUND('',#2852,.F.);
#2852 = EDGE_LOOP('',(#2853,#2861,#2862,#2870));
#2853 = ORIENTED_EDGE('',*,*,#2854,.F.);
#2854 = EDGE_CURVE('',#2815,#2855,#2857,.T.);
#2855 = VERTEX_POINT('',#2856);
#2856 = CARTESIAN_POINT('',(-96.5,272.,252.14));
#2857 = LINE('',#2858,#2859);
#2858 = CARTESIAN_POINT('',(-156.5,272.,252.14));
#2859 = VECTOR('',#2860,1.);
#2860 = DIRECTION('',(1.,0.,0.));
#2861 = ORIENTED_EDGE('',*,*,#2814,.T.);
#2862 = ORIENTED_EDGE('',*,*,#2863,.T.);
#2863 = EDGE_CURVE('',#2817,#2864,#2866,.T.);
#2864 = VERTEX_POINT('',#2865);
#2865 = CARTESIAN_POINT('',(-96.5,227.,252.14));
#2866 = LINE('',#2867,#2868);
#2867 = CARTESIAN_POINT('',(-156.5,227.,252.14));
#2868 = VECTOR('',#2869,1.);
#2869 = DIRECTION('',(1.,0.,0.));
#2870 = ORIENTED_EDGE('',*,*,#2871,.F.);
#2871 = EDGE_CURVE('',#2855,#2864,#2872,.T.);
#2872 = LINE('',#2873,#2874);
#2873 = CARTESIAN_POINT('',(-96.5,272.,252.14));
#2874 = VECTOR('',#2875,1.);
#2875 = DIRECTION('',(0.,-1.,1.110223024625E-16));
#2876 = PLANE('',#2877);
#2877 = AXIS2_PLACEMENT_3D('',#2878,#2879,#2880);
#2878 = CARTESIAN_POINT('',(-156.5,272.,252.14));
#2879 = DIRECTION('',(0.,1.110223024625E-16,1.));
#2880 = DIRECTION('',(0.,-1.,1.110223024625E-16));
#2881 = ADVANCED_FACE('',(#2882,#2900),#2911,.T.);
#2882 = FACE_BOUND('',#2883,.T.);
#2883 = EDGE_LOOP('',(#2884,#2885,#2886,#2894));
#2884 = ORIENTED_EDGE('',*,*,#2840,.F.);
#2885 = ORIENTED_EDGE('',*,*,#2863,.T.);
#2886 = ORIENTED_EDGE('',*,*,#2887,.T.);
#2887 = EDGE_CURVE('',#2864,#2888,#2890,.T.);
#2888 = VERTEX_POINT('',#2889);
#2889 = CARTESIAN_POINT('',(-96.5,227.,307.14));
#2890 = LINE('',#2891,#2892);
#2891 = CARTESIAN_POINT('',(-96.5,227.,252.14));
#2892 = VECTOR('',#2893,1.);
#2893 = DIRECTION('',(0.,1.110223024625E-16,1.));
#2894 = ORIENTED_EDGE('',*,*,#2895,.F.);
#2895 = EDGE_CURVE('',#2833,#2888,#2896,.T.);
#2896 = LINE('',#2897,#2898);
#2897 = CARTESIAN_POINT('',(-156.5,227.,307.14));
#2898 = VECTOR('',#2899,1.);
#2899 = DIRECTION('',(1.,0.,0.));
#2900 = FACE_BOUND('',#2901,.T.);
#2901 = EDGE_LOOP('',(#2902));
#2902 = ORIENTED_EDGE('',*,*,#2903,.F.);
#2903 = EDGE_CURVE('',#2904,#2904,#2906,.T.);
#2904 = VERTEX_POINT('',#2905);
#2905 = CARTESIAN_POINT('',(-104.,227.,279.64));
#2906 = CIRCLE('',#2907,22.5);
#2907 = AXIS2_PLACEMENT_3D('',#2908,#2909,#2910);
#2908 = CARTESIAN_POINT('',(-126.5,227.,279.64));
#2909 = DIRECTION('',(0.,-1.,1.110223024625E-16));
#2910 = DIRECTION('',(1.,0.,0.));
#2911 = PLANE('',#2912);
#2912 = AXIS2_PLACEMENT_3D('',#2913,#2914,#2915);
#2913 = CARTESIAN_POINT('',(-156.5,227.,252.14));
#2914 = DIRECTION('',(0.,-1.,1.110223024625E-16));
#2915 = DIRECTION('',(1.,0.,0.));
#2916 = ADVANCED_FACE('',(#2917),#2935,.T.);
#2917 = FACE_BOUND('',#2918,.T.);
#2918 = EDGE_LOOP('',(#2919,#2927,#2928,#2929));
#2919 = ORIENTED_EDGE('',*,*,#2920,.F.);
#2920 = EDGE_CURVE('',#2825,#2921,#2923,.T.);
#2921 = VERTEX_POINT('',#2922);
#2922 = CARTESIAN_POINT('',(-96.5,272.,307.14));
#2923 = LINE('',#2924,#2925);
#2924 = CARTESIAN_POINT('',(-156.5,272.,307.14));
#2925 = VECTOR('',#2926,1.);
#2926 = DIRECTION('',(1.,0.,0.));
#2927 = ORIENTED_EDGE('',*,*,#2832,.T.);
#2928 = ORIENTED_EDGE('',*,*,#2895,.T.);
#2929 = ORIENTED_EDGE('',*,*,#2930,.F.);
#2930 = EDGE_CURVE('',#2921,#2888,#2931,.T.);
#2931 = LINE('',#2932,#2933);
#2932 = CARTESIAN_POINT('',(-96.5,272.,307.14));
#2933 = VECTOR('',#2934,1.);
#2934 = DIRECTION('',(0.,-1.,1.110223024625E-16));
#2935 = PLANE('',#2936);
#2936 = AXIS2_PLACEMENT_3D('',#2937,#2938,#2939);
#2937 = CARTESIAN_POINT('',(-156.5,272.,307.14));
#2938 = DIRECTION('',(0.,1.110223024625E-16,1.));
#2939 = DIRECTION('',(0.,-1.,1.110223024625E-16));
#2940 = ADVANCED_FACE('',(#2941),#2952,.F.);
#2941 = FACE_BOUND('',#2942,.F.);
#2942 = EDGE_LOOP('',(#2943,#2944,#2945,#2951));
#2943 = ORIENTED_EDGE('',*,*,#2824,.F.);
#2944 = ORIENTED_EDGE('',*,*,#2854,.T.);
#2945 = ORIENTED_EDGE('',*,*,#2946,.T.);
#2946 = EDGE_CURVE('',#2855,#2921,#2947,.T.);
#2947 = LINE('',#2948,#2949);
#2948 = CARTESIAN_POINT('',(-96.5,272.,252.14));
#2949 = VECTOR('',#2950,1.);
#2950 = DIRECTION('',(0.,1.110223024625E-16,1.));
#2951 = ORIENTED_EDGE('',*,*,#2920,.F.);
#2952 = PLANE('',#2953);
#2953 = AXIS2_PLACEMENT_3D('',#2954,#2955,#2956);
#2954 = CARTESIAN_POINT('',(-156.5,272.,252.14));
#2955 = DIRECTION('',(0.,-1.,1.110223024625E-16));
#2956 = DIRECTION('',(1.,0.,0.));
#2957 = ADVANCED_FACE('',(#2958),#2964,.T.);
#2958 = FACE_BOUND('',#2959,.T.);
#2959 = EDGE_LOOP('',(#2960,#2961,#2962,#2963));
#2960 = ORIENTED_EDGE('',*,*,#2871,.F.);
#2961 = ORIENTED_EDGE('',*,*,#2946,.T.);
#2962 = ORIENTED_EDGE('',*,*,#2930,.T.);
#2963 = ORIENTED_EDGE('',*,*,#2887,.F.);
#2964 = PLANE('',#2965);
#2965 = AXIS2_PLACEMENT_3D('',#2966,#2967,#2968);
#2966 = CARTESIAN_POINT('',(-96.5,272.,252.14));
#2967 = DIRECTION('',(1.,0.,0.));
#2968 = DIRECTION('',(0.,-1.,1.110223024625E-16));
#2969 = ADVANCED_FACE('',(#2970),#2989,.T.);
#2970 = FACE_BOUND('',#2971,.T.);
#2971 = EDGE_LOOP('',(#2972,#2981,#2987,#2988));
#2972 = ORIENTED_EDGE('',*,*,#2973,.F.);
#2973 = EDGE_CURVE('',#2974,#2974,#2976,.T.);
#2974 = VERTEX_POINT('',#2975);
#2975 = CARTESIAN_POINT('',(-104.,219.,279.64));
#2976 = CIRCLE('',#2977,22.5);
#2977 = AXIS2_PLACEMENT_3D('',#2978,#2979,#2980);
#2978 = CARTESIAN_POINT('',(-126.5,219.,279.64));
#2979 = DIRECTION('',(0.,-1.,1.110223024625E-16));
#2980 = DIRECTION('',(1.,0.,0.));
#2981 = ORIENTED_EDGE('',*,*,#2982,.F.);
#2982 = EDGE_CURVE('',#2904,#2974,#2983,.T.);
#2983 = LINE('',#2984,#2985);
#2984 = CARTESIAN_POINT('',(-104.,227.,279.64));
#2985 = VECTOR('',#2986,1.);
#2986 = DIRECTION('',(0.,-1.,1.110223024625E-16));
#2987 = ORIENTED_EDGE('',*,*,#2903,.T.);
#2988 = ORIENTED_EDGE('',*,*,#2982,.T.);
#2989 = CYLINDRICAL_SURFACE('',#2990,22.5);
#2990 = AXIS2_PLACEMENT_3D('',#2991,#2992,#2993);
#2991 = CARTESIAN_POINT('',(-126.5,227.,279.64));
#2992 = DIRECTION('',(0.,-1.,1.110223024625E-16));
#2993 = DIRECTION('',(1.,0.,0.));
#2994 = ADVANCED_FACE('',(#2995,#2998,#3009,#3020),#3031,.T.);
#2995 = FACE_BOUND('',#2996,.T.);
#2996 = EDGE_LOOP('',(#2997));
#2997 = ORIENTED_EDGE('',*,*,#2973,.T.);
#2998 = FACE_BOUND('',#2999,.T.);
#2999 = EDGE_LOOP('',(#3000));
#3000 = ORIENTED_EDGE('',*,*,#3001,.F.);
#3001 = EDGE_CURVE('',#3002,#3002,#3004,.T.);
#3002 = VERTEX_POINT('',#3003);
#3003 = CARTESIAN_POINT('',(-130.25,219.,266.21660624134));
#3004 = CIRCLE('',#3005,4.);
#3005 = AXIS2_PLACEMENT_3D('',#3006,#3007,#3008);
#3006 = CARTESIAN_POINT('',(-134.25,219.,266.21660624134));
#3007 = DIRECTION('',(0.,-1.,1.110223024625E-16));
#3008 = DIRECTION('',(1.,0.,0.));
#3009 = FACE_BOUND('',#3010,.T.);
#3010 = EDGE_LOOP('',(#3011));
#3011 = ORIENTED_EDGE('',*,*,#3012,.F.);
#3012 = EDGE_CURVE('',#3013,#3013,#3015,.T.);
#3013 = VERTEX_POINT('',#3014);
#3014 = CARTESIAN_POINT('',(-130.25,219.,293.06339375865));
#3015 = CIRCLE('',#3016,4.);
#3016 = AXIS2_PLACEMENT_3D('',#3017,#3018,#3019);
#3017 = CARTESIAN_POINT('',(-134.25,219.,293.06339375865));
#3018 = DIRECTION('',(0.,-1.,1.110223024625E-16));
#3019 = DIRECTION('',(1.,0.,0.));
#3020 = FACE_BOUND('',#3021,.T.);
#3021 = EDGE_LOOP('',(#3022));
#3022 = ORIENTED_EDGE('',*,*,#3023,.F.);
#3023 = EDGE_CURVE('',#3024,#3024,#3026,.T.);
#3024 = VERTEX_POINT('',#3025);
#3025 = CARTESIAN_POINT('',(-107.,219.,279.64));
#3026 = CIRCLE('',#3027,4.);
#3027 = AXIS2_PLACEMENT_3D('',#3028,#3029,#3030);
#3028 = CARTESIAN_POINT('',(-111.,219.,279.64));
#3029 = DIRECTION('',(0.,-1.,1.110223024625E-16));
#3030 = DIRECTION('',(1.,0.,0.));
#3031 = PLANE('',#3032);
#3032 = AXIS2_PLACEMENT_3D('',#3033,#3034,#3035);
#3033 = CARTESIAN_POINT('',(-126.5,219.,279.64));
#3034 = DIRECTION('',(0.,-1.,1.110223024625E-16));
#3035 = DIRECTION('',(1.,0.,0.));
#3036 = ADVANCED_FACE('',(#3037,#3056),#3189,.T.);
#3037 = FACE_BOUND('',#3038,.T.);
#3038 = EDGE_LOOP('',(#3039,#3047,#3054,#3055));
#3039 = ORIENTED_EDGE('',*,*,#3040,.T.);
#3040 = EDGE_CURVE('',#3002,#3041,#3043,.T.);
#3041 = VERTEX_POINT('',#3042);
#3042 = CARTESIAN_POINT('',(-130.25,201.,266.21660624134));
#3043 = LINE('',#3044,#3045);
#3044 = CARTESIAN_POINT('',(-130.25,219.,266.21660624134));
#3045 = VECTOR('',#3046,1.);
#3046 = DIRECTION('',(0.,-1.,1.110223024625E-16));
#3047 = ORIENTED_EDGE('',*,*,#3048,.F.);
#3048 = EDGE_CURVE('',#3041,#3041,#3049,.T.);
#3049 = CIRCLE('',#3050,4.);
#3050 = AXIS2_PLACEMENT_3D('',#3051,#3052,#3053);
#3051 = CARTESIAN_POINT('',(-134.25,201.,266.21660624134));
#3052 = DIRECTION('',(0.,-1.,1.110223024625E-16));
#3053 = DIRECTION('',(1.,0.,0.));
#3054 = ORIENTED_EDGE('',*,*,#3040,.F.);
#3055 = ORIENTED_EDGE('',*,*,#3001,.T.);
#3056 = FACE_BOUND('',#3057,.T.);
#3057 = EDGE_LOOP('',(#3058,#3121));
#3058 = ORIENTED_EDGE('',*,*,#3059,.F.);
#3059 = EDGE_CURVE('',#3060,#3062,#3064,.T.);
#3060 = VERTEX_POINT('',#3061);
#3061 = CARTESIAN_POINT('',(-137.7933245736,210.,264.36057527015));
#3062 = VERTEX_POINT('',#3063);
#3063 = CARTESIAN_POINT('',(-134.0857076844,210.,262.21998166114));
#3064 = B_SPLINE_CURVE_WITH_KNOTS('',7,(#3065,#3066,#3067,#3068,#3069,
    #3070,#3071,#3072,#3073,#3074,#3075,#3076,#3077,#3078,#3079,#3080,
    #3081,#3082,#3083,#3084,#3085,#3086,#3087,#3088,#3089,#3090,#3091,
    #3092,#3093,#3094,#3095,#3096,#3097,#3098,#3099,#3100,#3101,#3102,
    #3103,#3104,#3105,#3106,#3107,#3108,#3109,#3110,#3111,#3112,#3113,
    #3114,#3115,#3116,#3117,#3118,#3119,#3120),.UNSPECIFIED.,.F.,.F.,(8,
    6,6,6,6,6,6,6,6,8),(0.,0.149512623543,0.190115099668,0.256284119472,
    0.372858628355,0.626397652523,0.743486559968,0.809719043864,
    0.85034210898,1.),.UNSPECIFIED.);
#3065 = CARTESIAN_POINT('',(-137.7933245736,210.,264.36057527015));
#3066 = CARTESIAN_POINT('',(-137.7933245736,210.08954257107,
    264.36057527015));
#3067 = CARTESIAN_POINT('',(-137.7866963474,210.17917102254,
    264.3479216104));
#3068 = CARTESIAN_POINT('',(-137.7734181847,210.26746798334,
    264.32257126766));
#3069 = CARTESIAN_POINT('',(-137.7533845153,210.3531465123,
    264.28502167919));
#3070 = CARTESIAN_POINT('',(-137.7263244141,210.4350492343,
    264.23613423896));
#3071 = CARTESIAN_POINT('',(-137.6919697072,210.51220441925,
    264.17722290584));
#3072 = CARTESIAN_POINT('',(-137.6390722783,210.60333411346,
    264.09183583779));
#3073 = CARTESIAN_POINT('',(-137.6272386377,210.62239546169,
    264.07298859083));
#3074 = CARTESIAN_POINT('',(-137.6148678479,210.64104283995,
    264.05356377944));
#3075 = CARTESIAN_POINT('',(-137.6019601636,210.65926522545,
    264.0335959398));
#3076 = CARTESIAN_POINT('',(-137.5885167935,210.67705351643,
    264.01312039564));
#3077 = CARTESIAN_POINT('',(-137.5745399002,210.69440053221,
    263.99217325825));
#3078 = CARTESIAN_POINT('',(-137.536390353,210.73884337917,
    263.93594589523));
#3079 = CARTESIAN_POINT('',(-137.5113392462,210.7652000976,
    263.89994488565));
#3080 = CARTESIAN_POINT('',(-137.4848929561,210.79034791894,
    263.86294668419));
#3081 = CARTESIAN_POINT('',(-137.4570714338,210.81427811926,
    263.82510874752));
#3082 = CARTESIAN_POINT('',(-137.4279003196,210.83699399307,
    263.7865848808));
#3083 = CARTESIAN_POINT('',(-137.3974103565,210.85850834616,
    263.74752241596));
#3084 = CARTESIAN_POINT('',(-137.3096591531,210.91466240144,
    263.63853466528));
#3085 = CARTESIAN_POINT('',(-137.2497059929,210.94681045006,
    263.56777757269));
#3086 = CARTESIAN_POINT('',(-137.1859525251,210.97540772594,
    263.49652234401));
#3087 = CARTESIAN_POINT('',(-137.11861053,211.00063427624,
    263.42542030999));
#3088 = CARTESIAN_POINT('',(-137.0479146529,211.02268974459,
    263.35502327522));
#3089 = CARTESIAN_POINT('',(-136.9741023853,211.04176659489,
    263.28578063436));
#3090 = CARTESIAN_POINT('',(-136.7305403166,211.09341546307,
    263.07074271874));
#3091 = CARTESIAN_POINT('',(-136.550313332,211.11543628612,
    262.93089631849));
#3092 = CARTESIAN_POINT('',(-136.3584935989,211.12603908966,
    262.80167686466));
#3093 = CARTESIAN_POINT('',(-136.1573685828,211.12613142411,
    262.68539619577));
#3094 = CARTESIAN_POINT('',(-135.9496530022,211.11571952616,
    262.58362615741));
#3095 = CARTESIAN_POINT('',(-135.738482601,211.09390720768,
    262.49719757505));
#3096 = CARTESIAN_POINT('',(-135.4300280111,211.04252881478,
    262.39324274994));
#3097 = CARTESIAN_POINT('',(-135.3327099575,211.02346884288,
    262.36369953797));
#3098 = CARTESIAN_POINT('',(-135.2359414718,211.00140918218,
    262.33746193942));
#3099 = CARTESIAN_POINT('',(-135.1402355329,210.9761550429,
    262.31451175127));
#3100 = CARTESIAN_POINT('',(-135.0461938463,210.94750393063,
    262.29477636349));
#3101 = CARTESIAN_POINT('',(-134.9544942122,210.91527286402,
    262.27811248669));
#3102 = CARTESIAN_POINT('',(-134.815737242,210.85900940541,
    262.25649063853));
#3103 = CARTESIAN_POINT('',(-134.7665937369,210.83749825427,
    262.24959262541));
#3104 = CARTESIAN_POINT('',(-134.7185759324,210.81478349793,
    262.2435699046));
#3105 = CARTESIAN_POINT('',(-134.6718271489,210.79085217125,
    262.23837539979));
#3106 = CARTESIAN_POINT('',(-134.626493806,210.76570083547,
    262.23395434582));
#3107 = CARTESIAN_POINT('',(-134.5827226737,210.73933809919,
    262.23024518882));
#3108 = CARTESIAN_POINT('',(-134.5148582334,210.69488901979,
    262.22530078023));
#3109 = CARTESIAN_POINT('',(-134.4896999788,210.6775438006,
    262.22366363878));
#3110 = CARTESIAN_POINT('',(-134.4652169369,210.65975671758,
    262.22225330011));
#3111 = CARTESIAN_POINT('',(-134.4414415262,210.6415349316,
    262.22105356628));
#3112 = CARTESIAN_POINT('',(-134.4184050078,210.62288752864,
    262.22004780334));
#3113 = CARTESIAN_POINT('',(-134.3961374851,210.60382551979,
    262.2192189413));
#3114 = CARTESIAN_POINT('',(-134.2955726371,210.51265644248,
    262.21608311567));
#3115 = CARTESIAN_POINT('',(-134.2272499559,210.43544925639,
    262.21578007242));
#3116 = CARTESIAN_POINT('',(-134.1712754576,210.35348146874,
    262.21678839221));
#3117 = CARTESIAN_POINT('',(-134.1286571792,210.26772690888,
    262.21821564895));
#3118 = CARTESIAN_POINT('',(-134.100008031,210.17934613979,
    262.21939389927));
#3119 = CARTESIAN_POINT('',(-134.0857076844,210.08962986382,
    262.21998166114));
#3120 = CARTESIAN_POINT('',(-134.0857076844,210.,262.21998166114));
#3121 = ORIENTED_EDGE('',*,*,#3122,.T.);
#3122 = EDGE_CURVE('',#3060,#3062,#3123,.T.);
#3123 = B_SPLINE_CURVE_WITH_KNOTS('',8,(#3124,#3125,#3126,#3127,#3128,
    #3129,#3130,#3131,#3132,#3133,#3134,#3135,#3136,#3137,#3138,#3139,
    #3140,#3141,#3142,#3143,#3144,#3145,#3146,#3147,#3148,#3149,#3150,
    #3151,#3152,#3153,#3154,#3155,#3156,#3157,#3158,#3159,#3160,#3161,
    #3162,#3163,#3164,#3165,#3166,#3167,#3168,#3169,#3170,#3171,#3172,
    #3173,#3174,#3175,#3176,#3177,#3178,#3179,#3180,#3181,#3182,#3183,
    #3184,#3185,#3186,#3187,#3188),.UNSPECIFIED.,.F.,.F.,(9,7,7,7,7,7,7,
    7,7,9),(0.,0.148975724683,0.19238428541,0.259143414037,
    0.378466299615,0.671004851436,0.742182515869,0.808670198556,
    0.85196855301,1.),.UNSPECIFIED.);
#3124 = CARTESIAN_POINT('',(-137.7933245736,210.,264.36057527015));
#3125 = CARTESIAN_POINT('',(-137.7933245736,209.92192979497,
    264.36057527015));
#3126 = CARTESIAN_POINT('',(-137.7883888158,209.84379635227,
    264.3511526263));
#3127 = CARTESIAN_POINT('',(-137.7785040243,209.76647539759,
    264.33228103122));
#3128 = CARTESIAN_POINT('',(-137.7636153775,209.69077869751,
    264.30420013047));
#3129 = CARTESIAN_POINT('',(-137.7435966422,209.61745435506,
    264.26735083499));
#3130 = CARTESIAN_POINT('',(-137.7182813369,209.54717314281,
    264.22237544909));
#3131 = CARTESIAN_POINT('',(-137.6875424368,209.48050907867,
    264.17014164412));
#3132 = CARTESIAN_POINT('',(-137.6408793164,209.39968595188,
    264.09473494323));
#3133 = CARTESIAN_POINT('',(-137.6298905798,209.38179244104,
    264.07719472514));
#3134 = CARTESIAN_POINT('',(-137.618441475,209.36425201111,
    264.05915414628));
#3135 = CARTESIAN_POINT('',(-137.6065320565,209.34707337663,
    264.04063948491));
#3136 = CARTESIAN_POINT('',(-137.5941629405,209.33026393327,
    264.02167765841));
#3137 = CARTESIAN_POINT('',(-137.5813353646,209.31382981829,
    264.00229607678));
#3138 = CARTESIAN_POINT('',(-137.5680512468,209.29777597102,
    263.98252249635));
#3139 = CARTESIAN_POINT('',(-137.5331852238,209.258007244,
    263.93141471111));
#3140 = CARTESIAN_POINT('',(-137.5109834162,209.23481638173,
    263.89958303637));
#3141 = CARTESIAN_POINT('',(-137.4877171585,209.21254731472,
    263.86699149211));
#3142 = CARTESIAN_POINT('',(-137.4633990264,209.19120632272,
    263.8337410499));
#3143 = CARTESIAN_POINT('',(-137.4380445784,209.17079324825,
    263.7999309314));
#3144 = CARTESIAN_POINT('',(-137.4116721,209.15130248767,263.76565752985
    ));
#3145 = CARTESIAN_POINT('',(-137.384302347,209.13272398239,
    263.73101333163));
#3146 = CARTESIAN_POINT('',(-137.3052971315,209.08344401531,
    263.63365768095));
#3147 = CARTESIAN_POINT('',(-137.2515309022,209.05471971915,
    263.57033399134));
#3148 = CARTESIAN_POINT('',(-137.19477844,209.02878415745,
    263.50659998349));
#3149 = CARTESIAN_POINT('',(-137.1351781517,209.0055209728,
    263.44289484743));
#3150 = CARTESIAN_POINT('',(-137.0728822565,208.98479997371,
    263.37960551428));
#3151 = CARTESIAN_POINT('',(-137.0080493743,208.96648941929,
    263.31706411245));
#3152 = CARTESIAN_POINT('',(-136.9408354584,208.95046522937,
    263.25554911432));
#3153 = CARTESIAN_POINT('',(-136.7011097858,208.9026663335,
    263.04755603899));
#3154 = CARTESIAN_POINT('',(-136.517875211,208.88189351623,
    262.90779909256));
#3155 = CARTESIAN_POINT('',(-136.3232534714,208.87241232281,
    262.77874678998));
#3156 = CARTESIAN_POINT('',(-136.1193114688,208.87342834447,
    262.66256152742));
#3157 = CARTESIAN_POINT('',(-135.9086040688,208.88484169065,
    262.56085092169));
#3158 = CARTESIAN_POINT('',(-135.6942051117,208.90749726771,
    262.47462089609));
#3159 = CARTESIAN_POINT('',(-135.4797340271,208.94288906325,
    262.40412255064));
#3160 = CARTESIAN_POINT('',(-135.218323564,209.00562507985,
    262.33522139694));
#3161 = CARTESIAN_POINT('',(-135.1674606281,209.01878364729,
    262.32264213622));
#3162 = CARTESIAN_POINT('',(-135.11696836,209.03285060955,
    262.31095952185));
#3163 = CARTESIAN_POINT('',(-135.0669303547,209.04785311547,
    262.30016227079));
#3164 = CARTESIAN_POINT('',(-135.0174364242,209.06381738572,
    262.29023509504));
#3165 = CARTESIAN_POINT('',(-134.9685819451,209.08076762589,
    262.28115823403));
#3166 = CARTESIAN_POINT('',(-134.9204672064,209.09872493952,
    262.27290698702));
#3167 = CARTESIAN_POINT('',(-134.8290410144,209.13543684195,
    262.25848677155));
#3168 = CARTESIAN_POINT('',(-134.7856219119,209.15406092737,
    262.25221640107));
#3169 = CARTESIAN_POINT('',(-134.743026073,209.17359152318,
    262.24661618101));
#3170 = CARTESIAN_POINT('',(-134.7013431942,209.19403817216,
    262.24165780321));
#3171 = CARTESIAN_POINT('',(-134.6606649977,209.21540596489,
    262.23730893145));
#3172 = CARTESIAN_POINT('',(-134.6210841843,209.23769457047,
    262.23353352851));
#3173 = CARTESIAN_POINT('',(-134.5826933866,209.26089726731,
    262.23029218332));
#3174 = CARTESIAN_POINT('',(-134.5214176884,209.30069622763,
    262.22575173867));
#3175 = CARTESIAN_POINT('',(-134.4977945116,209.31677430852,
    262.22416952972));
#3176 = CARTESIAN_POINT('',(-134.4747399187,209.33323029864,
    262.22278415596));
#3177 = CARTESIAN_POINT('',(-134.4522786797,209.35005915008,
    262.22158343495));
#3178 = CARTESIAN_POINT('',(-134.4304349125,209.36725462666,
    262.22055478124));
#3179 = CARTESIAN_POINT('',(-134.4092319884,209.38480924552,
    262.21968533075));
#3180 = CARTESIAN_POINT('',(-134.3886924376,209.4027142188,
    262.21896206502));
#3181 = CARTESIAN_POINT('',(-134.3009576168,209.4833372825,
    262.21635435944));
#3182 = CARTESIAN_POINT('',(-134.241044115,209.54972818052,
    262.21589185459));
#3183 = CARTESIAN_POINT('',(-134.1900403137,209.61967578467,
    262.21646805665));
#3184 = CARTESIAN_POINT('',(-134.1486170933,209.69261343501,
    262.21755074238));
#3185 = CARTESIAN_POINT('',(-134.1172359276,209.76788077041,
    262.21868537233));
#3186 = CARTESIAN_POINT('',(-134.0962076654,209.84474254942,
    262.21955009625));
#3187 = CARTESIAN_POINT('',(-134.0857076844,209.92240186757,
    262.21998166114));
#3188 = CARTESIAN_POINT('',(-134.0857076844,210.,262.21998166114));
#3189 = CYLINDRICAL_SURFACE('',#3190,4.);
#3190 = AXIS2_PLACEMENT_3D('',#3191,#3192,#3193);
#3191 = CARTESIAN_POINT('',(-134.25,219.,266.21660624134));
#3192 = DIRECTION('',(0.,-1.,1.110223024625E-16));
#3193 = DIRECTION('',(1.,0.,0.));
#3194 = ADVANCED_FACE('',(#3195,#3214),#3338,.T.);
#3195 = FACE_BOUND('',#3196,.T.);
#3196 = EDGE_LOOP('',(#3197,#3205,#3212,#3213));
#3197 = ORIENTED_EDGE('',*,*,#3198,.T.);
#3198 = EDGE_CURVE('',#3013,#3199,#3201,.T.);
#3199 = VERTEX_POINT('',#3200);
#3200 = CARTESIAN_POINT('',(-130.25,201.,293.06339375865));
#3201 = LINE('',#3202,#3203);
#3202 = CARTESIAN_POINT('',(-130.25,219.,293.06339375865));
#3203 = VECTOR('',#3204,1.);
#3204 = DIRECTION('',(0.,-1.,1.110223024625E-16));
#3205 = ORIENTED_EDGE('',*,*,#3206,.F.);
#3206 = EDGE_CURVE('',#3199,#3199,#3207,.T.);
#3207 = CIRCLE('',#3208,4.);
#3208 = AXIS2_PLACEMENT_3D('',#3209,#3210,#3211);
#3209 = CARTESIAN_POINT('',(-134.25,201.,293.06339375865));
#3210 = DIRECTION('',(0.,-1.,1.110223024625E-16));
#3211 = DIRECTION('',(1.,0.,0.));
#3212 = ORIENTED_EDGE('',*,*,#3198,.F.);
#3213 = ORIENTED_EDGE('',*,*,#3012,.T.);
#3214 = FACE_BOUND('',#3215,.T.);
#3215 = EDGE_LOOP('',(#3216,#3279));
#3216 = ORIENTED_EDGE('',*,*,#3217,.F.);
#3217 = EDGE_CURVE('',#3218,#3220,#3222,.T.);
#3218 = VERTEX_POINT('',#3219);
#3219 = CARTESIAN_POINT('',(-134.0857076844,210.,297.06001833886));
#3220 = VERTEX_POINT('',#3221);
#3221 = CARTESIAN_POINT('',(-137.7933245736,210.,294.91942472983));
#3222 = B_SPLINE_CURVE_WITH_KNOTS('',7,(#3223,#3224,#3225,#3226,#3227,
    #3228,#3229,#3230,#3231,#3232,#3233,#3234,#3235,#3236,#3237,#3238,
    #3239,#3240,#3241,#3242,#3243,#3244,#3245,#3246,#3247,#3248,#3249,
    #3250,#3251,#3252,#3253,#3254,#3255,#3256,#3257,#3258,#3259,#3260,
    #3261,#3262,#3263,#3264,#3265,#3266,#3267,#3268,#3269,#3270,#3271,
    #3272,#3273,#3274,#3275,#3276,#3277,#3278),.UNSPECIFIED.,.F.,.F.,(8,
    6,6,6,6,6,6,6,6,8),(0.,0.149512624067,0.190115100246,0.256284120194,
    0.372858629747,0.626397654964,0.743486561227,0.809719044874,
    0.850342109898,1.),.UNSPECIFIED.);
#3223 = CARTESIAN_POINT('',(-134.0857076844,210.,297.06001833886));
#3224 = CARTESIAN_POINT('',(-134.0857076844,210.08954257137,
    297.06001833886));
#3225 = CARTESIAN_POINT('',(-134.0999801884,210.17917102319,
    297.06060495645));
#3226 = CARTESIAN_POINT('',(-134.1285733106,210.26746798426,
    297.06178090172));
#3227 = CARTESIAN_POINT('',(-134.1711090433,210.35314651354,
    297.06320602923));
#3228 = CARTESIAN_POINT('',(-134.2269768594,210.43504923574,
    297.0642150143));
#3229 = CARTESIAN_POINT('',(-134.2951729244,210.51220442089,
    297.06391863192));
#3230 = CARTESIAN_POINT('',(-134.3955690095,210.60333411522,
    297.06080164868));
#3231 = CARTESIAN_POINT('',(-134.4178080246,210.62239546345,
    297.05997703873));
#3232 = CARTESIAN_POINT('',(-134.4408157997,210.64104284171,
    297.0589760262));
#3233 = CARTESIAN_POINT('',(-134.4645622983,210.65926522719,
    297.0577815635));
#3234 = CARTESIAN_POINT('',(-134.4890163249,210.67705351816,
    297.0563770355));
#3235 = CARTESIAN_POINT('',(-134.5141455247,210.69440053392,
    297.05474625953));
#3236 = CARTESIAN_POINT('',(-134.5819146233,210.73884338086,
    297.04982146397));
#3237 = CARTESIAN_POINT('',(-134.6256179658,210.76520009928,
    297.04612707385));
#3238 = CARTESIAN_POINT('',(-134.6708824934,210.79034792061,
    297.04172301543));
#3239 = CARTESIAN_POINT('',(-134.7175618691,210.81427812091,
    297.03654783862));
#3240 = CARTESIAN_POINT('',(-134.7655100736,210.8369939947,
    297.03054684595));
#3241 = CARTESIAN_POINT('',(-134.8145841422,210.85850834776,
    297.0236729957));
#3242 = CARTESIAN_POINT('',(-134.9528459055,210.91466240307,
    297.00217209945));
#3243 = CARTESIAN_POINT('',(-135.0440999259,210.94681045172,
    296.98562968574));
#3244 = CARTESIAN_POINT('',(-135.1376854986,210.9754077276,
    296.96604517711));
#3245 = CARTESIAN_POINT('',(-135.2329326645,211.00063427786,
    296.94327631531));
#3246 = CARTESIAN_POINT('',(-135.3292462241,211.02268974615,
    296.91725040691));
#3247 = CARTESIAN_POINT('',(-135.4261182445,211.04176659636,
    296.88794842809));
#3248 = CARTESIAN_POINT('',(-135.734127578,211.09341546414,
    296.78453644576));
#3249 = CARTESIAN_POINT('',(-135.9453516063,211.11543628683,
    296.69837849788));
#3250 = CARTESIAN_POINT('',(-136.1531688032,211.12603908996,
    296.59686746191));
#3251 = CARTESIAN_POINT('',(-136.354433325,211.12613142394,
    296.48082842201));
#3252 = CARTESIAN_POINT('',(-136.5464265541,211.11571952542,
    296.35182647048));
#3253 = CARTESIAN_POINT('',(-136.7268611028,211.09390720622,
    296.21216182856));
#3254 = CARTESIAN_POINT('',(-136.9711159159,211.04252881223,
    295.99700972981));
#3255 = CARTESIAN_POINT('',(-137.0453601137,211.02346884018,
    295.92750142962));
#3256 = CARTESIAN_POINT('',(-137.1164667823,211.00140917937,
    295.8568162627));
#3257 = CARTESIAN_POINT('',(-137.1841951967,210.97615504002,
    295.78540758307));
#3258 = CARTESIAN_POINT('',(-137.2483073862,210.94750392775,
    295.71383278809));
#3259 = CARTESIAN_POINT('',(-137.308588543,210.9152728612,
    295.64275051461));
#3260 = CARTESIAN_POINT('',(-137.3966920969,210.85900940266,
    295.53339437846));
#3261 = CARTESIAN_POINT('',(-137.4272377037,210.83749825146,
    295.49428386144));
#3262 = CARTESIAN_POINT('',(-137.456462435,210.81478349508,
    295.45571058348));
#3263 = CARTESIAN_POINT('',(-137.4843353996,210.79085216837,
    295.41782220204));
#3264 = CARTESIAN_POINT('',(-137.5108308158,210.76570083255,
    295.38077290263));
#3265 = CARTESIAN_POINT('',(-137.5359286059,210.73933809626,
    295.34472056886));
#3266 = CARTESIAN_POINT('',(-137.5741428092,210.69488901683,
    295.28842044419));
#3267 = CARTESIAN_POINT('',(-137.5881397425,210.67754379762,
    295.26745132738));
#3268 = CARTESIAN_POINT('',(-137.6016026525,210.65975671458,
    295.24695356061));
#3269 = CARTESIAN_POINT('',(-137.6145293577,210.64153492858,
    295.22696331804));
#3270 = CARTESIAN_POINT('',(-137.626918633,210.6228875256,
    295.20751598945));
#3271 = CARTESIAN_POINT('',(-137.6387702098,210.60382551673,
    295.18864618028));
#3272 = CARTESIAN_POINT('',(-137.6917683379,210.51265643965,
    295.10312238079));
#3273 = CARTESIAN_POINT('',(-137.7261921212,210.43544925387,
    295.04410472553));
#3274 = CARTESIAN_POINT('',(-137.7533061394,210.35348146666,
    294.99512522876));
#3275 = CARTESIAN_POINT('',(-137.7733792379,210.26772690723,
    294.95750308903));
#3276 = CARTESIAN_POINT('',(-137.786683417,210.17934613871,
    294.93210307409));
#3277 = CARTESIAN_POINT('',(-137.7933245736,210.08962986327,
    294.91942472983));
#3278 = CARTESIAN_POINT('',(-137.7933245736,210.,294.91942472983));
#3279 = ORIENTED_EDGE('',*,*,#3280,.T.);
#3280 = EDGE_CURVE('',#3218,#3220,#3281,.T.);
#3281 = B_SPLINE_CURVE_WITH_KNOTS('',7,(#3282,#3283,#3284,#3285,#3286,
    #3287,#3288,#3289,#3290,#3291,#3292,#3293,#3294,#3295,#3296,#3297,
    #3298,#3299,#3300,#3301,#3302,#3303,#3304,#3305,#3306,#3307,#3308,
    #3309,#3310,#3311,#3312,#3313,#3314,#3315,#3316,#3317,#3318,#3319,
    #3320,#3321,#3322,#3323,#3324,#3325,#3326,#3327,#3328,#3329,#3330,
    #3331,#3332,#3333,#3334,#3335,#3336,#3337),.UNSPECIFIED.,.F.,.F.,(8,
    6,6,6,6,6,6,6,6,8),(0.,0.149205857005,0.192640205262,0.259464862331,
    0.372399559582,0.623882045143,0.742199956438,0.808688691059,
    0.851992843042,1.),.UNSPECIFIED.);
#3282 = CARTESIAN_POINT('',(-134.0857076844,210.,297.06001833886));
#3283 = CARTESIAN_POINT('',(-134.0857076844,209.91064147276,
    297.06001833886));
#3284 = CARTESIAN_POINT('',(-134.0999215766,209.82119793401,
    297.06060254838));
#3285 = CARTESIAN_POINT('',(-134.1283968914,209.7330774324,
    297.06177364287));
#3286 = CARTESIAN_POINT('',(-134.1707590721,209.64755900743,
    297.06319429909));
#3287 = CARTESIAN_POINT('',(-134.2264025599,209.56579357206,
    297.06420462777));
#3288 = CARTESIAN_POINT('',(-134.2943319301,209.48874834498,
    297.06392219618));
#3289 = CARTESIAN_POINT('',(-134.395888891,209.39632214701,
    297.06079807176));
#3290 = CARTESIAN_POINT('',(-134.4197007615,209.37594117749,
    297.05991242462));
#3291 = CARTESIAN_POINT('',(-134.4443915106,209.35603458559,
    297.05882447287));
#3292 = CARTESIAN_POINT('',(-134.4699242076,209.33661573144,
    297.05751325791));
#3293 = CARTESIAN_POINT('',(-134.4962603217,209.31769537115,
    297.05595824493));
#3294 = CARTESIAN_POINT('',(-134.5233599824,209.29928181942,
    297.05413965531));
#3295 = CARTESIAN_POINT('',(-134.5939873691,209.25384049841,
    297.04880658747));
#3296 = CARTESIAN_POINT('',(-134.6385036325,209.22751338868,
    297.04490626066));
#3297 = CARTESIAN_POINT('',(-134.6845822445,209.20242156431,
    297.04026932857));
#3298 = CARTESIAN_POINT('',(-134.732072382,209.17857191523,
    297.03483363128));
#3299 = CARTESIAN_POINT('',(-134.7808240274,209.15595909799,
    297.02854417833));
#3300 = CARTESIAN_POINT('',(-134.8306908112,209.13456819365,
    297.02135398796));
#3301 = CARTESIAN_POINT('',(-134.9674566879,209.08025455616,
    296.9994866876));
#3302 = CARTESIAN_POINT('',(-135.0561545292,209.04956386264,
    296.98306852236));
#3303 = CARTESIAN_POINT('',(-135.1469742219,209.02218788476,
    296.96378180855));
#3304 = CARTESIAN_POINT('',(-135.2393124981,208.9979615,296.94150211714)
  );
#3305 = CARTESIAN_POINT('',(-135.3326324312,208.97670359431,
    296.91616540535));
#3306 = CARTESIAN_POINT('',(-135.4264737493,208.95823965142,
    296.88775425161));
#3307 = CARTESIAN_POINT('',(-135.7297352903,208.90717738432,
    296.78617434159));
#3308 = CARTESIAN_POINT('',(-135.9392838013,208.8850991359,
    296.70100100358));
#3309 = CARTESIAN_POINT('',(-136.145533221,208.87428244545,
    296.60071625746));
#3310 = CARTESIAN_POINT('',(-136.3454025986,208.87382543289,
    296.48611789809));
#3311 = CARTESIAN_POINT('',(-136.5362340611,208.88369805011,
    296.35871821553));
#3312 = CARTESIAN_POINT('',(-136.7157925902,208.90474680263,
    296.2207324976));
#3313 = CARTESIAN_POINT('',(-136.9606826109,208.95486330241,
    296.00669608723));
#3314 = CARTESIAN_POINT('',(-137.036077659,208.97376783837,
    295.93660520694));
#3315 = CARTESIAN_POINT('',(-137.1082920809,208.99571640219,
    295.86526936471));
#3316 = CARTESIAN_POINT('',(-137.1770774082,209.02090898215,
    295.79314894009));
#3317 = CARTESIAN_POINT('',(-137.242187468,209.04955506241,
    295.72081198692));
#3318 = CARTESIAN_POINT('',(-137.3033996633,209.08184556103,
    295.64893187837));
#3319 = CARTESIAN_POINT('',(-137.3926339167,209.1381809286,
    295.5385623355));
#3320 = CARTESIAN_POINT('',(-137.4234460587,209.15963973511,
    295.49924282233));
#3321 = CARTESIAN_POINT('',(-137.4529300671,209.18231009459,
    295.46045108149));
#3322 = CARTESIAN_POINT('',(-137.4810543563,209.20620581821,
    295.42233589684));
#3323 = CARTESIAN_POINT('',(-137.5077924522,209.23133116811,
    295.38505285467));
#3324 = CARTESIAN_POINT('',(-137.5331236292,209.25767827736,
    295.34876149107));
#3325 = CARTESIAN_POINT('',(-137.5726060915,209.30316548632,
    295.29073635412));
#3326 = CARTESIAN_POINT('',(-137.5875758955,209.32161527441,
    295.26833879828));
#3327 = CARTESIAN_POINT('',(-137.6019388581,209.34056765103,
    295.24647416701));
#3328 = CARTESIAN_POINT('',(-137.6156923481,209.36001407442,
    295.22518641387));
#3329 = CARTESIAN_POINT('',(-137.6288350433,209.37994358894,
    295.20451866742));
#3330 = CARTESIAN_POINT('',(-137.6413667688,209.40034266988,
    295.18451284779));
#3331 = CARTESIAN_POINT('',(-137.6940344823,209.49246546725,
    295.09923256849));
#3332 = CARTESIAN_POINT('',(-137.7276805603,209.56907991953,
    295.04141450959));
#3333 = CARTESIAN_POINT('',(-137.7541881647,209.65030883551,
    294.99347172613));
#3334 = CARTESIAN_POINT('',(-137.7738176132,209.73520243325,
    294.95666612815));
#3335 = CARTESIAN_POINT('',(-137.7868290432,209.82263508152,
    294.9318250737));
#3336 = CARTESIAN_POINT('',(-137.7933245736,209.9113582263,
    294.91942472983));
#3337 = CARTESIAN_POINT('',(-137.7933245736,210.,294.91942472983));
#3338 = CYLINDRICAL_SURFACE('',#3339,4.);
#3339 = AXIS2_PLACEMENT_3D('',#3340,#3341,#3342);
#3340 = CARTESIAN_POINT('',(-134.25,219.,293.06339375865));
#3341 = DIRECTION('',(0.,-1.,1.110223024625E-16));
#3342 = DIRECTION('',(1.,0.,0.));
#3343 = ADVANCED_FACE('',(#3344),#3450,.T.);
#3344 = FACE_BOUND('',#3345,.T.);
#3345 = EDGE_LOOP('',(#3346,#3356,#3363,#3364,#3401,#3436,#3442,#3443,
    #3444));
#3346 = ORIENTED_EDGE('',*,*,#3347,.T.);
#3347 = EDGE_CURVE('',#3348,#3350,#3352,.T.);
#3348 = VERTEX_POINT('',#3349);
#3349 = CARTESIAN_POINT('',(-107.,208.88196601125,279.64));
#3350 = VERTEX_POINT('',#3351);
#3351 = CARTESIAN_POINT('',(-107.,201.,279.64));
#3352 = LINE('',#3353,#3354);
#3353 = CARTESIAN_POINT('',(-107.,219.,279.64));
#3354 = VECTOR('',#3355,1.);
#3355 = DIRECTION('',(0.,-1.,1.110223024625E-16));
#3356 = ORIENTED_EDGE('',*,*,#3357,.F.);
#3357 = EDGE_CURVE('',#3350,#3350,#3358,.T.);
#3358 = CIRCLE('',#3359,4.);
#3359 = AXIS2_PLACEMENT_3D('',#3360,#3361,#3362);
#3360 = CARTESIAN_POINT('',(-111.,201.,279.64));
#3361 = DIRECTION('',(0.,-1.,1.110223024625E-16));
#3362 = DIRECTION('',(1.,0.,0.));
#3363 = ORIENTED_EDGE('',*,*,#3347,.F.);
#3364 = ORIENTED_EDGE('',*,*,#3365,.T.);
#3365 = EDGE_CURVE('',#3348,#3366,#3368,.T.);
#3366 = VERTEX_POINT('',#3367);
#3367 = CARTESIAN_POINT('',(-107.6209677419,210.,281.78059360901));
#3368 = B_SPLINE_CURVE_WITH_KNOTS('',7,(#3369,#3370,#3371,#3372,#3373,
    #3374,#3375,#3376,#3377,#3378,#3379,#3380,#3381,#3382,#3383,#3384,
    #3385,#3386,#3387,#3388,#3389,#3390,#3391,#3392,#3393,#3394,#3395,
    #3396,#3397,#3398,#3399,#3400),.UNSPECIFIED.,.F.,.F.,(8,6,6,6,6,8),(
    0.,0.341291563649,0.48383697746,0.616930826606,0.703588319523,1.),
  .UNSPECIFIED.);
#3369 = CARTESIAN_POINT('',(-107.,208.88196601125,279.64));
#3370 = CARTESIAN_POINT('',(-107.,208.88196601125,279.79482030746));
#3371 = CARTESIAN_POINT('',(-107.0069911505,208.88693597737,
    279.94958466263));
#3372 = CARTESIAN_POINT('',(-107.0209638738,208.89687151186,
    280.10348764383));
#3373 = CARTESIAN_POINT('',(-107.041768754,208.91198246703,
    280.25558153387));
#3374 = CARTESIAN_POINT('',(-107.0690493076,208.93266690631,
    280.4047942535));
#3375 = CARTESIAN_POINT('',(-107.1021809192,208.95947244145,
    280.54995017251));
#3376 = CARTESIAN_POINT('',(-107.1561018245,209.00706699353,
    280.74820153467));
#3377 = CARTESIAN_POINT('',(-107.1728387173,209.0222657227,
    280.80566676984));
#3378 = CARTESIAN_POINT('',(-107.1903544575,209.0386844332,
    280.86208919802));
#3379 = CARTESIAN_POINT('',(-107.2085638529,209.05636676601,
    280.91736011591));
#3380 = CARTESIAN_POINT('',(-107.2273684644,209.07535379642,
    280.97136455859));
#3381 = CARTESIAN_POINT('',(-107.2466563888,209.09568112706,
    281.02398343507));
#3382 = CARTESIAN_POINT('',(-107.2846450791,209.13763234366,
    281.12281886379));
#3383 = CARTESIAN_POINT('',(-107.3032999856,209.15908088289,
    281.16922866019));
#3384 = CARTESIAN_POINT('',(-107.3221642261,209.18174253793,
    281.21422406769));
#3385 = CARTESIAN_POINT('',(-107.3411246196,209.20563128668,
    281.2577031112));
#3386 = CARTESIAN_POINT('',(-107.3600594913,209.23075155386,
    281.29956481387));
#3387 = CARTESIAN_POINT('',(-107.3788408239,209.25709561917,
    281.33971118503));
#3388 = CARTESIAN_POINT('',(-107.4093788966,209.30257585779,
    281.40301112034));
#3389 = CARTESIAN_POINT('',(-107.4213004086,209.3210201629,
    281.42720667847));
#3390 = CARTESIAN_POINT('',(-107.4330645084,209.33996769504,
    281.4506100773));
#3391 = CARTESIAN_POINT('',(-107.444634399,209.3594099466,
    281.47319700342));
#3392 = CARTESIAN_POINT('',(-107.4559733365,209.37933599197,
    281.49494468829));
#3393 = CARTESIAN_POINT('',(-107.4670450442,209.39973233109,
    281.51583196141));
#3394 = CARTESIAN_POINT('',(-107.5146497331,209.49190146793,
    281.60427435338));
#3395 = CARTESIAN_POINT('',(-107.547969922,209.56858148796,
    281.66246111989));
#3396 = CARTESIAN_POINT('',(-107.5763009295,209.64989191091,
    281.70950296207));
#3397 = CARTESIAN_POINT('',(-107.598413907,209.73488031442,
    281.74499207024));
#3398 = CARTESIAN_POINT('',(-107.6134581201,209.82241725396,
    281.76873913702));
#3399 = CARTESIAN_POINT('',(-107.6209677419,209.91124958557,
    281.78059360901));
#3400 = CARTESIAN_POINT('',(-107.6209677419,210.,281.78059360901));
#3401 = ORIENTED_EDGE('',*,*,#3402,.T.);
#3402 = EDGE_CURVE('',#3366,#3403,#3405,.T.);
#3403 = VERTEX_POINT('',#3404);
#3404 = CARTESIAN_POINT('',(-107.,211.11803398875,279.64));
#3405 = B_SPLINE_CURVE_WITH_KNOTS('',8,(#3406,#3407,#3408,#3409,#3410,
    #3411,#3412,#3413,#3414,#3415,#3416,#3417,#3418,#3419,#3420,#3421,
    #3422,#3423,#3424,#3425,#3426,#3427,#3428,#3429,#3430,#3431,#3432,
    #3433,#3434,#3435),.UNSPECIFIED.,.F.,.F.,(9,7,7,7,9),(0.,
    0.29889338549,0.380062528672,0.51234221098,1.),.UNSPECIFIED.);
#3406 = CARTESIAN_POINT('',(-107.6209677419,210.,281.78059360901));
#3407 = CARTESIAN_POINT('',(-107.6209677419,210.07834974968,
    281.78059360901));
#3408 = CARTESIAN_POINT('',(-107.6152345336,210.15676390967,
    281.77154332741));
#3409 = CARTESIAN_POINT('',(-107.6037516145,210.23435662305,
    281.75341756842));
#3410 = CARTESIAN_POINT('',(-107.5867574733,210.31030724783,
    281.72628993888));
#3411 = CARTESIAN_POINT('',(-107.5647035489,210.38386003307,
    281.69027328773));
#3412 = CARTESIAN_POINT('',(-107.5382383879,210.45433803056,
    281.64554732436));
#3413 = CARTESIAN_POINT('',(-107.5081880611,210.52116283426,
    281.59244123402));
#3414 = CARTESIAN_POINT('',(-107.4666267374,210.60090131668,
    281.5150001892));
#3415 = CARTESIAN_POINT('',(-107.4575546833,210.61763012465,
    281.49788359386));
#3416 = CARTESIAN_POINT('',(-107.448305224,210.63405007312,
    281.4801994897));
#3417 = CARTESIAN_POINT('',(-107.4388969474,210.65015403272,
    281.46195865457));
#3418 = CARTESIAN_POINT('',(-107.4293485441,210.66593583459,
    281.44317247636));
#3419 = CARTESIAN_POINT('',(-107.4196788073,210.68139027039,
    281.42385295293));
#3420 = CARTESIAN_POINT('',(-107.4099066325,210.69651309234,
    281.4040126922));
#3421 = CARTESIAN_POINT('',(-107.3839895252,210.73540058343,
    281.35050455349));
#3422 = CARTESIAN_POINT('',(-107.3677058497,210.75861091801,
    281.31599580967));
#3423 = CARTESIAN_POINT('',(-107.3512813925,210.78091748595,
    281.28019554736));
#3424 = CARTESIAN_POINT('',(-107.3347956269,210.80231301912,
    281.24316314321));
#3425 = CARTESIAN_POINT('',(-107.3183252915,210.82279657196,
    281.20495976425));
#3426 = CARTESIAN_POINT('',(-107.3019435838,210.84237258136,
    281.16564764842));
#3427 = CARTESIAN_POINT('',(-107.285719354,210.86104992646,
    281.12528938506));
#3428 = CARTESIAN_POINT('',(-107.2107199749,210.94442891397,
    280.93153648177));
#3429 = CARTESIAN_POINT('',(-107.1549001325,210.99778309606,
    280.76619169711));
#3430 = CARTESIAN_POINT('',(-107.105194358,211.03990538567,
    280.5905603259));
#3431 = CARTESIAN_POINT('',(-107.0637876275,211.07201425302,
    280.4072129516));
#3432 = CARTESIAN_POINT('',(-107.032043528,211.09525256459,
    280.2185653854));
#3433 = CARTESIAN_POINT('',(-107.0106917621,211.11043259407,
    280.02672631828));
#3434 = CARTESIAN_POINT('',(-107.,211.11803398875,279.83344573732));
#3435 = CARTESIAN_POINT('',(-107.,211.11803398875,279.64));
#3436 = ORIENTED_EDGE('',*,*,#3437,.F.);
#3437 = EDGE_CURVE('',#3024,#3403,#3438,.T.);
#3438 = LINE('',#3439,#3440);
#3439 = CARTESIAN_POINT('',(-107.,219.,279.64));
#3440 = VECTOR('',#3441,1.);
#3441 = DIRECTION('',(0.,-1.,1.110223024625E-16));
#3442 = ORIENTED_EDGE('',*,*,#3023,.T.);
#3443 = ORIENTED_EDGE('',*,*,#3437,.T.);
#3444 = ORIENTED_EDGE('',*,*,#3445,.T.);
#3445 = EDGE_CURVE('',#3403,#3348,#3446,.T.);
#3446 = LINE('',#3447,#3448);
#3447 = CARTESIAN_POINT('',(-107.,219.,279.64));
#3448 = VECTOR('',#3449,1.);
#3449 = DIRECTION('',(0.,-1.,1.110223024625E-16));
#3450 = CYLINDRICAL_SURFACE('',#3451,4.);
#3451 = AXIS2_PLACEMENT_3D('',#3452,#3453,#3454);
#3452 = CARTESIAN_POINT('',(-111.,219.,279.64));
#3453 = DIRECTION('',(0.,-1.,1.110223024625E-16));
#3454 = DIRECTION('',(1.,0.,0.));
#3455 = ADVANCED_FACE('',(#3456),#3459,.T.);
#3456 = FACE_BOUND('',#3457,.T.);
#3457 = EDGE_LOOP('',(#3458));
#3458 = ORIENTED_EDGE('',*,*,#3048,.T.);
#3459 = PLANE('',#3460);
#3460 = AXIS2_PLACEMENT_3D('',#3461,#3462,#3463);
#3461 = CARTESIAN_POINT('',(-134.25,201.,266.21660624134));
#3462 = DIRECTION('',(0.,-1.,1.110223024625E-16));
#3463 = DIRECTION('',(1.,0.,0.));
#3464 = ADVANCED_FACE('',(#3465),#3662,.T.);
#3465 = FACE_BOUND('',#3466,.T.);
#3466 = EDGE_LOOP('',(#3467,#3476,#3477,#3484,#3485,#3492,#3493,#3502,
    #3511,#3543,#3575,#3582,#3583,#3584,#3585,#3586,#3587,#3588,#3597));
#3467 = ORIENTED_EDGE('',*,*,#3468,.F.);
#3468 = EDGE_CURVE('',#3403,#3469,#3471,.T.);
#3469 = VERTEX_POINT('',#3470);
#3470 = CARTESIAN_POINT('',(-106.,211.5,279.64));
#3471 = CIRCLE('',#3472,1.5);
#3472 = AXIS2_PLACEMENT_3D('',#3473,#3474,#3475);
#3473 = CARTESIAN_POINT('',(-106.,210.,279.64));
#3474 = DIRECTION('',(0.,-1.110223024625E-16,-1.));
#3475 = DIRECTION('',(1.,0.,0.));
#3476 = ORIENTED_EDGE('',*,*,#3402,.F.);
#3477 = ORIENTED_EDGE('',*,*,#3478,.T.);
#3478 = EDGE_CURVE('',#3366,#3218,#3479,.T.);
#3479 = CIRCLE('',#3480,19.);
#3480 = AXIS2_PLACEMENT_3D('',#3481,#3482,#3483);
#3481 = CARTESIAN_POINT('',(-126.5,210.,279.64));
#3482 = DIRECTION('',(0.,-1.,1.110223024625E-16));
#3483 = DIRECTION('',(1.,0.,0.));
#3484 = ORIENTED_EDGE('',*,*,#3217,.T.);
#3485 = ORIENTED_EDGE('',*,*,#3486,.T.);
#3486 = EDGE_CURVE('',#3220,#3060,#3487,.T.);
#3487 = CIRCLE('',#3488,19.);
#3488 = AXIS2_PLACEMENT_3D('',#3489,#3490,#3491);
#3489 = CARTESIAN_POINT('',(-126.5,210.,279.64));
#3490 = DIRECTION('',(0.,-1.,1.110223024625E-16));
#3491 = DIRECTION('',(1.,0.,0.));
#3492 = ORIENTED_EDGE('',*,*,#3059,.T.);
#3493 = ORIENTED_EDGE('',*,*,#3494,.T.);
#3494 = EDGE_CURVE('',#3062,#3495,#3497,.T.);
#3495 = VERTEX_POINT('',#3496);
#3496 = CARTESIAN_POINT('',(-114.2870354159,210.,265.08515558073));
#3497 = CIRCLE('',#3498,19.);
#3498 = AXIS2_PLACEMENT_3D('',#3499,#3500,#3501);
#3499 = CARTESIAN_POINT('',(-126.5,210.,279.64));
#3500 = DIRECTION('',(0.,-1.,1.110223024625E-16));
#3501 = DIRECTION('',(1.,0.,0.));
#3502 = ORIENTED_EDGE('',*,*,#3503,.T.);
#3503 = EDGE_CURVE('',#3495,#3504,#3506,.T.);
#3504 = VERTEX_POINT('',#3505);
#3505 = CARTESIAN_POINT('',(-113.3228540014,211.5,263.93608891606));
#3506 = CIRCLE('',#3507,1.5);
#3507 = AXIS2_PLACEMENT_3D('',#3508,#3509,#3510);
#3508 = CARTESIAN_POINT('',(-113.3228540014,210.,263.93608891606));
#3509 = DIRECTION('',(-0.766044443119,-7.136376042178E-17,
    -0.642787609687));
#3510 = DIRECTION('',(0.642787609687,-8.504801786368E-17,-0.766044443119
    ));
#3511 = ORIENTED_EDGE('',*,*,#3512,.F.);
#3512 = EDGE_CURVE('',#3513,#3504,#3515,.T.);
#3513 = VERTEX_POINT('',#3514);
#3514 = CARTESIAN_POINT('',(-113.5406473625,210.,261.86205919634));
#3515 = B_SPLINE_CURVE_WITH_KNOTS('',6,(#3516,#3517,#3518,#3519,#3520,
    #3521,#3522,#3523,#3524,#3525,#3526,#3527,#3528,#3529,#3530,#3531,
    #3532,#3533,#3534,#3535,#3536,#3537,#3538,#3539,#3540,#3541,#3542),
  .UNSPECIFIED.,.F.,.F.,(7,5,5,5,5,7),(0.,0.203993456032,0.334513808713,
    0.508352229187,0.747491411648,1.),.UNSPECIFIED.);
#3516 = CARTESIAN_POINT('',(-113.5406473625,210.,261.86205919634));
#3517 = CARTESIAN_POINT('',(-113.5406473625,210.09737913804,
    261.86205919634));
#3518 = CARTESIAN_POINT('',(-113.539390449,210.1948034834,
    261.87236339622));
#3519 = CARTESIAN_POINT('',(-113.5368743783,210.29070649302,
    261.89298851077));
#3520 = CARTESIAN_POINT('',(-113.5331953143,210.3838255923,
    261.92325578236));
#3521 = CARTESIAN_POINT('',(-113.5284976743,210.47322606069,
    261.96217185753));
#3522 = CARTESIAN_POINT('',(-113.51938871,210.61266664026,262.0383008231
    ));
#3523 = CARTESIAN_POINT('',(-113.5154818725,210.66531273574,
    262.07109374283));
#3524 = CARTESIAN_POINT('',(-113.5112618752,210.7160598131,
    262.10670088456));
#3525 = CARTESIAN_POINT('',(-113.5067682773,210.76482500198,
    262.14484736225));
#3526 = CARTESIAN_POINT('',(-113.5020383039,210.81156839465,
    262.18527477959));
#3527 = CARTESIAN_POINT('',(-113.4905332319,210.91583219836,
    262.28434052287));
#3528 = CARTESIAN_POINT('',(-113.4836012844,210.97177268034,
    262.34456197945));
#3529 = CARTESIAN_POINT('',(-113.4763852795,211.02409145219,
    262.40789417099));
#3530 = CARTESIAN_POINT('',(-113.4689516128,211.07283374212,
    262.47387586469));
#3531 = CARTESIAN_POINT('',(-113.4613557098,211.11808062248,
    262.54212115063));
#3532 = CARTESIAN_POINT('',(-113.4430290007,211.21749742877,
    262.70890726342));
#3533 = CARTESIAN_POINT('',(-113.4321954523,211.26861869834,
    262.80917136073));
#3534 = CARTESIAN_POINT('',(-113.4212548603,211.3135530159,
    262.91233088482));
#3535 = CARTESIAN_POINT('',(-113.4102960138,211.35253813461,
    263.01775615242));
#3536 = CARTESIAN_POINT('',(-113.3993869241,211.38580014005,
    263.1249471915));
#3537 = CARTESIAN_POINT('',(-113.3771648026,211.44280009595,
    263.34818553726));
#3538 = CARTESIAN_POINT('',(-113.3658658886,211.46589550473,
    263.46436678593));
#3539 = CARTESIAN_POINT('',(-113.354742184,211.48302909017,
    263.58161769076));
#3540 = CARTESIAN_POINT('',(-113.3438418224,211.49436152442,
    263.69954486788));
#3541 = CARTESIAN_POINT('',(-113.3332025302,211.49999969577,
    263.81780463067));
#3542 = CARTESIAN_POINT('',(-113.3228540028,211.5,263.93608891778));
#3543 = ORIENTED_EDGE('',*,*,#3544,.F.);
#3544 = EDGE_CURVE('',#3545,#3513,#3547,.T.);
#3545 = VERTEX_POINT('',#3546);
#3546 = CARTESIAN_POINT('',(-113.3228540014,208.5,263.93608891606));
#3547 = B_SPLINE_CURVE_WITH_KNOTS('',6,(#3548,#3549,#3550,#3551,#3552,
    #3553,#3554,#3555,#3556,#3557,#3558,#3559,#3560,#3561,#3562,#3563,
    #3564,#3565,#3566,#3567,#3568,#3569,#3570,#3571,#3572,#3573,#3574),
  .UNSPECIFIED.,.F.,.F.,(7,5,5,5,5,7),(0.,0.245966527324,0.489817544253,
    0.663818681733,0.794456483727,1.),.UNSPECIFIED.);
#3548 = CARTESIAN_POINT('',(-113.3228540034,208.5,263.93608891848));
#3549 = CARTESIAN_POINT('',(-113.3329343979,208.50000025758,
    263.82086938649));
#3550 = CARTESIAN_POINT('',(-113.3432907432,208.50535015588,
    263.70567249413));
#3551 = CARTESIAN_POINT('',(-113.3538955188,208.5161016149,
    263.59078383514));
#3552 = CARTESIAN_POINT('',(-113.3647140159,208.53235222404,
    263.47652048327));
#3553 = CARTESIAN_POINT('',(-113.3757022789,208.55424803644,
    263.36324323179));
#3554 = CARTESIAN_POINT('',(-113.3978123224,208.60948611832,
    263.1404566443));
#3555 = CARTESIAN_POINT('',(-113.4089297224,208.64272274533,
    263.03094765546));
#3556 = CARTESIAN_POINT('',(-113.4201049953,208.68188986155,
    262.92322972245));
#3557 = CARTESIAN_POINT('',(-113.4312672459,208.7272253138,
    262.8178254181));
#3558 = CARTESIAN_POINT('',(-113.4423234844,208.77898014683,
    262.71539483291));
#3559 = CARTESIAN_POINT('',(-113.460881273,208.8791397347,
    262.54639367221));
#3560 = CARTESIAN_POINT('',(-113.4684922327,208.92424899548,
    262.47797040996));
#3561 = CARTESIAN_POINT('',(-113.4759427959,208.97285670294,
    262.41180008633));
#3562 = CARTESIAN_POINT('',(-113.4831777194,209.02504480858,
    262.34826738741));
#3563 = CARTESIAN_POINT('',(-113.49013078,209.08086002055,
    262.28783236702));
#3564 = CARTESIAN_POINT('',(-113.5016766928,209.18491634111,
    262.18836988357));
#3565 = CARTESIAN_POINT('',(-113.5064253942,209.2315740146,
    262.14776524932));
#3566 = CARTESIAN_POINT('',(-113.5109390937,209.28025870014,
    262.10943317891));
#3567 = CARTESIAN_POINT('',(-113.5151805932,209.33093178868,
    262.07363187295));
#3568 = CARTESIAN_POINT('',(-113.5191103029,209.3835119755,
    262.04063641954));
#3569 = CARTESIAN_POINT('',(-113.5283185314,209.52337757676,
    261.96365601267));
#3570 = CARTESIAN_POINT('',(-113.5330830178,209.61334350315,
    261.92417969058));
#3571 = CARTESIAN_POINT('',(-113.5368167355,209.70710572268,
    261.89346100477));
#3572 = CARTESIAN_POINT('',(-113.539371258,209.80371426496,
    261.87252073337));
#3573 = CARTESIAN_POINT('',(-113.5406473625,209.90188026514,
    261.86205919634));
#3574 = CARTESIAN_POINT('',(-113.5406473625,210.,261.86205919634));
#3575 = ORIENTED_EDGE('',*,*,#3576,.T.);
#3576 = EDGE_CURVE('',#3545,#3495,#3577,.T.);
#3577 = CIRCLE('',#3578,1.5);
#3578 = AXIS2_PLACEMENT_3D('',#3579,#3580,#3581);
#3579 = CARTESIAN_POINT('',(-113.3228540014,210.,263.93608891606));
#3580 = DIRECTION('',(-0.766044443119,-7.136376042178E-17,
    -0.642787609687));
#3581 = DIRECTION('',(0.642787609687,-8.504801786368E-17,-0.766044443119
    ));
#3582 = ORIENTED_EDGE('',*,*,#3494,.F.);
#3583 = ORIENTED_EDGE('',*,*,#3122,.F.);
#3584 = ORIENTED_EDGE('',*,*,#3486,.F.);
#3585 = ORIENTED_EDGE('',*,*,#3280,.F.);
#3586 = ORIENTED_EDGE('',*,*,#3478,.F.);
#3587 = ORIENTED_EDGE('',*,*,#3365,.F.);
#3588 = ORIENTED_EDGE('',*,*,#3589,.F.);
#3589 = EDGE_CURVE('',#3590,#3348,#3592,.T.);
#3590 = VERTEX_POINT('',#3591);
#3591 = CARTESIAN_POINT('',(-106.,208.5,279.64));
#3592 = CIRCLE('',#3593,1.5);
#3593 = AXIS2_PLACEMENT_3D('',#3594,#3595,#3596);
#3594 = CARTESIAN_POINT('',(-106.,210.,279.64));
#3595 = DIRECTION('',(0.,-1.110223024625E-16,-1.));
#3596 = DIRECTION('',(1.,0.,0.));
#3597 = ORIENTED_EDGE('',*,*,#3598,.F.);
#3598 = EDGE_CURVE('',#3469,#3590,#3599,.T.);
#3599 = B_SPLINE_CURVE_WITH_KNOTS('',6,(#3600,#3601,#3602,#3603,#3604,
    #3605,#3606,#3607,#3608,#3609,#3610,#3611,#3612,#3613,#3614,#3615,
    #3616,#3617,#3618,#3619,#3620,#3621,#3622,#3623,#3624,#3625,#3626,
    #3627,#3628,#3629,#3630,#3631,#3632,#3633,#3634,#3635,#3636,#3637,
    #3638,#3639,#3640,#3641,#3642,#3643,#3644,#3645,#3646,#3647,#3648,
    #3649,#3650,#3651,#3652,#3653,#3654,#3655,#3656,#3657,#3658,#3659,
    #3660,#3661),.UNSPECIFIED.,.F.,.F.,(7,5,5,5,5,5,5,5,5,5,5,5,7),(0.,
    0.122506684257,0.244465694566,0.333382029553,0.39859015283,
    0.432965353298,0.499428192175,0.567664849876,0.602061054207,
    0.667320095226,0.754237672387,0.933614108191,1.),.UNSPECIFIED.);
#3600 = CARTESIAN_POINT('',(-106.0000000073,211.5,279.64));
#3601 = CARTESIAN_POINT('',(-105.9185269106,211.49999974814,
    279.72147307403));
#3602 = CARTESIAN_POINT('',(-105.8372470095,211.49469039929,
    279.8031415631));
#3603 = CARTESIAN_POINT('',(-105.7563591779,211.48402064936,
    279.88480303367));
#3604 = CARTESIAN_POINT('',(-105.6760814456,211.4678941868,
    279.96622977729));
#3605 = CARTESIAN_POINT('',(-105.5966588804,211.44616696366,
    280.04715953764));
#3606 = CARTESIAN_POINT('',(-105.4404340497,211.39124501059,
    280.20705472615));
#3607 = CARTESIAN_POINT('',(-105.3636386881,211.35810750542,
    280.28600988987));
#3608 = CARTESIAN_POINT('',(-105.2882486407,211.31903867957,
    280.36386274515));
#3609 = CARTESIAN_POINT('',(-105.214618121,211.27380086725,
    280.44022370339));
#3610 = CARTESIAN_POINT('',(-105.1431922595,211.22214296578,
    280.51459810374));
#3611 = CARTESIAN_POINT('',(-105.0244693048,211.1212422264,
    280.63868079603));
#3612 = CARTESIAN_POINT('',(-104.9758888872,211.07514616522,
    280.68960102572));
#3613 = CARTESIAN_POINT('',(-104.9290032519,211.02539476757,
    280.7388805431));
#3614 = CARTESIAN_POINT('',(-104.8840897073,210.97190034669,
    280.7862095079));
#3615 = CARTESIAN_POINT('',(-104.8414809378,210.91461420171,
    280.83121595485));
#3616 = CARTESIAN_POINT('',(-104.7722804698,210.8087656816,
    280.90446192169));
#3617 = CARTESIAN_POINT('',(-104.7444504865,210.76195468941,
    280.93396902292));
#3618 = CARTESIAN_POINT('',(-104.7182202444,210.71312611997,
    280.9618237938));
#3619 = CARTESIAN_POINT('',(-104.6937638544,210.66232091975,
    280.98783151855));
#3620 = CARTESIAN_POINT('',(-104.6712663433,210.60962320687,
    281.01178533576));
#3621 = CARTESIAN_POINT('',(-104.6401824866,210.52646854684,
    281.04491479484));
#3622 = CARTESIAN_POINT('',(-104.6300484828,210.49727781756,
    281.05572244793));
#3623 = CARTESIAN_POINT('',(-104.6205374704,210.4676217918,
    281.06587144787));
#3624 = CARTESIAN_POINT('',(-104.6116764016,210.43752624225,
    281.07533167914));
#3625 = CARTESIAN_POINT('',(-104.6034911223,210.40702193929,
    281.08407426817));
#3626 = CARTESIAN_POINT('',(-104.5815322874,210.31644624955,
    281.10753700963));
#3627 = CARTESIAN_POINT('',(-104.5696719462,210.25534411459,
    281.1202219191));
#3628 = CARTESIAN_POINT('',(-104.5606022286,210.19311813738,
    281.12992896775));
#3629 = CARTESIAN_POINT('',(-104.5544607048,210.13009747538,
    281.13650452145));
#3630 = CARTESIAN_POINT('',(-104.5513260123,210.06665669994,
    281.13986072683));
#3631 = CARTESIAN_POINT('',(-104.5510688882,209.9380729593,
    281.14013602274));
#3632 = CARTESIAN_POINT('',(-104.5541091228,209.8729105373,
    281.13688095546));
#3633 = CARTESIAN_POINT('',(-104.5603229347,209.80817519293,
    281.13022781711));
#3634 = CARTESIAN_POINT('',(-104.5696266508,209.74427318808,
    281.12027009358));
#3635 = CARTESIAN_POINT('',(-104.5818709554,209.68156085766,
    281.1071745386));
#3636 = CARTESIAN_POINT('',(-104.6044185808,209.58947937672,
    281.08308362388));
#3637 = CARTESIAN_POINT('',(-104.6126738095,209.55899504297,
    281.07426670217));
#3638 = CARTESIAN_POINT('',(-104.6216037002,209.52892241894,
    281.06473344284));
#3639 = CARTESIAN_POINT('',(-104.6311822801,209.49929203506,
    281.05451286169));
#3640 = CARTESIAN_POINT('',(-104.6413825056,209.47012942035,
    281.04363517652));
#3641 = CARTESIAN_POINT('',(-104.672657616,209.38705343954,
    281.01030380727));
#3642 = CARTESIAN_POINT('',(-104.6952772234,209.33441271623,
    280.9862215565));
#3643 = CARTESIAN_POINT('',(-104.7198509089,209.28367156309,
    280.96009097775));
#3644 = CARTESIAN_POINT('',(-104.7461935216,209.23491273331,
    280.9321190734));
#3645 = CARTESIAN_POINT('',(-104.7741310611,209.18817603868,
    280.90250043697));
#3646 = CARTESIAN_POINT('',(-104.8426438035,209.08392855046,
    280.82998892956));
#3647 = CARTESIAN_POINT('',(-104.8843306071,209.0279978799,
    280.78595866584));
#3648 = CARTESIAN_POINT('',(-104.9282171024,208.97568920996,
    280.73971204782));
#3649 = CARTESIAN_POINT('',(-104.9739927128,208.92695720728,
    280.69159633391));
#3650 = CARTESIAN_POINT('',(-105.0213975102,208.88172073959,
    280.64190196273));
#3651 = CARTESIAN_POINT('',(-105.1710028139,208.75353969331,
    280.48551135235));
#3652 = CARTESIAN_POINT('',(-105.2777669083,208.68174122866,
    280.37449945977));
#3653 = CARTESIAN_POINT('',(-105.3887951974,208.6235285385,
    280.25975701448));
#3654 = CARTESIAN_POINT('',(-105.5028442276,208.5781746766,
    280.14266124416));
#3655 = CARTESIAN_POINT('',(-105.6189820075,208.54500003285,
    280.02422138557));
#3656 = CARTESIAN_POINT('',(-105.7801388782,208.51569261287,
    279.86099389911));
#3657 = CARTESIAN_POINT('',(-105.8238653384,208.50939161822,
    279.81681655721));
#3658 = CARTESIAN_POINT('',(-105.867749362,208.50468591615,
    279.77259240105));
#3659 = CARTESIAN_POINT('',(-105.9117555526,208.50155936853,
    279.72835854055));
#3660 = CARTESIAN_POINT('',(-105.9558499449,208.50000000042,
    279.68415005639));
#3661 = CARTESIAN_POINT('',(-106.0000000051,208.5,279.64));
#3662 = TOROIDAL_SURFACE('',#3663,20.5,1.5);
#3663 = AXIS2_PLACEMENT_3D('',#3664,#3665,#3666);
#3664 = CARTESIAN_POINT('',(-126.5,210.,279.64));
#3665 = DIRECTION('',(0.,-1.,1.110223024625E-16));
#3666 = DIRECTION('',(1.,0.,0.));
#3667 = ADVANCED_FACE('',(#3668),#3671,.T.);
#3668 = FACE_BOUND('',#3669,.T.);
#3669 = EDGE_LOOP('',(#3670));
#3670 = ORIENTED_EDGE('',*,*,#3206,.T.);
#3671 = PLANE('',#3672);
#3672 = AXIS2_PLACEMENT_3D('',#3673,#3674,#3675);
#3673 = CARTESIAN_POINT('',(-134.25,201.,293.06339375865));
#3674 = DIRECTION('',(0.,-1.,1.110223024625E-16));
#3675 = DIRECTION('',(1.,0.,0.));
#3676 = ADVANCED_FACE('',(#3677),#3688,.T.);
#3677 = FACE_BOUND('',#3678,.T.);
#3678 = EDGE_LOOP('',(#3679,#3680,#3681,#3687));
#3679 = ORIENTED_EDGE('',*,*,#3445,.F.);
#3680 = ORIENTED_EDGE('',*,*,#3468,.T.);
#3681 = ORIENTED_EDGE('',*,*,#3682,.T.);
#3682 = EDGE_CURVE('',#3469,#3590,#3683,.T.);
#3683 = LINE('',#3684,#3685);
#3684 = CARTESIAN_POINT('',(-106.,210.,279.64));
#3685 = VECTOR('',#3686,1.);
#3686 = DIRECTION('',(0.,-1.,1.110223024625E-16));
#3687 = ORIENTED_EDGE('',*,*,#3589,.T.);
#3688 = PLANE('',#3689);
#3689 = AXIS2_PLACEMENT_3D('',#3690,#3691,#3692);
#3690 = CARTESIAN_POINT('',(-126.5,210.,279.64));
#3691 = DIRECTION('',(0.,-1.110223024625E-16,-1.));
#3692 = DIRECTION('',(1.,0.,0.));
#3693 = ADVANCED_FACE('',(#3694),#3697,.T.);
#3694 = FACE_BOUND('',#3695,.T.);
#3695 = EDGE_LOOP('',(#3696));
#3696 = ORIENTED_EDGE('',*,*,#3357,.T.);
#3697 = PLANE('',#3698);
#3698 = AXIS2_PLACEMENT_3D('',#3699,#3700,#3701);
#3699 = CARTESIAN_POINT('',(-111.,201.,279.64));
#3700 = DIRECTION('',(0.,-1.,1.110223024625E-16));
#3701 = DIRECTION('',(1.,0.,0.));
#3702 = ADVANCED_FACE('',(#3703),#3729,.T.);
#3703 = FACE_BOUND('',#3704,.T.);
#3704 = EDGE_LOOP('',(#3705,#3713,#3720,#3721,#3728));
#3705 = ORIENTED_EDGE('',*,*,#3706,.T.);
#3706 = EDGE_CURVE('',#3590,#3707,#3709,.T.);
#3707 = VERTEX_POINT('',#3708);
#3708 = CARTESIAN_POINT('',(-91.,208.5,279.64));
#3709 = LINE('',#3710,#3711);
#3710 = CARTESIAN_POINT('',(-106.,208.5,279.64));
#3711 = VECTOR('',#3712,1.);
#3712 = DIRECTION('',(1.,0.,0.));
#3713 = ORIENTED_EDGE('',*,*,#3714,.F.);
#3714 = EDGE_CURVE('',#3707,#3707,#3715,.T.);
#3715 = CIRCLE('',#3716,1.5);
#3716 = AXIS2_PLACEMENT_3D('',#3717,#3718,#3719);
#3717 = CARTESIAN_POINT('',(-91.,210.,279.64));
#3718 = DIRECTION('',(1.,0.,0.));
#3719 = DIRECTION('',(0.,-1.,1.110223024625E-16));
#3720 = ORIENTED_EDGE('',*,*,#3706,.F.);
#3721 = ORIENTED_EDGE('',*,*,#3722,.T.);
#3722 = EDGE_CURVE('',#3590,#3469,#3723,.T.);
#3723 = CIRCLE('',#3724,1.5);
#3724 = AXIS2_PLACEMENT_3D('',#3725,#3726,#3727);
#3725 = CARTESIAN_POINT('',(-106.,210.,279.64));
#3726 = DIRECTION('',(1.,0.,0.));
#3727 = DIRECTION('',(0.,-1.,1.110223024625E-16));
#3728 = ORIENTED_EDGE('',*,*,#3598,.T.);
#3729 = CYLINDRICAL_SURFACE('',#3730,1.5);
#3730 = AXIS2_PLACEMENT_3D('',#3731,#3732,#3733);
#3731 = CARTESIAN_POINT('',(-106.,210.,279.64));
#3732 = DIRECTION('',(1.,0.,0.));
#3733 = DIRECTION('',(0.,-1.,1.110223024625E-16));
#3734 = ADVANCED_FACE('',(#3735),#3745,.F.);
#3735 = FACE_BOUND('',#3736,.F.);
#3736 = EDGE_LOOP('',(#3737,#3738,#3739));
#3737 = ORIENTED_EDGE('',*,*,#3576,.T.);
#3738 = ORIENTED_EDGE('',*,*,#3503,.T.);
#3739 = ORIENTED_EDGE('',*,*,#3740,.T.);
#3740 = EDGE_CURVE('',#3504,#3545,#3741,.T.);
#3741 = LINE('',#3742,#3743);
#3742 = CARTESIAN_POINT('',(-113.3228540014,210.,263.93608891606));
#3743 = VECTOR('',#3744,1.);
#3744 = DIRECTION('',(0.,-1.,1.110223024625E-16));
#3745 = PLANE('',#3746);
#3746 = AXIS2_PLACEMENT_3D('',#3747,#3748,#3749);
#3747 = CARTESIAN_POINT('',(-126.5,210.,279.64));
#3748 = DIRECTION('',(-0.766044443119,-7.136376042178E-17,
    -0.642787609687));
#3749 = DIRECTION('',(0.642787609687,-8.504801786368E-17,-0.766044443119
    ));
#3750 = ADVANCED_FACE('',(#3751),#3778,.T.);
#3751 = FACE_BOUND('',#3752,.T.);
#3752 = EDGE_LOOP('',(#3753,#3761,#3768,#3769,#3770,#3777));
#3753 = ORIENTED_EDGE('',*,*,#3754,.T.);
#3754 = EDGE_CURVE('',#3513,#3755,#3757,.T.);
#3755 = VERTEX_POINT('',#3756);
#3756 = CARTESIAN_POINT('',(-104.8301065208,210.,251.48124085474));
#3757 = LINE('',#3758,#3759);
#3758 = CARTESIAN_POINT('',(-114.4719206661,210.,262.97190750153));
#3759 = VECTOR('',#3760,1.);
#3760 = DIRECTION('',(0.642787609687,-8.504801786368E-17,-0.766044443119
    ));
#3761 = ORIENTED_EDGE('',*,*,#3762,.F.);
#3762 = EDGE_CURVE('',#3755,#3755,#3763,.T.);
#3763 = CIRCLE('',#3764,1.5);
#3764 = AXIS2_PLACEMENT_3D('',#3765,#3766,#3767);
#3765 = CARTESIAN_POINT('',(-103.6810398561,210.,252.44542226927));
#3766 = DIRECTION('',(0.642787609687,-8.504801786368E-17,-0.766044443119
    ));
#3767 = DIRECTION('',(-0.766044443119,-7.136376042178E-17,
    -0.642787609687));
#3768 = ORIENTED_EDGE('',*,*,#3754,.F.);
#3769 = ORIENTED_EDGE('',*,*,#3512,.T.);
#3770 = ORIENTED_EDGE('',*,*,#3771,.T.);
#3771 = EDGE_CURVE('',#3504,#3545,#3772,.T.);
#3772 = CIRCLE('',#3773,1.5);
#3773 = AXIS2_PLACEMENT_3D('',#3774,#3775,#3776);
#3774 = CARTESIAN_POINT('',(-113.3228540014,210.,263.93608891606));
#3775 = DIRECTION('',(0.642787609687,-8.504801786368E-17,-0.766044443119
    ));
#3776 = DIRECTION('',(-0.766044443119,-7.136376042178E-17,
    -0.642787609687));
#3777 = ORIENTED_EDGE('',*,*,#3544,.T.);
#3778 = CYLINDRICAL_SURFACE('',#3779,1.5);
#3779 = AXIS2_PLACEMENT_3D('',#3780,#3781,#3782);
#3780 = CARTESIAN_POINT('',(-113.3228540014,210.,263.93608891606));
#3781 = DIRECTION('',(0.642787609687,-8.504801786368E-17,-0.766044443119
    ));
#3782 = DIRECTION('',(-0.766044443119,-7.136376042178E-17,
    -0.642787609687));
#3783 = ADVANCED_FACE('',(#3784),#3788,.F.);
#3784 = FACE_BOUND('',#3785,.F.);
#3785 = EDGE_LOOP('',(#3786,#3787));
#3786 = ORIENTED_EDGE('',*,*,#3682,.T.);
#3787 = ORIENTED_EDGE('',*,*,#3722,.T.);
#3788 = PLANE('',#3789);
#3789 = AXIS2_PLACEMENT_3D('',#3790,#3791,#3792);
#3790 = CARTESIAN_POINT('',(-106.,210.,279.64));
#3791 = DIRECTION('',(1.,0.,0.));
#3792 = DIRECTION('',(0.,-1.,1.110223024625E-16));
#3793 = ADVANCED_FACE('',(#3794),#3797,.T.);
#3794 = FACE_BOUND('',#3795,.T.);
#3795 = EDGE_LOOP('',(#3796));
#3796 = ORIENTED_EDGE('',*,*,#3714,.T.);
#3797 = PLANE('',#3798);
#3798 = AXIS2_PLACEMENT_3D('',#3799,#3800,#3801);
#3799 = CARTESIAN_POINT('',(-91.,210.,279.64));
#3800 = DIRECTION('',(1.,0.,0.));
#3801 = DIRECTION('',(0.,-1.,1.110223024625E-16));
#3802 = ADVANCED_FACE('',(#3803),#3807,.F.);
#3803 = FACE_BOUND('',#3804,.F.);
#3804 = EDGE_LOOP('',(#3805,#3806));
#3805 = ORIENTED_EDGE('',*,*,#3740,.F.);
#3806 = ORIENTED_EDGE('',*,*,#3771,.T.);
#3807 = PLANE('',#3808);
#3808 = AXIS2_PLACEMENT_3D('',#3809,#3810,#3811);
#3809 = CARTESIAN_POINT('',(-113.3228540014,210.,263.93608891606));
#3810 = DIRECTION('',(0.642787609687,-8.504801786368E-17,-0.766044443119
    ));
#3811 = DIRECTION('',(-0.766044443119,-7.136376042178E-17,
    -0.642787609687));
#3812 = ADVANCED_FACE('',(#3813),#3816,.T.);
#3813 = FACE_BOUND('',#3814,.T.);
#3814 = EDGE_LOOP('',(#3815));
#3815 = ORIENTED_EDGE('',*,*,#3762,.T.);
#3816 = PLANE('',#3817);
#3817 = AXIS2_PLACEMENT_3D('',#3818,#3819,#3820);
#3818 = CARTESIAN_POINT('',(-103.6810398561,210.,252.44542226927));
#3819 = DIRECTION('',(0.642787609687,-8.504801786368E-17,-0.766044443119
    ));
#3820 = DIRECTION('',(-0.766044443119,-7.136376042178E-17,
    -0.642787609687));
#3821 = MANIFOLD_SOLID_BREP('',#3822);
#3822 = CLOSED_SHELL('',(#3823,#3863,#3894,#3929,#3953,#3970,#3982,#4007
    ,#4049,#4207,#4356,#4468,#4477,#4680,#4689,#4706,#4715,#4747,#4763,
    #4796,#4806,#4815,#4825));
#3823 = ADVANCED_FACE('',(#3824),#3858,.F.);
#3824 = FACE_BOUND('',#3825,.F.);
#3825 = EDGE_LOOP('',(#3826,#3836,#3844,#3852));
#3826 = ORIENTED_EDGE('',*,*,#3827,.F.);
#3827 = EDGE_CURVE('',#3828,#3830,#3832,.T.);
#3828 = VERTEX_POINT('',#3829);
#3829 = CARTESIAN_POINT('',(-81.5,272.,252.14));
#3830 = VERTEX_POINT('',#3831);
#3831 = CARTESIAN_POINT('',(-81.5,227.,252.14));
#3832 = LINE('',#3833,#3834);
#3833 = CARTESIAN_POINT('',(-81.5,272.,252.14));
#3834 = VECTOR('',#3835,1.);
#3835 = DIRECTION('',(0.,-1.,1.110223024625E-16));
#3836 = ORIENTED_EDGE('',*,*,#3837,.T.);
#3837 = EDGE_CURVE('',#3828,#3838,#3840,.T.);
#3838 = VERTEX_POINT('',#3839);
#3839 = CARTESIAN_POINT('',(-81.5,272.,307.14));
#3840 = LINE('',#3841,#3842);
#3841 = CARTESIAN_POINT('',(-81.5,272.,252.14));
#3842 = VECTOR('',#3843,1.);
#3843 = DIRECTION('',(0.,1.110223024625E-16,1.));
#3844 = ORIENTED_EDGE('',*,*,#3845,.T.);
#3845 = EDGE_CURVE('',#3838,#3846,#3848,.T.);
#3846 = VERTEX_POINT('',#3847);
#3847 = CARTESIAN_POINT('',(-81.5,227.,307.14));
#3848 = LINE('',#3849,#3850);
#3849 = CARTESIAN_POINT('',(-81.5,272.,307.14));
#3850 = VECTOR('',#3851,1.);
#3851 = DIRECTION('',(0.,-1.,1.110223024625E-16));
#3852 = ORIENTED_EDGE('',*,*,#3853,.F.);
#3853 = EDGE_CURVE('',#3830,#3846,#3854,.T.);
#3854 = LINE('',#3855,#3856);
#3855 = CARTESIAN_POINT('',(-81.5,227.,252.14));
#3856 = VECTOR('',#3857,1.);
#3857 = DIRECTION('',(0.,1.110223024625E-16,1.));
#3858 = PLANE('',#3859);
#3859 = AXIS2_PLACEMENT_3D('',#3860,#3861,#3862);
#3860 = CARTESIAN_POINT('',(-81.5,272.,252.14));
#3861 = DIRECTION('',(1.,0.,0.));
#3862 = DIRECTION('',(0.,-1.,1.110223024625E-16));
#3863 = ADVANCED_FACE('',(#3864),#3889,.F.);
#3864 = FACE_BOUND('',#3865,.F.);
#3865 = EDGE_LOOP('',(#3866,#3874,#3875,#3883));
#3866 = ORIENTED_EDGE('',*,*,#3867,.F.);
#3867 = EDGE_CURVE('',#3828,#3868,#3870,.T.);
#3868 = VERTEX_POINT('',#3869);
#3869 = CARTESIAN_POINT('',(-21.5,272.,252.14));
#3870 = LINE('',#3871,#3872);
#3871 = CARTESIAN_POINT('',(-81.5,272.,252.14));
#3872 = VECTOR('',#3873,1.);
#3873 = DIRECTION('',(1.,0.,0.));
#3874 = ORIENTED_EDGE('',*,*,#3827,.T.);
#3875 = ORIENTED_EDGE('',*,*,#3876,.T.);
#3876 = EDGE_CURVE('',#3830,#3877,#3879,.T.);
#3877 = VERTEX_POINT('',#3878);
#3878 = CARTESIAN_POINT('',(-21.5,227.,252.14));
#3879 = LINE('',#3880,#3881);
#3880 = CARTESIAN_POINT('',(-81.5,227.,252.14));
#3881 = VECTOR('',#3882,1.);
#3882 = DIRECTION('',(1.,0.,0.));
#3883 = ORIENTED_EDGE('',*,*,#3884,.F.);
#3884 = EDGE_CURVE('',#3868,#3877,#3885,.T.);
#3885 = LINE('',#3886,#3887);
#3886 = CARTESIAN_POINT('',(-21.5,272.,252.14));
#3887 = VECTOR('',#3888,1.);
#3888 = DIRECTION('',(0.,-1.,1.110223024625E-16));
#3889 = PLANE('',#3890);
#3890 = AXIS2_PLACEMENT_3D('',#3891,#3892,#3893);
#3891 = CARTESIAN_POINT('',(-81.5,272.,252.14));
#3892 = DIRECTION('',(0.,1.110223024625E-16,1.));
#3893 = DIRECTION('',(0.,-1.,1.110223024625E-16));
#3894 = ADVANCED_FACE('',(#3895,#3913),#3924,.T.);
#3895 = FACE_BOUND('',#3896,.T.);
#3896 = EDGE_LOOP('',(#3897,#3898,#3899,#3907));
#3897 = ORIENTED_EDGE('',*,*,#3853,.F.);
#3898 = ORIENTED_EDGE('',*,*,#3876,.T.);
#3899 = ORIENTED_EDGE('',*,*,#3900,.T.);
#3900 = EDGE_CURVE('',#3877,#3901,#3903,.T.);
#3901 = VERTEX_POINT('',#3902);
#3902 = CARTESIAN_POINT('',(-21.5,227.,307.14));
#3903 = LINE('',#3904,#3905);
#3904 = CARTESIAN_POINT('',(-21.5,227.,252.14));
#3905 = VECTOR('',#3906,1.);
#3906 = DIRECTION('',(0.,1.110223024625E-16,1.));
#3907 = ORIENTED_EDGE('',*,*,#3908,.F.);
#3908 = EDGE_CURVE('',#3846,#3901,#3909,.T.);
#3909 = LINE('',#3910,#3911);
#3910 = CARTESIAN_POINT('',(-81.5,227.,307.14));
#3911 = VECTOR('',#3912,1.);
#3912 = DIRECTION('',(1.,0.,0.));
#3913 = FACE_BOUND('',#3914,.T.);
#3914 = EDGE_LOOP('',(#3915));
#3915 = ORIENTED_EDGE('',*,*,#3916,.F.);
#3916 = EDGE_CURVE('',#3917,#3917,#3919,.T.);
#3917 = VERTEX_POINT('',#3918);
#3918 = CARTESIAN_POINT('',(-29.,227.,279.64));
#3919 = CIRCLE('',#3920,22.5);
#3920 = AXIS2_PLACEMENT_3D('',#3921,#3922,#3923);
#3921 = CARTESIAN_POINT('',(-51.5,227.,279.64));
#3922 = DIRECTION('',(0.,-1.,1.110223024625E-16));
#3923 = DIRECTION('',(1.,0.,0.));
#3924 = PLANE('',#3925);
#3925 = AXIS2_PLACEMENT_3D('',#3926,#3927,#3928);
#3926 = CARTESIAN_POINT('',(-81.5,227.,252.14));
#3927 = DIRECTION('',(0.,-1.,1.110223024625E-16));
#3928 = DIRECTION('',(1.,0.,0.));
#3929 = ADVANCED_FACE('',(#3930),#3948,.T.);
#3930 = FACE_BOUND('',#3931,.T.);
#3931 = EDGE_LOOP('',(#3932,#3940,#3941,#3942));
#3932 = ORIENTED_EDGE('',*,*,#3933,.F.);
#3933 = EDGE_CURVE('',#3838,#3934,#3936,.T.);
#3934 = VERTEX_POINT('',#3935);
#3935 = CARTESIAN_POINT('',(-21.5,272.,307.14));
#3936 = LINE('',#3937,#3938);
#3937 = CARTESIAN_POINT('',(-81.5,272.,307.14));
#3938 = VECTOR('',#3939,1.);
#3939 = DIRECTION('',(1.,0.,0.));
#3940 = ORIENTED_EDGE('',*,*,#3845,.T.);
#3941 = ORIENTED_EDGE('',*,*,#3908,.T.);
#3942 = ORIENTED_EDGE('',*,*,#3943,.F.);
#3943 = EDGE_CURVE('',#3934,#3901,#3944,.T.);
#3944 = LINE('',#3945,#3946);
#3945 = CARTESIAN_POINT('',(-21.5,272.,307.14));
#3946 = VECTOR('',#3947,1.);
#3947 = DIRECTION('',(0.,-1.,1.110223024625E-16));
#3948 = PLANE('',#3949);
#3949 = AXIS2_PLACEMENT_3D('',#3950,#3951,#3952);
#3950 = CARTESIAN_POINT('',(-81.5,272.,307.14));
#3951 = DIRECTION('',(0.,1.110223024625E-16,1.));
#3952 = DIRECTION('',(0.,-1.,1.110223024625E-16));
#3953 = ADVANCED_FACE('',(#3954),#3965,.F.);
#3954 = FACE_BOUND('',#3955,.F.);
#3955 = EDGE_LOOP('',(#3956,#3957,#3958,#3964));
#3956 = ORIENTED_EDGE('',*,*,#3837,.F.);
#3957 = ORIENTED_EDGE('',*,*,#3867,.T.);
#3958 = ORIENTED_EDGE('',*,*,#3959,.T.);
#3959 = EDGE_CURVE('',#3868,#3934,#3960,.T.);
#3960 = LINE('',#3961,#3962);
#3961 = CARTESIAN_POINT('',(-21.5,272.,252.14));
#3962 = VECTOR('',#3963,1.);
#3963 = DIRECTION('',(0.,1.110223024625E-16,1.));
#3964 = ORIENTED_EDGE('',*,*,#3933,.F.);
#3965 = PLANE('',#3966);
#3966 = AXIS2_PLACEMENT_3D('',#3967,#3968,#3969);
#3967 = CARTESIAN_POINT('',(-81.5,272.,252.14));
#3968 = DIRECTION('',(0.,-1.,1.110223024625E-16));
#3969 = DIRECTION('',(1.,0.,0.));
#3970 = ADVANCED_FACE('',(#3971),#3977,.T.);
#3971 = FACE_BOUND('',#3972,.T.);
#3972 = EDGE_LOOP('',(#3973,#3974,#3975,#3976));
#3973 = ORIENTED_EDGE('',*,*,#3884,.F.);
#3974 = ORIENTED_EDGE('',*,*,#3959,.T.);
#3975 = ORIENTED_EDGE('',*,*,#3943,.T.);
#3976 = ORIENTED_EDGE('',*,*,#3900,.F.);
#3977 = PLANE('',#3978);
#3978 = AXIS2_PLACEMENT_3D('',#3979,#3980,#3981);
#3979 = CARTESIAN_POINT('',(-21.5,272.,252.14));
#3980 = DIRECTION('',(1.,0.,0.));
#3981 = DIRECTION('',(0.,-1.,1.110223024625E-16));
#3982 = ADVANCED_FACE('',(#3983),#4002,.T.);
#3983 = FACE_BOUND('',#3984,.T.);
#3984 = EDGE_LOOP('',(#3985,#3994,#4000,#4001));
#3985 = ORIENTED_EDGE('',*,*,#3986,.F.);
#3986 = EDGE_CURVE('',#3987,#3987,#3989,.T.);
#3987 = VERTEX_POINT('',#3988);
#3988 = CARTESIAN_POINT('',(-29.,219.,279.64));
#3989 = CIRCLE('',#3990,22.5);
#3990 = AXIS2_PLACEMENT_3D('',#3991,#3992,#3993);
#3991 = CARTESIAN_POINT('',(-51.5,219.,279.64));
#3992 = DIRECTION('',(0.,-1.,1.110223024625E-16));
#3993 = DIRECTION('',(1.,0.,0.));
#3994 = ORIENTED_EDGE('',*,*,#3995,.F.);
#3995 = EDGE_CURVE('',#3917,#3987,#3996,.T.);
#3996 = LINE('',#3997,#3998);
#3997 = CARTESIAN_POINT('',(-29.,227.,279.64));
#3998 = VECTOR('',#3999,1.);
#3999 = DIRECTION('',(0.,-1.,1.110223024625E-16));
#4000 = ORIENTED_EDGE('',*,*,#3916,.T.);
#4001 = ORIENTED_EDGE('',*,*,#3995,.T.);
#4002 = CYLINDRICAL_SURFACE('',#4003,22.5);
#4003 = AXIS2_PLACEMENT_3D('',#4004,#4005,#4006);
#4004 = CARTESIAN_POINT('',(-51.5,227.,279.64));
#4005 = DIRECTION('',(0.,-1.,1.110223024625E-16));
#4006 = DIRECTION('',(1.,0.,0.));
#4007 = ADVANCED_FACE('',(#4008,#4011,#4022,#4033),#4044,.T.);
#4008 = FACE_BOUND('',#4009,.T.);
#4009 = EDGE_LOOP('',(#4010));
#4010 = ORIENTED_EDGE('',*,*,#3986,.T.);
#4011 = FACE_BOUND('',#4012,.T.);
#4012 = EDGE_LOOP('',(#4013));
#4013 = ORIENTED_EDGE('',*,*,#4014,.F.);
#4014 = EDGE_CURVE('',#4015,#4015,#4017,.T.);
#4015 = VERTEX_POINT('',#4016);
#4016 = CARTESIAN_POINT('',(-55.25,219.,266.21660624134));
#4017 = CIRCLE('',#4018,4.);
#4018 = AXIS2_PLACEMENT_3D('',#4019,#4020,#4021);
#4019 = CARTESIAN_POINT('',(-59.25,219.,266.21660624134));
#4020 = DIRECTION('',(0.,-1.,1.110223024625E-16));
#4021 = DIRECTION('',(1.,0.,0.));
#4022 = FACE_BOUND('',#4023,.T.);
#4023 = EDGE_LOOP('',(#4024));
#4024 = ORIENTED_EDGE('',*,*,#4025,.F.);
#4025 = EDGE_CURVE('',#4026,#4026,#4028,.T.);
#4026 = VERTEX_POINT('',#4027);
#4027 = CARTESIAN_POINT('',(-55.25,219.,293.06339375865));
#4028 = CIRCLE('',#4029,4.);
#4029 = AXIS2_PLACEMENT_3D('',#4030,#4031,#4032);
#4030 = CARTESIAN_POINT('',(-59.25,219.,293.06339375865));
#4031 = DIRECTION('',(0.,-1.,1.110223024625E-16));
#4032 = DIRECTION('',(1.,0.,0.));
#4033 = FACE_BOUND('',#4034,.T.);
#4034 = EDGE_LOOP('',(#4035));
#4035 = ORIENTED_EDGE('',*,*,#4036,.F.);
#4036 = EDGE_CURVE('',#4037,#4037,#4039,.T.);
#4037 = VERTEX_POINT('',#4038);
#4038 = CARTESIAN_POINT('',(-32.,219.,279.64));
#4039 = CIRCLE('',#4040,4.);
#4040 = AXIS2_PLACEMENT_3D('',#4041,#4042,#4043);
#4041 = CARTESIAN_POINT('',(-36.,219.,279.64));
#4042 = DIRECTION('',(0.,-1.,1.110223024625E-16));
#4043 = DIRECTION('',(1.,0.,0.));
#4044 = PLANE('',#4045);
#4045 = AXIS2_PLACEMENT_3D('',#4046,#4047,#4048);
#4046 = CARTESIAN_POINT('',(-51.5,219.,279.64));
#4047 = DIRECTION('',(0.,-1.,1.110223024625E-16));
#4048 = DIRECTION('',(1.,0.,0.));
#4049 = ADVANCED_FACE('',(#4050,#4069),#4202,.T.);
#4050 = FACE_BOUND('',#4051,.T.);
#4051 = EDGE_LOOP('',(#4052,#4060,#4067,#4068));
#4052 = ORIENTED_EDGE('',*,*,#4053,.T.);
#4053 = EDGE_CURVE('',#4015,#4054,#4056,.T.);
#4054 = VERTEX_POINT('',#4055);
#4055 = CARTESIAN_POINT('',(-55.25,201.,266.21660624134));
#4056 = LINE('',#4057,#4058);
#4057 = CARTESIAN_POINT('',(-55.25,219.,266.21660624134));
#4058 = VECTOR('',#4059,1.);
#4059 = DIRECTION('',(0.,-1.,1.110223024625E-16));
#4060 = ORIENTED_EDGE('',*,*,#4061,.F.);
#4061 = EDGE_CURVE('',#4054,#4054,#4062,.T.);
#4062 = CIRCLE('',#4063,4.);
#4063 = AXIS2_PLACEMENT_3D('',#4064,#4065,#4066);
#4064 = CARTESIAN_POINT('',(-59.25,201.,266.21660624134));
#4065 = DIRECTION('',(0.,-1.,1.110223024625E-16));
#4066 = DIRECTION('',(1.,0.,0.));
#4067 = ORIENTED_EDGE('',*,*,#4053,.F.);
#4068 = ORIENTED_EDGE('',*,*,#4014,.T.);
#4069 = FACE_BOUND('',#4070,.T.);
#4070 = EDGE_LOOP('',(#4071,#4134));
#4071 = ORIENTED_EDGE('',*,*,#4072,.F.);
#4072 = EDGE_CURVE('',#4073,#4075,#4077,.T.);
#4073 = VERTEX_POINT('',#4074);
#4074 = CARTESIAN_POINT('',(-62.79332457361,210.,264.36057527015));
#4075 = VERTEX_POINT('',#4076);
#4076 = CARTESIAN_POINT('',(-59.08570768444,210.,262.21998166114));
#4077 = B_SPLINE_CURVE_WITH_KNOTS('',7,(#4078,#4079,#4080,#4081,#4082,
    #4083,#4084,#4085,#4086,#4087,#4088,#4089,#4090,#4091,#4092,#4093,
    #4094,#4095,#4096,#4097,#4098,#4099,#4100,#4101,#4102,#4103,#4104,
    #4105,#4106,#4107,#4108,#4109,#4110,#4111,#4112,#4113,#4114,#4115,
    #4116,#4117,#4118,#4119,#4120,#4121,#4122,#4123,#4124,#4125,#4126,
    #4127,#4128,#4129,#4130,#4131,#4132,#4133),.UNSPECIFIED.,.F.,.F.,(8,
    6,6,6,6,6,6,6,6,8),(0.,0.149512623544,0.190115099669,0.256284119473,
    0.372858628358,0.626397652528,0.74348655997,0.809719043866,
    0.850342108982,1.),.UNSPECIFIED.);
#4078 = CARTESIAN_POINT('',(-62.79332457361,210.,264.36057527015));
#4079 = CARTESIAN_POINT('',(-62.79332457361,210.08954257107,
    264.36057527015));
#4080 = CARTESIAN_POINT('',(-62.78669634743,210.17917102254,
    264.3479216104));
#4081 = CARTESIAN_POINT('',(-62.77341818479,210.26746798335,
    264.32257126766));
#4082 = CARTESIAN_POINT('',(-62.75338451533,210.35314651231,
    264.28502167919));
#4083 = CARTESIAN_POINT('',(-62.72632441412,210.43504923431,
    264.23613423896));
#4084 = CARTESIAN_POINT('',(-62.69196970723,210.51220441926,
    264.17722290584));
#4085 = CARTESIAN_POINT('',(-62.63907227836,210.60333411346,
    264.09183583778));
#4086 = CARTESIAN_POINT('',(-62.62723863772,210.62239546169,
    264.07298859082));
#4087 = CARTESIAN_POINT('',(-62.61486784795,210.64104283996,
    264.05356377944));
#4088 = CARTESIAN_POINT('',(-62.60196016365,210.65926522546,
    264.0335959398));
#4089 = CARTESIAN_POINT('',(-62.5885167935,210.67705351644,
    264.01312039564));
#4090 = CARTESIAN_POINT('',(-62.57453990023,210.69440053221,
    263.99217325825));
#4091 = CARTESIAN_POINT('',(-62.53639035304,210.73884337917,
    263.93594589522));
#4092 = CARTESIAN_POINT('',(-62.51133924626,210.7652000976,
    263.89994488565));
#4093 = CARTESIAN_POINT('',(-62.48489295611,210.79034791894,
    263.86294668418));
#4094 = CARTESIAN_POINT('',(-62.45707143381,210.81427811926,
    263.82510874751));
#4095 = CARTESIAN_POINT('',(-62.42790031961,210.83699399308,
    263.78658488079));
#4096 = CARTESIAN_POINT('',(-62.39741035651,210.85850834617,
    263.74752241595));
#4097 = CARTESIAN_POINT('',(-62.30965915314,210.91466240145,
    263.63853466527));
#4098 = CARTESIAN_POINT('',(-62.24970599293,210.94681045006,
    263.56777757269));
#4099 = CARTESIAN_POINT('',(-62.18595252511,210.97540772595,
    263.496522344));
#4100 = CARTESIAN_POINT('',(-62.11861053,211.00063427625,263.42542030998
    ));
#4101 = CARTESIAN_POINT('',(-62.04791465298,211.02268974459,
    263.35502327521));
#4102 = CARTESIAN_POINT('',(-61.97410238537,211.04176659489,
    263.28578063435));
#4103 = CARTESIAN_POINT('',(-61.73054031663,211.09341546307,
    263.07074271873));
#4104 = CARTESIAN_POINT('',(-61.55031333207,211.11543628612,
    262.93089631848));
#4105 = CARTESIAN_POINT('',(-61.35849359892,211.12603908966,
    262.80167686465));
#4106 = CARTESIAN_POINT('',(-61.15736858286,211.12613142411,
    262.68539619575));
#4107 = CARTESIAN_POINT('',(-60.94965300227,211.11571952616,
    262.5836261574));
#4108 = CARTESIAN_POINT('',(-60.73848260106,211.09390720767,
    262.49719757504));
#4109 = CARTESIAN_POINT('',(-60.43002801116,211.04252881478,
    262.39324274993));
#4110 = CARTESIAN_POINT('',(-60.33270995748,211.02346884288,
    262.36369953797));
#4111 = CARTESIAN_POINT('',(-60.23594147187,211.00140918218,
    262.33746193941));
#4112 = CARTESIAN_POINT('',(-60.14023553296,210.97615504289,
    262.31451175127));
#4113 = CARTESIAN_POINT('',(-60.04619384637,210.94750393062,
    262.29477636349));
#4114 = CARTESIAN_POINT('',(-59.95449421227,210.91527286402,
    262.27811248669));
#4115 = CARTESIAN_POINT('',(-59.81573724199,210.85900940541,
    262.25649063852));
#4116 = CARTESIAN_POINT('',(-59.76659373697,210.83749825426,
    262.2495926254));
#4117 = CARTESIAN_POINT('',(-59.71857593241,210.81478349793,
    262.2435699046));
#4118 = CARTESIAN_POINT('',(-59.67182714896,210.79085217125,
    262.23837539979));
#4119 = CARTESIAN_POINT('',(-59.62649380603,210.76570083546,
    262.23395434582));
#4120 = CARTESIAN_POINT('',(-59.58272267375,210.73933809918,
    262.23024518882));
#4121 = CARTESIAN_POINT('',(-59.51485823345,210.69488901978,
    262.22530078023));
#4122 = CARTESIAN_POINT('',(-59.48969997879,210.6775438006,
    262.22366363878));
#4123 = CARTESIAN_POINT('',(-59.46521693692,210.65975671758,
    262.22225330011));
#4124 = CARTESIAN_POINT('',(-59.44144152627,210.6415349316,
    262.22105356628));
#4125 = CARTESIAN_POINT('',(-59.41840500784,210.62288752864,
    262.22004780334));
#4126 = CARTESIAN_POINT('',(-59.39613748516,210.60382551978,
    262.2192189413));
#4127 = CARTESIAN_POINT('',(-59.29557263711,210.51265644247,
    262.21608311567));
#4128 = CARTESIAN_POINT('',(-59.22724995596,210.43544925638,
    262.21578007242));
#4129 = CARTESIAN_POINT('',(-59.17127545764,210.35348146873,
    262.21678839221));
#4130 = CARTESIAN_POINT('',(-59.12865717928,210.26772690887,
    262.21821564895));
#4131 = CARTESIAN_POINT('',(-59.10000803105,210.17934613978,
    262.21939389927));
#4132 = CARTESIAN_POINT('',(-59.08570768444,210.08962986382,
    262.21998166114));
#4133 = CARTESIAN_POINT('',(-59.08570768444,210.,262.21998166114));
#4134 = ORIENTED_EDGE('',*,*,#4135,.T.);
#4135 = EDGE_CURVE('',#4073,#4075,#4136,.T.);
#4136 = B_SPLINE_CURVE_WITH_KNOTS('',8,(#4137,#4138,#4139,#4140,#4141,
    #4142,#4143,#4144,#4145,#4146,#4147,#4148,#4149,#4150,#4151,#4152,
    #4153,#4154,#4155,#4156,#4157,#4158,#4159,#4160,#4161,#4162,#4163,
    #4164,#4165,#4166,#4167,#4168,#4169,#4170,#4171,#4172,#4173,#4174,
    #4175,#4176,#4177,#4178,#4179,#4180,#4181,#4182,#4183,#4184,#4185,
    #4186,#4187,#4188,#4189,#4190,#4191,#4192,#4193,#4194,#4195,#4196,
    #4197,#4198,#4199,#4200,#4201),.UNSPECIFIED.,.F.,.F.,(9,7,7,7,7,7,7,
    7,7,9),(0.,0.148975724683,0.192384285411,0.259143414037,
    0.378466299615,0.671004851436,0.74218251587,0.808670198556,
    0.85196855301,1.),.UNSPECIFIED.);
#4137 = CARTESIAN_POINT('',(-62.79332457361,210.,264.36057527015));
#4138 = CARTESIAN_POINT('',(-62.79332457361,209.92192979497,
    264.36057527015));
#4139 = CARTESIAN_POINT('',(-62.78838881588,209.84379635228,
    264.3511526263));
#4140 = CARTESIAN_POINT('',(-62.77850402432,209.76647539759,
    264.33228103122));
#4141 = CARTESIAN_POINT('',(-62.76361537753,209.69077869751,
    264.30420013047));
#4142 = CARTESIAN_POINT('',(-62.74359664226,209.61745435506,
    264.26735083499));
#4143 = CARTESIAN_POINT('',(-62.7182813369,209.54717314281,
    264.22237544908));
#4144 = CARTESIAN_POINT('',(-62.68754243685,209.48050907867,
    264.17014164412));
#4145 = CARTESIAN_POINT('',(-62.64087931647,209.39968595188,
    264.09473494323));
#4146 = CARTESIAN_POINT('',(-62.62989057982,209.38179244104,
    264.07719472514));
#4147 = CARTESIAN_POINT('',(-62.61844147508,209.36425201111,
    264.05915414628));
#4148 = CARTESIAN_POINT('',(-62.60653205657,209.34707337663,
    264.04063948491));
#4149 = CARTESIAN_POINT('',(-62.59416294058,209.33026393327,
    264.02167765841));
#4150 = CARTESIAN_POINT('',(-62.58133536463,209.31382981829,
    264.00229607678));
#4151 = CARTESIAN_POINT('',(-62.56805124687,209.29777597102,
    263.98252249635));
#4152 = CARTESIAN_POINT('',(-62.53318522389,209.258007244,
    263.93141471111));
#4153 = CARTESIAN_POINT('',(-62.51098341622,209.23481638173,
    263.89958303637));
#4154 = CARTESIAN_POINT('',(-62.48771715856,209.21254731472,
    263.86699149211));
#4155 = CARTESIAN_POINT('',(-62.46339902645,209.19120632272,
    263.8337410499));
#4156 = CARTESIAN_POINT('',(-62.43804457849,209.17079324825,
    263.7999309314));
#4157 = CARTESIAN_POINT('',(-62.41167210007,209.15130248767,
    263.76565752985));
#4158 = CARTESIAN_POINT('',(-62.38430234703,209.13272398239,
    263.73101333163));
#4159 = CARTESIAN_POINT('',(-62.30529713155,209.08344401531,
    263.63365768095));
#4160 = CARTESIAN_POINT('',(-62.25153090227,209.05471971915,
    263.57033399134));
#4161 = CARTESIAN_POINT('',(-62.19477844001,209.02878415745,
    263.50659998349));
#4162 = CARTESIAN_POINT('',(-62.13517815172,209.0055209728,
    263.44289484743));
#4163 = CARTESIAN_POINT('',(-62.07288225657,208.98479997371,
    263.37960551428));
#4164 = CARTESIAN_POINT('',(-62.00804937432,208.96648941929,
    263.31706411245));
#4165 = CARTESIAN_POINT('',(-61.9408354584,208.95046522937,
    263.25554911432));
#4166 = CARTESIAN_POINT('',(-61.7011097858,208.9026663335,
    263.04755603899));
#4167 = CARTESIAN_POINT('',(-61.51787521106,208.88189351623,
    262.90779909256));
#4168 = CARTESIAN_POINT('',(-61.3232534714,208.87241232281,
    262.77874678998));
#4169 = CARTESIAN_POINT('',(-61.11931146884,208.87342834447,
    262.66256152742));
#4170 = CARTESIAN_POINT('',(-60.90860406885,208.88484169065,
    262.56085092169));
#4171 = CARTESIAN_POINT('',(-60.69420511177,208.90749726771,
    262.47462089609));
#4172 = CARTESIAN_POINT('',(-60.47973402713,208.94288906325,
    262.40412255064));
#4173 = CARTESIAN_POINT('',(-60.21832356409,209.00562507985,
    262.33522139694));
#4174 = CARTESIAN_POINT('',(-60.16746062812,209.01878364729,
    262.32264213622));
#4175 = CARTESIAN_POINT('',(-60.11696836004,209.03285060955,
    262.31095952185));
#4176 = CARTESIAN_POINT('',(-60.06693035478,209.04785311547,
    262.30016227079));
#4177 = CARTESIAN_POINT('',(-60.01743642428,209.06381738572,
    262.29023509504));
#4178 = CARTESIAN_POINT('',(-59.96858194518,209.08076762589,
    262.28115823403));
#4179 = CARTESIAN_POINT('',(-59.92046720646,209.09872493952,
    262.27290698702));
#4180 = CARTESIAN_POINT('',(-59.82904101443,209.13543684195,
    262.25848677155));
#4181 = CARTESIAN_POINT('',(-59.7856219119,209.15406092737,
    262.25221640107));
#4182 = CARTESIAN_POINT('',(-59.74302607304,209.17359152318,
    262.24661618101));
#4183 = CARTESIAN_POINT('',(-59.70134319425,209.19403817216,
    262.24165780321));
#4184 = CARTESIAN_POINT('',(-59.66066499774,209.21540596489,
    262.23730893145));
#4185 = CARTESIAN_POINT('',(-59.62108418437,209.23769457047,
    262.23353352851));
#4186 = CARTESIAN_POINT('',(-59.5826933866,209.26089726731,
    262.23029218332));
#4187 = CARTESIAN_POINT('',(-59.52141768843,209.30069622763,
    262.22575173867));
#4188 = CARTESIAN_POINT('',(-59.49779451165,209.31677430852,
    262.22416952972));
#4189 = CARTESIAN_POINT('',(-59.47473991874,209.33323029864,
    262.22278415596));
#4190 = CARTESIAN_POINT('',(-59.45227867973,209.35005915008,
    262.22158343495));
#4191 = CARTESIAN_POINT('',(-59.43043491253,209.36725462666,
    262.22055478124));
#4192 = CARTESIAN_POINT('',(-59.40923198843,209.38480924552,
    262.21968533075));
#4193 = CARTESIAN_POINT('',(-59.38869243766,209.4027142188,
    262.21896206502));
#4194 = CARTESIAN_POINT('',(-59.30095761689,209.4833372825,
    262.21635435944));
#4195 = CARTESIAN_POINT('',(-59.24104411501,209.54972818052,
    262.21589185459));
#4196 = CARTESIAN_POINT('',(-59.19004031372,209.61967578467,
    262.21646805664));
#4197 = CARTESIAN_POINT('',(-59.14861709339,209.69261343501,
    262.21755074238));
#4198 = CARTESIAN_POINT('',(-59.11723592767,209.76788077041,
    262.21868537233));
#4199 = CARTESIAN_POINT('',(-59.09620766543,209.84474254942,
    262.21955009625));
#4200 = CARTESIAN_POINT('',(-59.08570768444,209.92240186757,
    262.21998166114));
#4201 = CARTESIAN_POINT('',(-59.08570768444,210.,262.21998166114));
#4202 = CYLINDRICAL_SURFACE('',#4203,4.);
#4203 = AXIS2_PLACEMENT_3D('',#4204,#4205,#4206);
#4204 = CARTESIAN_POINT('',(-59.25,219.,266.21660624134));
#4205 = DIRECTION('',(0.,-1.,1.110223024625E-16));
#4206 = DIRECTION('',(1.,0.,0.));
#4207 = ADVANCED_FACE('',(#4208,#4227),#4351,.T.);
#4208 = FACE_BOUND('',#4209,.T.);
#4209 = EDGE_LOOP('',(#4210,#4218,#4225,#4226));
#4210 = ORIENTED_EDGE('',*,*,#4211,.T.);
#4211 = EDGE_CURVE('',#4026,#4212,#4214,.T.);
#4212 = VERTEX_POINT('',#4213);
#4213 = CARTESIAN_POINT('',(-55.25,201.,293.06339375865));
#4214 = LINE('',#4215,#4216);
#4215 = CARTESIAN_POINT('',(-55.25,219.,293.06339375865));
#4216 = VECTOR('',#4217,1.);
#4217 = DIRECTION('',(0.,-1.,1.110223024625E-16));
#4218 = ORIENTED_EDGE('',*,*,#4219,.F.);
#4219 = EDGE_CURVE('',#4212,#4212,#4220,.T.);
#4220 = CIRCLE('',#4221,4.);
#4221 = AXIS2_PLACEMENT_3D('',#4222,#4223,#4224);
#4222 = CARTESIAN_POINT('',(-59.25,201.,293.06339375865));
#4223 = DIRECTION('',(0.,-1.,1.110223024625E-16));
#4224 = DIRECTION('',(1.,0.,0.));
#4225 = ORIENTED_EDGE('',*,*,#4211,.F.);
#4226 = ORIENTED_EDGE('',*,*,#4025,.T.);
#4227 = FACE_BOUND('',#4228,.T.);
#4228 = EDGE_LOOP('',(#4229,#4292));
#4229 = ORIENTED_EDGE('',*,*,#4230,.F.);
#4230 = EDGE_CURVE('',#4231,#4233,#4235,.T.);
#4231 = VERTEX_POINT('',#4232);
#4232 = CARTESIAN_POINT('',(-59.08570768443,210.,297.06001833886));
#4233 = VERTEX_POINT('',#4234);
#4234 = CARTESIAN_POINT('',(-62.79332457362,210.,294.91942472983));
#4235 = B_SPLINE_CURVE_WITH_KNOTS('',7,(#4236,#4237,#4238,#4239,#4240,
    #4241,#4242,#4243,#4244,#4245,#4246,#4247,#4248,#4249,#4250,#4251,
    #4252,#4253,#4254,#4255,#4256,#4257,#4258,#4259,#4260,#4261,#4262,
    #4263,#4264,#4265,#4266,#4267,#4268,#4269,#4270,#4271,#4272,#4273,
    #4274,#4275,#4276,#4277,#4278,#4279,#4280,#4281,#4282,#4283,#4284,
    #4285,#4286,#4287,#4288,#4289,#4290,#4291),.UNSPECIFIED.,.F.,.F.,(8,
    6,6,6,6,6,6,6,6,8),(0.,0.149512624068,0.190115100247,0.256284120195,
    0.372858629748,0.626397654964,0.743486561227,0.809719044874,
    0.850342109898,1.),.UNSPECIFIED.);
#4236 = CARTESIAN_POINT('',(-59.08570768443,210.,297.06001833886));
#4237 = CARTESIAN_POINT('',(-59.08570768443,210.08954257137,
    297.06001833886));
#4238 = CARTESIAN_POINT('',(-59.09998018848,210.17917102319,
    297.06060495645));
#4239 = CARTESIAN_POINT('',(-59.12857331069,210.26746798426,
    297.06178090172));
#4240 = CARTESIAN_POINT('',(-59.17110904337,210.35314651354,
    297.06320602923));
#4241 = CARTESIAN_POINT('',(-59.22697685943,210.43504923574,
    297.0642150143));
#4242 = CARTESIAN_POINT('',(-59.29517292442,210.51220442089,
    297.06391863192));
#4243 = CARTESIAN_POINT('',(-59.39556900954,210.60333411522,
    297.06080164868));
#4244 = CARTESIAN_POINT('',(-59.41780802461,210.62239546345,
    297.05997703873));
#4245 = CARTESIAN_POINT('',(-59.44081579971,210.64104284171,
    297.0589760262));
#4246 = CARTESIAN_POINT('',(-59.46456229833,210.65926522719,
    297.0577815635));
#4247 = CARTESIAN_POINT('',(-59.4890163249,210.67705351816,
    297.0563770355));
#4248 = CARTESIAN_POINT('',(-59.51414552474,210.69440053392,
    297.05474625953));
#4249 = CARTESIAN_POINT('',(-59.58191462337,210.73884338086,
    297.04982146397));
#4250 = CARTESIAN_POINT('',(-59.6256179658,210.76520009928,
    297.04612707385));
#4251 = CARTESIAN_POINT('',(-59.67088249342,210.79034792061,
    297.04172301543));
#4252 = CARTESIAN_POINT('',(-59.71756186913,210.81427812091,
    297.03654783862));
#4253 = CARTESIAN_POINT('',(-59.76551007364,210.8369939947,
    297.03054684595));
#4254 = CARTESIAN_POINT('',(-59.81458414225,210.85850834776,
    297.0236729957));
#4255 = CARTESIAN_POINT('',(-59.95284590553,210.91466240307,
    297.00217209945));
#4256 = CARTESIAN_POINT('',(-60.04409992594,210.94681045172,
    296.98562968574));
#4257 = CARTESIAN_POINT('',(-60.13768549867,210.9754077276,
    296.96604517711));
#4258 = CARTESIAN_POINT('',(-60.23293266458,211.00063427786,
    296.94327631531));
#4259 = CARTESIAN_POINT('',(-60.32924622416,211.02268974615,
    296.91725040691));
#4260 = CARTESIAN_POINT('',(-60.42611824456,211.04176659636,
    296.88794842809));
#4261 = CARTESIAN_POINT('',(-60.73412757808,211.09341546414,
    296.78453644576));
#4262 = CARTESIAN_POINT('',(-60.94535160638,211.11543628683,
    296.69837849788));
#4263 = CARTESIAN_POINT('',(-61.15316880327,211.12603908996,
    296.59686746191));
#4264 = CARTESIAN_POINT('',(-61.35443332502,211.12613142394,
    296.48082842201));
#4265 = CARTESIAN_POINT('',(-61.54642655419,211.11571952542,
    296.35182647048));
#4266 = CARTESIAN_POINT('',(-61.72686110285,211.09390720622,
    296.21216182856));
#4267 = CARTESIAN_POINT('',(-61.97111591595,211.04252881223,
    295.99700972982));
#4268 = CARTESIAN_POINT('',(-62.04536011376,211.02346884018,
    295.92750142962));
#4269 = CARTESIAN_POINT('',(-62.11646678238,211.00140917937,
    295.8568162627));
#4270 = CARTESIAN_POINT('',(-62.18419519678,210.97615504003,
    295.78540758307));
#4271 = CARTESIAN_POINT('',(-62.24830738628,210.94750392775,
    295.7138327881));
#4272 = CARTESIAN_POINT('',(-62.30858854307,210.9152728612,
    295.64275051461));
#4273 = CARTESIAN_POINT('',(-62.39669209691,210.85900940266,
    295.53339437846));
#4274 = CARTESIAN_POINT('',(-62.42723770376,210.83749825146,
    295.49428386144));
#4275 = CARTESIAN_POINT('',(-62.456462435,210.81478349508,
    295.45571058348));
#4276 = CARTESIAN_POINT('',(-62.4843353996,210.79085216837,
    295.41782220204));
#4277 = CARTESIAN_POINT('',(-62.51083081589,210.76570083256,
    295.38077290263));
#4278 = CARTESIAN_POINT('',(-62.53592860599,210.73933809626,
    295.34472056886));
#4279 = CARTESIAN_POINT('',(-62.57414280925,210.69488901683,
    295.28842044419));
#4280 = CARTESIAN_POINT('',(-62.58813974256,210.67754379762,
    295.26745132738));
#4281 = CARTESIAN_POINT('',(-62.60160265251,210.65975671458,
    295.24695356061));
#4282 = CARTESIAN_POINT('',(-62.6145293577,210.64153492858,
    295.22696331804));
#4283 = CARTESIAN_POINT('',(-62.62691863307,210.6228875256,
    295.20751598946));
#4284 = CARTESIAN_POINT('',(-62.63877020989,210.60382551673,
    295.18864618028));
#4285 = CARTESIAN_POINT('',(-62.69176833795,210.51265643965,
    295.10312238079));
#4286 = CARTESIAN_POINT('',(-62.72619212126,210.43544925387,
    295.04410472553));
#4287 = CARTESIAN_POINT('',(-62.75330613947,210.35348146666,
    294.99512522876));
#4288 = CARTESIAN_POINT('',(-62.77337923792,210.26772690723,
    294.95750308903));
#4289 = CARTESIAN_POINT('',(-62.78668341706,210.17934613871,
    294.93210307409));
#4290 = CARTESIAN_POINT('',(-62.79332457362,210.08962986327,
    294.91942472983));
#4291 = CARTESIAN_POINT('',(-62.79332457362,210.,294.91942472983));
#4292 = ORIENTED_EDGE('',*,*,#4293,.T.);
#4293 = EDGE_CURVE('',#4231,#4233,#4294,.T.);
#4294 = B_SPLINE_CURVE_WITH_KNOTS('',7,(#4295,#4296,#4297,#4298,#4299,
    #4300,#4301,#4302,#4303,#4304,#4305,#4306,#4307,#4308,#4309,#4310,
    #4311,#4312,#4313,#4314,#4315,#4316,#4317,#4318,#4319,#4320,#4321,
    #4322,#4323,#4324,#4325,#4326,#4327,#4328,#4329,#4330,#4331,#4332,
    #4333,#4334,#4335,#4336,#4337,#4338,#4339,#4340,#4341,#4342,#4343,
    #4344,#4345,#4346,#4347,#4348,#4349,#4350),.UNSPECIFIED.,.F.,.F.,(8,
    6,6,6,6,6,6,6,6,8),(0.,0.149205857087,0.192640205352,0.259464862444,
    0.372399559798,0.623882045165,0.742199956449,0.808688691068,
    0.85199284305,1.),.UNSPECIFIED.);
#4295 = CARTESIAN_POINT('',(-59.08570768443,210.,297.06001833886));
#4296 = CARTESIAN_POINT('',(-59.08570768443,209.91064147271,
    297.06001833886));
#4297 = CARTESIAN_POINT('',(-59.09992157664,209.82119793391,
    297.06060254838));
#4298 = CARTESIAN_POINT('',(-59.1283968915,209.73307743225,
    297.06177364287));
#4299 = CARTESIAN_POINT('',(-59.17075907222,209.64755900724,
    297.0631942991));
#4300 = CARTESIAN_POINT('',(-59.22640256009,209.56579357184,
    297.06420462777));
#4301 = CARTESIAN_POINT('',(-59.29433193033,209.48874834473,
    297.06392219618));
#4302 = CARTESIAN_POINT('',(-59.3958888914,209.39632214673,
    297.06079807175));
#4303 = CARTESIAN_POINT('',(-59.41970076188,209.37594117721,
    297.05991242461));
#4304 = CARTESIAN_POINT('',(-59.44439151099,209.35603458532,
    297.05882447285));
#4305 = CARTESIAN_POINT('',(-59.46992420804,209.33661573117,
    297.05751325789));
#4306 = CARTESIAN_POINT('',(-59.49626032211,209.31769537088,
    297.05595824491));
#4307 = CARTESIAN_POINT('',(-59.52335998281,209.29928181916,
    297.05413965528));
#4308 = CARTESIAN_POINT('',(-59.59398736957,209.25384049815,
    297.04880658743));
#4309 = CARTESIAN_POINT('',(-59.63850363301,209.22751338842,
    297.04490626062));
#4310 = CARTESIAN_POINT('',(-59.68458224507,209.20242156406,
    297.04026932851));
#4311 = CARTESIAN_POINT('',(-59.73207238259,209.17857191498,
    297.03483363122));
#4312 = CARTESIAN_POINT('',(-59.78082402801,209.15595909774,
    297.02854417825));
#4313 = CARTESIAN_POINT('',(-59.83069081177,209.1345681934,
    297.02135398787));
#4314 = CARTESIAN_POINT('',(-59.96745668869,209.08025455591,
    296.99948668747));
#4315 = CARTESIAN_POINT('',(-60.05615453008,209.04956386238,
    296.9830685222));
#4316 = CARTESIAN_POINT('',(-60.14697422285,209.0221878845,
    296.96378180835));
#4317 = CARTESIAN_POINT('',(-60.23931249914,208.99796149975,
    296.94150211689));
#4318 = CARTESIAN_POINT('',(-60.33263243235,208.97670359407,
    296.91616540505));
#4319 = CARTESIAN_POINT('',(-60.42647375054,208.95823965119,
    296.88775425125));
#4320 = CARTESIAN_POINT('',(-60.72973529146,208.90717738421,
    296.78617434114));
#4321 = CARTESIAN_POINT('',(-60.93928380226,208.88509913585,
    296.70100100313));
#4322 = CARTESIAN_POINT('',(-61.14553322178,208.87428244544,
    296.60071625704));
#4323 = CARTESIAN_POINT('',(-61.34540259916,208.87382543292,
    296.48611789773));
#4324 = CARTESIAN_POINT('',(-61.53623406153,208.88369805015,
    296.35871821524));
#4325 = CARTESIAN_POINT('',(-61.71579259048,208.90474680267,
    296.22073249741));
#4326 = CARTESIAN_POINT('',(-61.96068261103,208.95486330244,
    296.00669608714));
#4327 = CARTESIAN_POINT('',(-62.0360776591,208.97376783839,
    295.93660520686));
#4328 = CARTESIAN_POINT('',(-62.10829208102,208.99571640222,
    295.86526936464));
#4329 = CARTESIAN_POINT('',(-62.17707740831,209.02090898218,
    295.79314894002));
#4330 = CARTESIAN_POINT('',(-62.24218746808,209.04955506244,
    295.72081198686));
#4331 = CARTESIAN_POINT('',(-62.30339966338,209.08184556106,
    295.64893187832));
#4332 = CARTESIAN_POINT('',(-62.39263391677,209.13818092862,
    295.53856233545));
#4333 = CARTESIAN_POINT('',(-62.4234460588,209.15963973513,
    295.49924282229));
#4334 = CARTESIAN_POINT('',(-62.45293006715,209.18231009462,
    295.46045108145));
#4335 = CARTESIAN_POINT('',(-62.4810543564,209.20620581823,
    295.4223358968));
#4336 = CARTESIAN_POINT('',(-62.50779245232,209.23133116813,
    295.38505285464));
#4337 = CARTESIAN_POINT('',(-62.53312362925,209.25767827739,
    295.34876149103));
#4338 = CARTESIAN_POINT('',(-62.57260609154,209.30316548635,
    295.29073635409));
#4339 = CARTESIAN_POINT('',(-62.58757589555,209.32161527444,
    295.26833879825));
#4340 = CARTESIAN_POINT('',(-62.60193885817,209.34056765105,
    295.24647416698));
#4341 = CARTESIAN_POINT('',(-62.61569234821,209.36001407444,
    295.22518641385));
#4342 = CARTESIAN_POINT('',(-62.62883504336,209.37994358897,
    295.20451866739));
#4343 = CARTESIAN_POINT('',(-62.64136676889,209.4003426699,
    295.18451284776));
#4344 = CARTESIAN_POINT('',(-62.69403448237,209.49246546727,
    295.09923256847));
#4345 = CARTESIAN_POINT('',(-62.7276805603,209.56907991955,
    295.04141450957));
#4346 = CARTESIAN_POINT('',(-62.75418816471,209.65030883553,
    294.99347172613));
#4347 = CARTESIAN_POINT('',(-62.77381761321,209.73520243326,
    294.95666612815));
#4348 = CARTESIAN_POINT('',(-62.7868290432,209.82263508153,
    294.9318250737));
#4349 = CARTESIAN_POINT('',(-62.79332457362,209.9113582263,
    294.91942472983));
#4350 = CARTESIAN_POINT('',(-62.79332457362,210.,294.91942472983));
#4351 = CYLINDRICAL_SURFACE('',#4352,4.);
#4352 = AXIS2_PLACEMENT_3D('',#4353,#4354,#4355);
#4353 = CARTESIAN_POINT('',(-59.25,219.,293.06339375865));
#4354 = DIRECTION('',(0.,-1.,1.110223024625E-16));
#4355 = DIRECTION('',(1.,0.,0.));
#4356 = ADVANCED_FACE('',(#4357),#4463,.T.);
#4357 = FACE_BOUND('',#4358,.T.);
#4358 = EDGE_LOOP('',(#4359,#4369,#4376,#4377,#4414,#4449,#4455,#4456,
    #4457));
#4359 = ORIENTED_EDGE('',*,*,#4360,.T.);
#4360 = EDGE_CURVE('',#4361,#4363,#4365,.T.);
#4361 = VERTEX_POINT('',#4362);
#4362 = CARTESIAN_POINT('',(-32.,208.88196601125,279.64));
#4363 = VERTEX_POINT('',#4364);
#4364 = CARTESIAN_POINT('',(-32.,201.,279.64));
#4365 = LINE('',#4366,#4367);
#4366 = CARTESIAN_POINT('',(-32.,219.,279.64));
#4367 = VECTOR('',#4368,1.);
#4368 = DIRECTION('',(0.,-1.,1.110223024625E-16));
#4369 = ORIENTED_EDGE('',*,*,#4370,.F.);
#4370 = EDGE_CURVE('',#4363,#4363,#4371,.T.);
#4371 = CIRCLE('',#4372,4.);
#4372 = AXIS2_PLACEMENT_3D('',#4373,#4374,#4375);
#4373 = CARTESIAN_POINT('',(-36.,201.,279.64));
#4374 = DIRECTION('',(0.,-1.,1.110223024625E-16));
#4375 = DIRECTION('',(1.,0.,0.));
#4376 = ORIENTED_EDGE('',*,*,#4360,.F.);
#4377 = ORIENTED_EDGE('',*,*,#4378,.T.);
#4378 = EDGE_CURVE('',#4361,#4379,#4381,.T.);
#4379 = VERTEX_POINT('',#4380);
#4380 = CARTESIAN_POINT('',(-32.62096774193,210.,281.78059360901));
#4381 = B_SPLINE_CURVE_WITH_KNOTS('',7,(#4382,#4383,#4384,#4385,#4386,
    #4387,#4388,#4389,#4390,#4391,#4392,#4393,#4394,#4395,#4396,#4397,
    #4398,#4399,#4400,#4401,#4402,#4403,#4404,#4405,#4406,#4407,#4408,
    #4409,#4410,#4411,#4412,#4413),.UNSPECIFIED.,.F.,.F.,(8,6,6,6,6,8),(
    0.,0.341291563649,0.48383697746,0.616930826606,0.703588319523,1.),
  .UNSPECIFIED.);
#4382 = CARTESIAN_POINT('',(-32.,208.88196601125,279.64));
#4383 = CARTESIAN_POINT('',(-32.,208.88196601125,279.79482030746));
#4384 = CARTESIAN_POINT('',(-32.0069911505,208.88693597737,
    279.94958466263));
#4385 = CARTESIAN_POINT('',(-32.02096387388,208.89687151186,
    280.10348764383));
#4386 = CARTESIAN_POINT('',(-32.04176875408,208.91198246703,
    280.25558153387));
#4387 = CARTESIAN_POINT('',(-32.06904930766,208.93266690631,
    280.4047942535));
#4388 = CARTESIAN_POINT('',(-32.10218091925,208.95947244145,
    280.54995017251));
#4389 = CARTESIAN_POINT('',(-32.15610182451,209.00706699353,
    280.74820153467));
#4390 = CARTESIAN_POINT('',(-32.17283871731,209.0222657227,
    280.80566676984));
#4391 = CARTESIAN_POINT('',(-32.19035445755,209.0386844332,
    280.86208919802));
#4392 = CARTESIAN_POINT('',(-32.20856385299,209.05636676601,
    280.91736011591));
#4393 = CARTESIAN_POINT('',(-32.22736846443,209.07535379642,
    280.97136455859));
#4394 = CARTESIAN_POINT('',(-32.24665638888,209.09568112706,
    281.02398343507));
#4395 = CARTESIAN_POINT('',(-32.28464507914,209.13763234366,
    281.12281886379));
#4396 = CARTESIAN_POINT('',(-32.30329998562,209.15908088289,
    281.16922866019));
#4397 = CARTESIAN_POINT('',(-32.32216422617,209.18174253793,
    281.21422406769));
#4398 = CARTESIAN_POINT('',(-32.34112461969,209.20563128668,
    281.2577031112));
#4399 = CARTESIAN_POINT('',(-32.36005949138,209.23075155386,
    281.29956481387));
#4400 = CARTESIAN_POINT('',(-32.37884082397,209.25709561917,
    281.33971118503));
#4401 = CARTESIAN_POINT('',(-32.40937889661,209.30257585779,
    281.40301112034));
#4402 = CARTESIAN_POINT('',(-32.42130040867,209.3210201629,
    281.42720667847));
#4403 = CARTESIAN_POINT('',(-32.43306450846,209.33996769504,
    281.4506100773));
#4404 = CARTESIAN_POINT('',(-32.44463439901,209.3594099466,
    281.47319700342));
#4405 = CARTESIAN_POINT('',(-32.45597333659,209.37933599197,
    281.49494468829));
#4406 = CARTESIAN_POINT('',(-32.46704504424,209.39973233109,
    281.51583196141));
#4407 = CARTESIAN_POINT('',(-32.51464973313,209.49190146793,
    281.60427435338));
#4408 = CARTESIAN_POINT('',(-32.54796992209,209.56858148796,
    281.66246111989));
#4409 = CARTESIAN_POINT('',(-32.57630092952,209.64989191091,
    281.70950296207));
#4410 = CARTESIAN_POINT('',(-32.59841390707,209.73488031442,
    281.74499207024));
#4411 = CARTESIAN_POINT('',(-32.61345812013,209.82241725396,
    281.76873913702));
#4412 = CARTESIAN_POINT('',(-32.62096774193,209.91124958557,
    281.78059360901));
#4413 = CARTESIAN_POINT('',(-32.62096774193,210.,281.78059360901));
#4414 = ORIENTED_EDGE('',*,*,#4415,.T.);
#4415 = EDGE_CURVE('',#4379,#4416,#4418,.T.);
#4416 = VERTEX_POINT('',#4417);
#4417 = CARTESIAN_POINT('',(-32.,211.11803398875,279.64));
#4418 = B_SPLINE_CURVE_WITH_KNOTS('',8,(#4419,#4420,#4421,#4422,#4423,
    #4424,#4425,#4426,#4427,#4428,#4429,#4430,#4431,#4432,#4433,#4434,
    #4435,#4436,#4437,#4438,#4439,#4440,#4441,#4442,#4443,#4444,#4445,
    #4446,#4447,#4448),.UNSPECIFIED.,.F.,.F.,(9,7,7,7,9),(0.,
    0.298893385485,0.380062528667,0.512342210974,1.),.UNSPECIFIED.);
#4419 = CARTESIAN_POINT('',(-32.62096774193,210.,281.78059360901));
#4420 = CARTESIAN_POINT('',(-32.62096774193,210.07834974968,
    281.78059360901));
#4421 = CARTESIAN_POINT('',(-32.61523453365,210.15676390967,
    281.77154332741));
#4422 = CARTESIAN_POINT('',(-32.60375161455,210.23435662305,
    281.75341756842));
#4423 = CARTESIAN_POINT('',(-32.58675747334,210.31030724783,
    281.72628993889));
#4424 = CARTESIAN_POINT('',(-32.56470354899,210.38386003306,
    281.69027328773));
#4425 = CARTESIAN_POINT('',(-32.53823838799,210.45433803055,
    281.64554732437));
#4426 = CARTESIAN_POINT('',(-32.50818806114,210.52116283425,
    281.59244123403));
#4427 = CARTESIAN_POINT('',(-32.46662673744,210.60090131668,
    281.51500018921));
#4428 = CARTESIAN_POINT('',(-32.45755468337,210.61763012464,
    281.49788359387));
#4429 = CARTESIAN_POINT('',(-32.44830522401,210.63405007311,
    281.48019948971));
#4430 = CARTESIAN_POINT('',(-32.43889694743,210.65015403271,
    281.46195865458));
#4431 = CARTESIAN_POINT('',(-32.42934854419,210.66593583458,
    281.44317247637));
#4432 = CARTESIAN_POINT('',(-32.41967880737,210.68139027038,
    281.42385295294));
#4433 = CARTESIAN_POINT('',(-32.40990663254,210.69651309233,
    281.40401269221));
#4434 = CARTESIAN_POINT('',(-32.38398952527,210.73540058342,
    281.3505045535));
#4435 = CARTESIAN_POINT('',(-32.36770584973,210.758610918,
    281.31599580968));
#4436 = CARTESIAN_POINT('',(-32.35128139256,210.78091748595,
    281.28019554737));
#4437 = CARTESIAN_POINT('',(-32.33479562696,210.80231301911,
    281.24316314322));
#4438 = CARTESIAN_POINT('',(-32.31832529155,210.82279657195,
    281.20495976426));
#4439 = CARTESIAN_POINT('',(-32.30194358388,210.84237258136,
    281.16564764844));
#4440 = CARTESIAN_POINT('',(-32.28571935403,210.86104992646,
    281.12528938508));
#4441 = CARTESIAN_POINT('',(-32.21071997498,210.94442891397,
    280.93153648178));
#4442 = CARTESIAN_POINT('',(-32.15490013259,210.99778309606,
    280.76619169712));
#4443 = CARTESIAN_POINT('',(-32.10519435801,211.03990538567,
    280.59056032592));
#4444 = CARTESIAN_POINT('',(-32.06378762755,211.07201425302,
    280.40721295161));
#4445 = CARTESIAN_POINT('',(-32.03204352808,211.09525256459,
    280.21856538541));
#4446 = CARTESIAN_POINT('',(-32.01069176215,211.11043259407,
    280.02672631829));
#4447 = CARTESIAN_POINT('',(-32.,211.11803398875,279.83344573732));
#4448 = CARTESIAN_POINT('',(-32.,211.11803398875,279.64));
#4449 = ORIENTED_EDGE('',*,*,#4450,.F.);
#4450 = EDGE_CURVE('',#4037,#4416,#4451,.T.);
#4451 = LINE('',#4452,#4453);
#4452 = CARTESIAN_POINT('',(-32.,219.,279.64));
#4453 = VECTOR('',#4454,1.);
#4454 = DIRECTION('',(0.,-1.,1.110223024625E-16));
#4455 = ORIENTED_EDGE('',*,*,#4036,.T.);
#4456 = ORIENTED_EDGE('',*,*,#4450,.T.);
#4457 = ORIENTED_EDGE('',*,*,#4458,.T.);
#4458 = EDGE_CURVE('',#4416,#4361,#4459,.T.);
#4459 = LINE('',#4460,#4461);
#4460 = CARTESIAN_POINT('',(-32.,219.,279.64));
#4461 = VECTOR('',#4462,1.);
#4462 = DIRECTION('',(0.,-1.,1.110223024625E-16));
#4463 = CYLINDRICAL_SURFACE('',#4464,4.);
#4464 = AXIS2_PLACEMENT_3D('',#4465,#4466,#4467);
#4465 = CARTESIAN_POINT('',(-36.,219.,279.64));
#4466 = DIRECTION('',(0.,-1.,1.110223024625E-16));
#4467 = DIRECTION('',(1.,0.,0.));
#4468 = ADVANCED_FACE('',(#4469),#4472,.T.);
#4469 = FACE_BOUND('',#4470,.T.);
#4470 = EDGE_LOOP('',(#4471));
#4471 = ORIENTED_EDGE('',*,*,#4061,.T.);
#4472 = PLANE('',#4473);
#4473 = AXIS2_PLACEMENT_3D('',#4474,#4475,#4476);
#4474 = CARTESIAN_POINT('',(-59.25,201.,266.21660624134));
#4475 = DIRECTION('',(0.,-1.,1.110223024625E-16));
#4476 = DIRECTION('',(1.,0.,0.));
#4477 = ADVANCED_FACE('',(#4478),#4675,.T.);
#4478 = FACE_BOUND('',#4479,.T.);
#4479 = EDGE_LOOP('',(#4480,#4489,#4490,#4497,#4498,#4505,#4506,#4515,
    #4524,#4556,#4588,#4595,#4596,#4597,#4598,#4599,#4600,#4601,#4610));
#4480 = ORIENTED_EDGE('',*,*,#4481,.F.);
#4481 = EDGE_CURVE('',#4416,#4482,#4484,.T.);
#4482 = VERTEX_POINT('',#4483);
#4483 = CARTESIAN_POINT('',(-31.,211.5,279.64));
#4484 = CIRCLE('',#4485,1.5);
#4485 = AXIS2_PLACEMENT_3D('',#4486,#4487,#4488);
#4486 = CARTESIAN_POINT('',(-31.,210.,279.64));
#4487 = DIRECTION('',(0.,-1.110223024625E-16,-1.));
#4488 = DIRECTION('',(1.,0.,0.));
#4489 = ORIENTED_EDGE('',*,*,#4415,.F.);
#4490 = ORIENTED_EDGE('',*,*,#4491,.T.);
#4491 = EDGE_CURVE('',#4379,#4231,#4492,.T.);
#4492 = CIRCLE('',#4493,19.);
#4493 = AXIS2_PLACEMENT_3D('',#4494,#4495,#4496);
#4494 = CARTESIAN_POINT('',(-51.5,210.,279.64));
#4495 = DIRECTION('',(0.,-1.,1.110223024625E-16));
#4496 = DIRECTION('',(1.,0.,0.));
#4497 = ORIENTED_EDGE('',*,*,#4230,.T.);
#4498 = ORIENTED_EDGE('',*,*,#4499,.T.);
#4499 = EDGE_CURVE('',#4233,#4073,#4500,.T.);
#4500 = CIRCLE('',#4501,19.);
#4501 = AXIS2_PLACEMENT_3D('',#4502,#4503,#4504);
#4502 = CARTESIAN_POINT('',(-51.5,210.,279.64));
#4503 = DIRECTION('',(0.,-1.,1.110223024625E-16));
#4504 = DIRECTION('',(1.,0.,0.));
#4505 = ORIENTED_EDGE('',*,*,#4072,.T.);
#4506 = ORIENTED_EDGE('',*,*,#4507,.T.);
#4507 = EDGE_CURVE('',#4075,#4508,#4510,.T.);
#4508 = VERTEX_POINT('',#4509);
#4509 = CARTESIAN_POINT('',(-39.28703541595,210.,265.08515558073));
#4510 = CIRCLE('',#4511,19.);
#4511 = AXIS2_PLACEMENT_3D('',#4512,#4513,#4514);
#4512 = CARTESIAN_POINT('',(-51.5,210.,279.64));
#4513 = DIRECTION('',(0.,-1.,1.110223024625E-16));
#4514 = DIRECTION('',(1.,0.,0.));
#4515 = ORIENTED_EDGE('',*,*,#4516,.T.);
#4516 = EDGE_CURVE('',#4508,#4517,#4519,.T.);
#4517 = VERTEX_POINT('',#4518);
#4518 = CARTESIAN_POINT('',(-38.32285400142,211.5,263.93608891606));
#4519 = CIRCLE('',#4520,1.5);
#4520 = AXIS2_PLACEMENT_3D('',#4521,#4522,#4523);
#4521 = CARTESIAN_POINT('',(-38.32285400142,210.,263.93608891606));
#4522 = DIRECTION('',(-0.766044443119,-7.136376042178E-17,
    -0.642787609687));
#4523 = DIRECTION('',(0.642787609687,-8.504801786368E-17,-0.766044443119
    ));
#4524 = ORIENTED_EDGE('',*,*,#4525,.F.);
#4525 = EDGE_CURVE('',#4526,#4517,#4528,.T.);
#4526 = VERTEX_POINT('',#4527);
#4527 = CARTESIAN_POINT('',(-38.54064736255,210.,261.86205919634));
#4528 = B_SPLINE_CURVE_WITH_KNOTS('',6,(#4529,#4530,#4531,#4532,#4533,
    #4534,#4535,#4536,#4537,#4538,#4539,#4540,#4541,#4542,#4543,#4544,
    #4545,#4546,#4547,#4548,#4549,#4550,#4551,#4552,#4553,#4554,#4555),
  .UNSPECIFIED.,.F.,.F.,(7,5,5,5,5,7),(0.,0.203993456128,0.33451380887,
    0.508352229425,0.747491411997,1.),.UNSPECIFIED.);
#4529 = CARTESIAN_POINT('',(-38.54064736255,210.,261.86205919634));
#4530 = CARTESIAN_POINT('',(-38.54064736255,210.09737913804,
    261.86205919634));
#4531 = CARTESIAN_POINT('',(-38.539390449,210.1948034834,261.87236339622
    ));
#4532 = CARTESIAN_POINT('',(-38.53687437833,210.29070649302,
    261.89298851077));
#4533 = CARTESIAN_POINT('',(-38.53319531438,210.3838255923,
    261.92325578236));
#4534 = CARTESIAN_POINT('',(-38.5284976743,210.47322606069,
    261.96217185753));
#4535 = CARTESIAN_POINT('',(-38.51938871004,210.61266664026,
    262.0383008231));
#4536 = CARTESIAN_POINT('',(-38.51548187256,210.66531273574,
    262.07109374283));
#4537 = CARTESIAN_POINT('',(-38.51126187526,210.7160598131,
    262.10670088456));
#4538 = CARTESIAN_POINT('',(-38.50676827737,210.76482500198,
    262.14484736225));
#4539 = CARTESIAN_POINT('',(-38.50203830399,210.81156839465,
    262.18527477959));
#4540 = CARTESIAN_POINT('',(-38.49053323199,210.91583219836,
    262.28434052287));
#4541 = CARTESIAN_POINT('',(-38.48360128449,210.97177268034,
    262.34456197945));
#4542 = CARTESIAN_POINT('',(-38.47638527956,211.02409145219,
    262.40789417099));
#4543 = CARTESIAN_POINT('',(-38.4689516128,211.07283374212,
    262.47387586469));
#4544 = CARTESIAN_POINT('',(-38.46135570987,211.11808062248,
    262.54212115063));
#4545 = CARTESIAN_POINT('',(-38.44302900075,211.21749742877,
    262.70890726342));
#4546 = CARTESIAN_POINT('',(-38.43219545232,211.26861869834,
    262.80917136073));
#4547 = CARTESIAN_POINT('',(-38.42125486032,211.3135530159,
    262.91233088482));
#4548 = CARTESIAN_POINT('',(-38.41029601386,211.35253813461,
    263.01775615242));
#4549 = CARTESIAN_POINT('',(-38.39938692415,211.38580014005,
    263.1249471915));
#4550 = CARTESIAN_POINT('',(-38.37716480263,211.44280009589,
    263.34818553705));
#4551 = CARTESIAN_POINT('',(-38.36586588949,211.46589550462,
    263.46436678526));
#4552 = CARTESIAN_POINT('',(-38.35474218329,211.48302909005,
    263.58161769008));
#4553 = CARTESIAN_POINT('',(-38.34384182167,211.49436152433,
    263.69954486702));
#4554 = CARTESIAN_POINT('',(-38.3332025324,211.49999969571,
    263.81780462909));
#4555 = CARTESIAN_POINT('',(-38.3228540017,211.5,263.93608891639));
#4556 = ORIENTED_EDGE('',*,*,#4557,.F.);
#4557 = EDGE_CURVE('',#4558,#4526,#4560,.T.);
#4558 = VERTEX_POINT('',#4559);
#4559 = CARTESIAN_POINT('',(-38.32285400142,208.5,263.93608891606));
#4560 = B_SPLINE_CURVE_WITH_KNOTS('',6,(#4561,#4562,#4563,#4564,#4565,
    #4566,#4567,#4568,#4569,#4570,#4571,#4572,#4573,#4574,#4575,#4576,
    #4577,#4578,#4579,#4580,#4581,#4582,#4583,#4584,#4585,#4586,#4587),
  .UNSPECIFIED.,.F.,.F.,(7,5,5,5,5,7),(0.,0.245966527323,0.489817544252,
    0.663818681732,0.794456483726,1.),.UNSPECIFIED.);
#4561 = CARTESIAN_POINT('',(-38.32285400345,208.5,263.93608891848));
#4562 = CARTESIAN_POINT('',(-38.33293439797,208.50000025758,
    263.8208693865));
#4563 = CARTESIAN_POINT('',(-38.34329074324,208.50535015588,
    263.70567249413));
#4564 = CARTESIAN_POINT('',(-38.35389551883,208.5161016149,
    263.59078383514));
#4565 = CARTESIAN_POINT('',(-38.36471401593,208.53235222404,
    263.47652048327));
#4566 = CARTESIAN_POINT('',(-38.37570227895,208.55424803644,
    263.3632432318));
#4567 = CARTESIAN_POINT('',(-38.39781232245,208.60948611832,
    263.1404566443));
#4568 = CARTESIAN_POINT('',(-38.40892972249,208.64272274533,
    263.03094765547));
#4569 = CARTESIAN_POINT('',(-38.4201049953,208.68188986155,
    262.92322972246));
#4570 = CARTESIAN_POINT('',(-38.4312672459,208.7272253138,
    262.81782541811));
#4571 = CARTESIAN_POINT('',(-38.44232348445,208.77898014683,
    262.71539483291));
#4572 = CARTESIAN_POINT('',(-38.46088127305,208.87913973469,
    262.54639367221));
#4573 = CARTESIAN_POINT('',(-38.46849223276,208.92424899547,
    262.47797040997));
#4574 = CARTESIAN_POINT('',(-38.47594279598,208.97285670293,
    262.41180008634));
#4575 = CARTESIAN_POINT('',(-38.48317771945,209.02504480858,
    262.34826738741));
#4576 = CARTESIAN_POINT('',(-38.49013078009,209.08086002054,
    262.28783236703));
#4577 = CARTESIAN_POINT('',(-38.50167669286,209.18491634111,
    262.18836988358));
#4578 = CARTESIAN_POINT('',(-38.50642539426,209.23157401459,
    262.14776524932));
#4579 = CARTESIAN_POINT('',(-38.51093909374,209.28025870014,
    262.10943317892));
#4580 = CARTESIAN_POINT('',(-38.51518059324,209.33093178867,
    262.07363187295));
#4581 = CARTESIAN_POINT('',(-38.51911030299,209.3835119755,
    262.04063641955));
#4582 = CARTESIAN_POINT('',(-38.52831853145,209.52337757676,
    261.96365601267));
#4583 = CARTESIAN_POINT('',(-38.5330830178,209.61334350315,
    261.92417969058));
#4584 = CARTESIAN_POINT('',(-38.53681673552,209.70710572268,
    261.89346100477));
#4585 = CARTESIAN_POINT('',(-38.53937125801,209.80371426496,
    261.87252073337));
#4586 = CARTESIAN_POINT('',(-38.54064736255,209.90188026514,
    261.86205919634));
#4587 = CARTESIAN_POINT('',(-38.54064736255,210.,261.86205919634));
#4588 = ORIENTED_EDGE('',*,*,#4589,.T.);
#4589 = EDGE_CURVE('',#4558,#4508,#4590,.T.);
#4590 = CIRCLE('',#4591,1.5);
#4591 = AXIS2_PLACEMENT_3D('',#4592,#4593,#4594);
#4592 = CARTESIAN_POINT('',(-38.32285400142,210.,263.93608891606));
#4593 = DIRECTION('',(-0.766044443119,-7.136376042178E-17,
    -0.642787609687));
#4594 = DIRECTION('',(0.642787609687,-8.504801786368E-17,-0.766044443119
    ));
#4595 = ORIENTED_EDGE('',*,*,#4507,.F.);
#4596 = ORIENTED_EDGE('',*,*,#4135,.F.);
#4597 = ORIENTED_EDGE('',*,*,#4499,.F.);
#4598 = ORIENTED_EDGE('',*,*,#4293,.F.);
#4599 = ORIENTED_EDGE('',*,*,#4491,.F.);
#4600 = ORIENTED_EDGE('',*,*,#4378,.F.);
#4601 = ORIENTED_EDGE('',*,*,#4602,.F.);
#4602 = EDGE_CURVE('',#4603,#4361,#4605,.T.);
#4603 = VERTEX_POINT('',#4604);
#4604 = CARTESIAN_POINT('',(-31.,208.5,279.64));
#4605 = CIRCLE('',#4606,1.5);
#4606 = AXIS2_PLACEMENT_3D('',#4607,#4608,#4609);
#4607 = CARTESIAN_POINT('',(-31.,210.,279.64));
#4608 = DIRECTION('',(0.,-1.110223024625E-16,-1.));
#4609 = DIRECTION('',(1.,0.,0.));
#4610 = ORIENTED_EDGE('',*,*,#4611,.F.);
#4611 = EDGE_CURVE('',#4482,#4603,#4612,.T.);
#4612 = B_SPLINE_CURVE_WITH_KNOTS('',6,(#4613,#4614,#4615,#4616,#4617,
    #4618,#4619,#4620,#4621,#4622,#4623,#4624,#4625,#4626,#4627,#4628,
    #4629,#4630,#4631,#4632,#4633,#4634,#4635,#4636,#4637,#4638,#4639,
    #4640,#4641,#4642,#4643,#4644,#4645,#4646,#4647,#4648,#4649,#4650,
    #4651,#4652,#4653,#4654,#4655,#4656,#4657,#4658,#4659,#4660,#4661,
    #4662,#4663,#4664,#4665,#4666,#4667,#4668,#4669,#4670,#4671,#4672,
    #4673,#4674),.UNSPECIFIED.,.F.,.F.,(7,5,5,5,5,5,5,5,5,5,5,5,7),(0.,
    0.122506684257,0.244465694566,0.333382029554,0.39859015283,
    0.432965353298,0.499428192175,0.567664849876,0.602061054207,
    0.667320095226,0.754237672387,0.933614108191,1.),.UNSPECIFIED.);
#4613 = CARTESIAN_POINT('',(-31.00000000731,211.5,279.64));
#4614 = CARTESIAN_POINT('',(-30.91852691065,211.49999974814,
    279.72147307403));
#4615 = CARTESIAN_POINT('',(-30.83724700952,211.49469039929,
    279.8031415631));
#4616 = CARTESIAN_POINT('',(-30.75635917793,211.48402064936,
    279.88480303367));
#4617 = CARTESIAN_POINT('',(-30.67608144561,211.4678941868,
    279.96622977729));
#4618 = CARTESIAN_POINT('',(-30.5966588804,211.44616696366,
    280.04715953764));
#4619 = CARTESIAN_POINT('',(-30.44043404972,211.39124501059,
    280.20705472615));
#4620 = CARTESIAN_POINT('',(-30.36363868814,211.35810750542,
    280.28600988987));
#4621 = CARTESIAN_POINT('',(-30.28824864079,211.31903867957,
    280.36386274515));
#4622 = CARTESIAN_POINT('',(-30.21461812104,211.27380086725,
    280.44022370339));
#4623 = CARTESIAN_POINT('',(-30.14319225957,211.22214296578,
    280.51459810374));
#4624 = CARTESIAN_POINT('',(-30.02446930489,211.1212422264,
    280.63868079603));
#4625 = CARTESIAN_POINT('',(-29.97588888724,211.07514616522,
    280.68960102572));
#4626 = CARTESIAN_POINT('',(-29.92900325198,211.02539476757,
    280.7388805431));
#4627 = CARTESIAN_POINT('',(-29.88408970734,210.97190034669,
    280.7862095079));
#4628 = CARTESIAN_POINT('',(-29.84148093787,210.91461420171,
    280.83121595485));
#4629 = CARTESIAN_POINT('',(-29.77228046982,210.8087656816,
    280.90446192169));
#4630 = CARTESIAN_POINT('',(-29.74445048652,210.76195468941,
    280.93396902292));
#4631 = CARTESIAN_POINT('',(-29.71822024442,210.71312611997,
    280.9618237938));
#4632 = CARTESIAN_POINT('',(-29.69376385448,210.66232091975,
    280.98783151855));
#4633 = CARTESIAN_POINT('',(-29.67126634336,210.60962320687,
    281.01178533576));
#4634 = CARTESIAN_POINT('',(-29.64018248661,210.52646854684,
    281.04491479484));
#4635 = CARTESIAN_POINT('',(-29.63004848282,210.49727781756,
    281.05572244793));
#4636 = CARTESIAN_POINT('',(-29.62053747041,210.4676217918,
    281.06587144787));
#4637 = CARTESIAN_POINT('',(-29.61167640164,210.43752624225,
    281.07533167914));
#4638 = CARTESIAN_POINT('',(-29.60349112232,210.40702193929,
    281.08407426817));
#4639 = CARTESIAN_POINT('',(-29.58153228741,210.31644624955,
    281.10753700963));
#4640 = CARTESIAN_POINT('',(-29.56967194626,210.25534411459,
    281.1202219191));
#4641 = CARTESIAN_POINT('',(-29.56060222868,210.19311813738,
    281.12992896775));
#4642 = CARTESIAN_POINT('',(-29.55446070489,210.13009747538,
    281.13650452145));
#4643 = CARTESIAN_POINT('',(-29.55132601234,210.06665669994,
    281.13986072683));
#4644 = CARTESIAN_POINT('',(-29.55106888822,209.9380729593,
    281.14013602274));
#4645 = CARTESIAN_POINT('',(-29.55410912285,209.8729105373,
    281.13688095546));
#4646 = CARTESIAN_POINT('',(-29.56032293472,209.80817519293,
    281.13022781711));
#4647 = CARTESIAN_POINT('',(-29.56962665084,209.74427318808,
    281.12027009358));
#4648 = CARTESIAN_POINT('',(-29.58187095542,209.68156085766,
    281.1071745386));
#4649 = CARTESIAN_POINT('',(-29.60441858088,209.58947937672,
    281.08308362388));
#4650 = CARTESIAN_POINT('',(-29.61267380958,209.55899504297,
    281.07426670217));
#4651 = CARTESIAN_POINT('',(-29.62160370028,209.52892241894,
    281.06473344284));
#4652 = CARTESIAN_POINT('',(-29.63118228013,209.49929203506,
    281.05451286169));
#4653 = CARTESIAN_POINT('',(-29.64138250569,209.47012942035,
    281.04363517652));
#4654 = CARTESIAN_POINT('',(-29.67265761603,209.38705343954,
    281.01030380727));
#4655 = CARTESIAN_POINT('',(-29.69527722344,209.33441271623,
    280.9862215565));
#4656 = CARTESIAN_POINT('',(-29.71985090899,209.28367156309,
    280.96009097775));
#4657 = CARTESIAN_POINT('',(-29.74619352166,209.23491273331,
    280.9321190734));
#4658 = CARTESIAN_POINT('',(-29.77413106112,209.18817603869,
    280.90250043697));
#4659 = CARTESIAN_POINT('',(-29.84264380358,209.08392855046,
    280.82998892956));
#4660 = CARTESIAN_POINT('',(-29.8843306071,209.0279978799,
    280.78595866584));
#4661 = CARTESIAN_POINT('',(-29.92821710245,208.97568920996,
    280.73971204782));
#4662 = CARTESIAN_POINT('',(-29.97399271285,208.92695720728,
    280.69159633391));
#4663 = CARTESIAN_POINT('',(-30.02139751026,208.88172073959,
    280.64190196273));
#4664 = CARTESIAN_POINT('',(-30.17100281396,208.75353969331,
    280.48551135235));
#4665 = CARTESIAN_POINT('',(-30.27776690832,208.68174122866,
    280.37449945977));
#4666 = CARTESIAN_POINT('',(-30.38879519741,208.6235285385,
    280.25975701448));
#4667 = CARTESIAN_POINT('',(-30.50284422768,208.5781746766,
    280.14266124416));
#4668 = CARTESIAN_POINT('',(-30.61898200751,208.54500003285,
    280.02422138557));
#4669 = CARTESIAN_POINT('',(-30.78013887825,208.51569261287,
    279.86099389911));
#4670 = CARTESIAN_POINT('',(-30.8238653384,208.50939161822,
    279.81681655721));
#4671 = CARTESIAN_POINT('',(-30.86774936202,208.50468591615,
    279.77259240105));
#4672 = CARTESIAN_POINT('',(-30.91175555263,208.50155936853,
    279.72835854055));
#4673 = CARTESIAN_POINT('',(-30.95584994498,208.50000000042,
    279.68415005639));
#4674 = CARTESIAN_POINT('',(-31.00000000511,208.5,279.64));
#4675 = TOROIDAL_SURFACE('',#4676,20.5,1.5);
#4676 = AXIS2_PLACEMENT_3D('',#4677,#4678,#4679);
#4677 = CARTESIAN_POINT('',(-51.5,210.,279.64));
#4678 = DIRECTION('',(0.,-1.,1.110223024625E-16));
#4679 = DIRECTION('',(1.,0.,0.));
#4680 = ADVANCED_FACE('',(#4681),#4684,.T.);
#4681 = FACE_BOUND('',#4682,.T.);
#4682 = EDGE_LOOP('',(#4683));
#4683 = ORIENTED_EDGE('',*,*,#4219,.T.);
#4684 = PLANE('',#4685);
#4685 = AXIS2_PLACEMENT_3D('',#4686,#4687,#4688);
#4686 = CARTESIAN_POINT('',(-59.25,201.,293.06339375865));
#4687 = DIRECTION('',(0.,-1.,1.110223024625E-16));
#4688 = DIRECTION('',(1.,0.,0.));
#4689 = ADVANCED_FACE('',(#4690),#4701,.T.);
#4690 = FACE_BOUND('',#4691,.T.);
#4691 = EDGE_LOOP('',(#4692,#4693,#4694,#4700));
#4692 = ORIENTED_EDGE('',*,*,#4458,.F.);
#4693 = ORIENTED_EDGE('',*,*,#4481,.T.);
#4694 = ORIENTED_EDGE('',*,*,#4695,.T.);
#4695 = EDGE_CURVE('',#4482,#4603,#4696,.T.);
#4696 = LINE('',#4697,#4698);
#4697 = CARTESIAN_POINT('',(-31.,210.,279.64));
#4698 = VECTOR('',#4699,1.);
#4699 = DIRECTION('',(0.,-1.,1.110223024625E-16));
#4700 = ORIENTED_EDGE('',*,*,#4602,.T.);
#4701 = PLANE('',#4702);
#4702 = AXIS2_PLACEMENT_3D('',#4703,#4704,#4705);
#4703 = CARTESIAN_POINT('',(-51.5,210.,279.64));
#4704 = DIRECTION('',(0.,-1.110223024625E-16,-1.));
#4705 = DIRECTION('',(1.,0.,0.));
#4706 = ADVANCED_FACE('',(#4707),#4710,.T.);
#4707 = FACE_BOUND('',#4708,.T.);
#4708 = EDGE_LOOP('',(#4709));
#4709 = ORIENTED_EDGE('',*,*,#4370,.T.);
#4710 = PLANE('',#4711);
#4711 = AXIS2_PLACEMENT_3D('',#4712,#4713,#4714);
#4712 = CARTESIAN_POINT('',(-36.,201.,279.64));
#4713 = DIRECTION('',(0.,-1.,1.110223024625E-16));
#4714 = DIRECTION('',(1.,0.,0.));
#4715 = ADVANCED_FACE('',(#4716),#4742,.T.);
#4716 = FACE_BOUND('',#4717,.T.);
#4717 = EDGE_LOOP('',(#4718,#4726,#4733,#4734,#4741));
#4718 = ORIENTED_EDGE('',*,*,#4719,.T.);
#4719 = EDGE_CURVE('',#4603,#4720,#4722,.T.);
#4720 = VERTEX_POINT('',#4721);
#4721 = CARTESIAN_POINT('',(-16.,208.5,279.64));
#4722 = LINE('',#4723,#4724);
#4723 = CARTESIAN_POINT('',(-31.,208.5,279.64));
#4724 = VECTOR('',#4725,1.);
#4725 = DIRECTION('',(1.,0.,0.));
#4726 = ORIENTED_EDGE('',*,*,#4727,.F.);
#4727 = EDGE_CURVE('',#4720,#4720,#4728,.T.);
#4728 = CIRCLE('',#4729,1.5);
#4729 = AXIS2_PLACEMENT_3D('',#4730,#4731,#4732);
#4730 = CARTESIAN_POINT('',(-16.,210.,279.64));
#4731 = DIRECTION('',(1.,0.,0.));
#4732 = DIRECTION('',(0.,-1.,1.110223024625E-16));
#4733 = ORIENTED_EDGE('',*,*,#4719,.F.);
#4734 = ORIENTED_EDGE('',*,*,#4735,.T.);
#4735 = EDGE_CURVE('',#4603,#4482,#4736,.T.);
#4736 = CIRCLE('',#4737,1.5);
#4737 = AXIS2_PLACEMENT_3D('',#4738,#4739,#4740);
#4738 = CARTESIAN_POINT('',(-31.,210.,279.64));
#4739 = DIRECTION('',(1.,0.,0.));
#4740 = DIRECTION('',(0.,-1.,1.110223024625E-16));
#4741 = ORIENTED_EDGE('',*,*,#4611,.T.);
#4742 = CYLINDRICAL_SURFACE('',#4743,1.5);
#4743 = AXIS2_PLACEMENT_3D('',#4744,#4745,#4746);
#4744 = CARTESIAN_POINT('',(-31.,210.,279.64));
#4745 = DIRECTION('',(1.,0.,0.));
#4746 = DIRECTION('',(0.,-1.,1.110223024625E-16));
#4747 = ADVANCED_FACE('',(#4748),#4758,.F.);
#4748 = FACE_BOUND('',#4749,.F.);
#4749 = EDGE_LOOP('',(#4750,#4751,#4752));
#4750 = ORIENTED_EDGE('',*,*,#4589,.T.);
#4751 = ORIENTED_EDGE('',*,*,#4516,.T.);
#4752 = ORIENTED_EDGE('',*,*,#4753,.T.);
#4753 = EDGE_CURVE('',#4517,#4558,#4754,.T.);
#4754 = LINE('',#4755,#4756);
#4755 = CARTESIAN_POINT('',(-38.32285400142,210.,263.93608891606));
#4756 = VECTOR('',#4757,1.);
#4757 = DIRECTION('',(0.,-1.,1.110223024625E-16));
#4758 = PLANE('',#4759);
#4759 = AXIS2_PLACEMENT_3D('',#4760,#4761,#4762);
#4760 = CARTESIAN_POINT('',(-51.5,210.,279.64));
#4761 = DIRECTION('',(-0.766044443119,-7.136376042178E-17,
    -0.642787609687));
#4762 = DIRECTION('',(0.642787609687,-8.504801786368E-17,-0.766044443119
    ));
#4763 = ADVANCED_FACE('',(#4764),#4791,.T.);
#4764 = FACE_BOUND('',#4765,.T.);
#4765 = EDGE_LOOP('',(#4766,#4774,#4781,#4782,#4783,#4790));
#4766 = ORIENTED_EDGE('',*,*,#4767,.T.);
#4767 = EDGE_CURVE('',#4526,#4768,#4770,.T.);
#4768 = VERTEX_POINT('',#4769);
#4769 = CARTESIAN_POINT('',(-29.8301065208,210.,251.48124085474));
#4770 = LINE('',#4771,#4772);
#4771 = CARTESIAN_POINT('',(-39.4719206661,210.,262.97190750153));
#4772 = VECTOR('',#4773,1.);
#4773 = DIRECTION('',(0.642787609687,-8.504801786368E-17,-0.766044443119
    ));
#4774 = ORIENTED_EDGE('',*,*,#4775,.F.);
#4775 = EDGE_CURVE('',#4768,#4768,#4776,.T.);
#4776 = CIRCLE('',#4777,1.5);
#4777 = AXIS2_PLACEMENT_3D('',#4778,#4779,#4780);
#4778 = CARTESIAN_POINT('',(-28.68103985612,210.,252.44542226927));
#4779 = DIRECTION('',(0.642787609687,-8.504801786368E-17,-0.766044443119
    ));
#4780 = DIRECTION('',(-0.766044443119,-7.136376042178E-17,
    -0.642787609687));
#4781 = ORIENTED_EDGE('',*,*,#4767,.F.);
#4782 = ORIENTED_EDGE('',*,*,#4525,.T.);
#4783 = ORIENTED_EDGE('',*,*,#4784,.T.);
#4784 = EDGE_CURVE('',#4517,#4558,#4785,.T.);
#4785 = CIRCLE('',#4786,1.5);
#4786 = AXIS2_PLACEMENT_3D('',#4787,#4788,#4789);
#4787 = CARTESIAN_POINT('',(-38.32285400142,210.,263.93608891606));
#4788 = DIRECTION('',(0.642787609687,-8.504801786368E-17,-0.766044443119
    ));
#4789 = DIRECTION('',(-0.766044443119,-7.136376042178E-17,
    -0.642787609687));
#4790 = ORIENTED_EDGE('',*,*,#4557,.T.);
#4791 = CYLINDRICAL_SURFACE('',#4792,1.5);
#4792 = AXIS2_PLACEMENT_3D('',#4793,#4794,#4795);
#4793 = CARTESIAN_POINT('',(-38.32285400142,210.,263.93608891606));
#4794 = DIRECTION('',(0.642787609687,-8.504801786368E-17,-0.766044443119
    ));
#4795 = DIRECTION('',(-0.766044443119,-7.136376042178E-17,
    -0.642787609687));
#4796 = ADVANCED_FACE('',(#4797),#4801,.F.);
#4797 = FACE_BOUND('',#4798,.F.);
#4798 = EDGE_LOOP('',(#4799,#4800));
#4799 = ORIENTED_EDGE('',*,*,#4695,.T.);
#4800 = ORIENTED_EDGE('',*,*,#4735,.T.);
#4801 = PLANE('',#4802);
#4802 = AXIS2_PLACEMENT_3D('',#4803,#4804,#4805);
#4803 = CARTESIAN_POINT('',(-31.,210.,279.64));
#4804 = DIRECTION('',(1.,0.,0.));
#4805 = DIRECTION('',(0.,-1.,1.110223024625E-16));
#4806 = ADVANCED_FACE('',(#4807),#4810,.T.);
#4807 = FACE_BOUND('',#4808,.T.);
#4808 = EDGE_LOOP('',(#4809));
#4809 = ORIENTED_EDGE('',*,*,#4727,.T.);
#4810 = PLANE('',#4811);
#4811 = AXIS2_PLACEMENT_3D('',#4812,#4813,#4814);
#4812 = CARTESIAN_POINT('',(-16.,210.,279.64));
#4813 = DIRECTION('',(1.,0.,0.));
#4814 = DIRECTION('',(0.,-1.,1.110223024625E-16));
#4815 = ADVANCED_FACE('',(#4816),#4820,.F.);
#4816 = FACE_BOUND('',#4817,.F.);
#4817 = EDGE_LOOP('',(#4818,#4819));
#4818 = ORIENTED_EDGE('',*,*,#4753,.F.);
#4819 = ORIENTED_EDGE('',*,*,#4784,.T.);
#4820 = PLANE('',#4821);
#4821 = AXIS2_PLACEMENT_3D('',#4822,#4823,#4824);
#4822 = CARTESIAN_POINT('',(-38.32285400142,210.,263.93608891606));
#4823 = DIRECTION('',(0.642787609687,-8.504801786368E-17,-0.766044443119
    ));
#4824 = DIRECTION('',(-0.766044443119,-7.136376042178E-17,
    -0.642787609687));
#4825 = ADVANCED_FACE('',(#4826),#4829,.T.);
#4826 = FACE_BOUND('',#4827,.T.);
#4827 = EDGE_LOOP('',(#4828));
#4828 = ORIENTED_EDGE('',*,*,#4775,.T.);
#4829 = PLANE('',#4830);
#4830 = AXIS2_PLACEMENT_3D('',#4831,#4832,#4833);
#4831 = CARTESIAN_POINT('',(-28.68103985612,210.,252.44542226927));
#4832 = DIRECTION('',(0.642787609687,-8.504801786368E-17,-0.766044443119
    ));
#4833 = DIRECTION('',(-0.766044443119,-7.136376042178E-17,
    -0.642787609687));
#4834 = MANIFOLD_SOLID_BREP('',#4835);
#4835 = CLOSED_SHELL('',(#4836,#5207,#5233,#5242,#5262,#5287,#5312,#5337
    ,#5362,#5387,#5396,#5421,#5430,#5439,#5448,#5457,#5466));
#4836 = ADVANCED_FACE('',(#4837,#4933,#4984,#5035,#5100,#5151),#5202,.T.
  );
#4837 = FACE_BOUND('',#4838,.T.);
#4838 = EDGE_LOOP('',(#4839,#4872,#4880,#4887,#4888,#4917,#4925,#4932));
#4839 = ORIENTED_EDGE('',*,*,#4840,.F.);
#4840 = EDGE_CURVE('',#4841,#4843,#4845,.T.);
#4841 = VERTEX_POINT('',#4842);
#4842 = CARTESIAN_POINT('',(50.5,252.9,279.64));
#4843 = VERTEX_POINT('',#4844);
#4844 = CARTESIAN_POINT('',(50.5,256.09999999999,279.64));
#4845 = B_SPLINE_CURVE_WITH_KNOTS('',7,(#4846,#4847,#4848,#4849,#4850,
    #4851,#4852,#4853,#4854,#4855,#4856,#4857,#4858,#4859,#4860,#4861,
    #4862,#4863,#4864,#4865,#4866,#4867,#4868,#4869,#4870,#4871),
  .UNSPECIFIED.,.F.,.F.,(8,6,6,6,8),(0.,0.2576956348,0.500122668148,
    0.742411423544,1.),.UNSPECIFIED.);
#4846 = CARTESIAN_POINT('',(50.5,252.9,279.64));
#4847 = CARTESIAN_POINT('',(50.5,252.9,279.42086536957));
#4848 = CARTESIAN_POINT('',(50.497510041795,252.93501428881,
    279.20723703888));
#4849 = CARTESIAN_POINT('',(50.492755620745,253.00187751125,
    279.00564566678));
#4850 = CARTESIAN_POINT('',(50.486395929396,253.09610115072,
    278.8215663984));
#4851 = CARTESIAN_POINT('',(50.479354381298,253.2119534921,
    278.65918248808));
#4852 = CARTESIAN_POINT('',(50.472444242001,253.34257614572,
    278.52096632074));
#4853 = CARTESIAN_POINT('',(50.460326141962,253.60951744583,
    278.30013327194));
#4854 = CARTESIAN_POINT('',(50.454905915703,253.74802884455,
    278.21223502672));
#4855 = CARTESIAN_POINT('',(50.450287038373,253.89287430169,
    278.14282333786));
#4856 = CARTESIAN_POINT('',(50.446693852764,254.04201631192,
    278.09126560875));
#4857 = CARTESIAN_POINT('',(50.444256814034,254.19383667148,
    278.0570821303));
#4858 = CARTESIAN_POINT('',(50.443039009902,254.34694067422,278.04));
#4859 = CARTESIAN_POINT('',(50.443039009902,254.65297202227,278.04));
#4860 = CARTESIAN_POINT('',(50.444255422907,254.80609026444,
    278.05706264236));
#4861 = CARTESIAN_POINT('',(50.446692598071,254.95796818488,
    278.09124791751));
#4862 = CARTESIAN_POINT('',(50.450287588231,255.10716246846,
    278.14282861775));
#4863 = CARTESIAN_POINT('',(50.454907954504,255.25202817419,
    278.21226527922));
#4864 = CARTESIAN_POINT('',(50.460328006629,255.39052362964,
    278.30016725253));
#4865 = CARTESIAN_POINT('',(50.47244322762,255.65740150915,
    278.52094783525));
#4866 = CARTESIAN_POINT('',(50.479353481186,255.78803369175,
    278.65916206299));
#4867 = CARTESIAN_POINT('',(50.486396115279,255.90390537085,
    278.82156284291));
#4868 = CARTESIAN_POINT('',(50.492756926639,255.99814089845,
    279.00567032767));
#4869 = CARTESIAN_POINT('',(50.49751107272,256.06500019193,
    279.20728532608));
#4870 = CARTESIAN_POINT('',(50.5,256.1,279.42091067581));
#4871 = CARTESIAN_POINT('',(50.5,256.1,279.64));
#4872 = ORIENTED_EDGE('',*,*,#4873,.T.);
#4873 = EDGE_CURVE('',#4841,#4874,#4876,.T.);
#4874 = VERTEX_POINT('',#4875);
#4875 = CARTESIAN_POINT('',(50.5,237.,279.64));
#4876 = LINE('',#4877,#4878);
#4877 = CARTESIAN_POINT('',(50.5,272.,279.64));
#4878 = VECTOR('',#4879,1.);
#4879 = DIRECTION('',(0.,-1.,1.110223024625E-16));
#4880 = ORIENTED_EDGE('',*,*,#4881,.F.);
#4881 = EDGE_CURVE('',#4874,#4874,#4882,.T.);
#4882 = CIRCLE('',#4883,22.5);
#4883 = AXIS2_PLACEMENT_3D('',#4884,#4885,#4886);
#4884 = CARTESIAN_POINT('',(28.,237.,279.64));
#4885 = DIRECTION('',(0.,-1.,1.110223024625E-16));
#4886 = DIRECTION('',(1.,0.,0.));
#4887 = ORIENTED_EDGE('',*,*,#4873,.F.);
#4888 = ORIENTED_EDGE('',*,*,#4889,.F.);
#4889 = EDGE_CURVE('',#4843,#4841,#4890,.T.);
#4890 = B_SPLINE_CURVE_WITH_KNOTS('',7,(#4891,#4892,#4893,#4894,#4895,
    #4896,#4897,#4898,#4899,#4900,#4901,#4902,#4903,#4904,#4905,#4906,
    #4907,#4908,#4909,#4910,#4911,#4912,#4913,#4914,#4915,#4916),
  .UNSPECIFIED.,.F.,.F.,(8,6,6,6,8),(0.,0.257714518987,0.500180519733,
    0.742467656418,1.),.UNSPECIFIED.);
#4891 = CARTESIAN_POINT('',(50.5,256.1,279.64));
#4892 = CARTESIAN_POINT('',(50.5,256.1,279.85913463042));
#4893 = CARTESIAN_POINT('',(50.497510041795,256.06498571118,
    280.07276296111));
#4894 = CARTESIAN_POINT('',(50.492755620745,255.99812248874,
    280.27435433321));
#4895 = CARTESIAN_POINT('',(50.486395929396,255.90389884928,
    280.45843360159));
#4896 = CARTESIAN_POINT('',(50.479354381298,255.78804650789,
    280.62081751191));
#4897 = CARTESIAN_POINT('',(50.472444242001,255.65742385427,
    280.75903367925));
#4898 = CARTESIAN_POINT('',(50.460325628267,255.39047123833,
    280.97987608932));
#4899 = CARTESIAN_POINT('',(50.454905143614,255.25195077253,
    281.06777715182));
#4900 = CARTESIAN_POINT('',(50.450286567667,255.1071061694,
    281.13718250355));
#4901 = CARTESIAN_POINT('',(50.446694066908,254.95797852399,
    281.18873140542));
#4902 = CARTESIAN_POINT('',(50.444257219351,254.80617916976,
    281.22291217228));
#4903 = CARTESIAN_POINT('',(50.443039009902,254.65308495107,281.24));
#4904 = CARTESIAN_POINT('',(50.443039009902,254.34702797772,281.24));
#4905 = CARTESIAN_POINT('',(50.444255422907,254.19390973555,
    281.22293735763));
#4906 = CARTESIAN_POINT('',(50.446692598071,254.04203181511,
    281.18875208248));
#4907 = CARTESIAN_POINT('',(50.450287588231,253.89283753153,
    281.13717138224));
#4908 = CARTESIAN_POINT('',(50.454907954504,253.7479718258,
    281.06773472077));
#4909 = CARTESIAN_POINT('',(50.460328006629,253.60947637035,
    280.97983274746));
#4910 = CARTESIAN_POINT('',(50.472441906438,253.34262759424,
    280.75907624117));
#4911 = CARTESIAN_POINT('',(50.479352619849,253.21197608473,
    280.62085879209));
#4912 = CARTESIAN_POINT('',(50.486396858369,253.09607933455,
    280.45843077748));
#4913 = CARTESIAN_POINT('',(50.492758720111,253.00183404223,
    280.27428864512));
#4914 = CARTESIAN_POINT('',(50.497512227436,252.93498353399,
    280.07265287682));
#4915 = CARTESIAN_POINT('',(50.5,252.9,279.85903837427));
#4916 = CARTESIAN_POINT('',(50.5,252.9,279.64));
#4917 = ORIENTED_EDGE('',*,*,#4918,.F.);
#4918 = EDGE_CURVE('',#4919,#4843,#4921,.T.);
#4919 = VERTEX_POINT('',#4920);
#4920 = CARTESIAN_POINT('',(50.5,272.,279.64));
#4921 = LINE('',#4922,#4923);
#4922 = CARTESIAN_POINT('',(50.5,272.,279.64));
#4923 = VECTOR('',#4924,1.);
#4924 = DIRECTION('',(0.,-1.,1.110223024625E-16));
#4925 = ORIENTED_EDGE('',*,*,#4926,.T.);
#4926 = EDGE_CURVE('',#4919,#4919,#4927,.T.);
#4927 = CIRCLE('',#4928,22.5);
#4928 = AXIS2_PLACEMENT_3D('',#4929,#4930,#4931);
#4929 = CARTESIAN_POINT('',(28.,272.,279.64));
#4930 = DIRECTION('',(0.,-1.,1.110223024625E-16));
#4931 = DIRECTION('',(1.,0.,0.));
#4932 = ORIENTED_EDGE('',*,*,#4918,.T.);
#4933 = FACE_BOUND('',#4934,.T.);
#4934 = EDGE_LOOP('',(#4935));
#4935 = ORIENTED_EDGE('',*,*,#4936,.F.);
#4936 = EDGE_CURVE('',#4937,#4937,#4939,.T.);
#4937 = VERTEX_POINT('',#4938);
#4938 = CARTESIAN_POINT('',(18.164121141104,254.5,299.8762419207));
#4939 = B_SPLINE_CURVE_WITH_KNOTS('',7,(#4940,#4941,#4942,#4943,#4944,
    #4945,#4946,#4947,#4948,#4949,#4950,#4951,#4952,#4953,#4954,#4955,
    #4956,#4957,#4958,#4959,#4960,#4961,#4962,#4963,#4964,#4965,#4966,
    #4967,#4968,#4969,#4970,#4971,#4972,#4973,#4974,#4975,#4976,#4977,
    #4978,#4979,#4980,#4981,#4982,#4983),.UNSPECIFIED.,.T.,.F.,(8,6,6,6,
    6,6,6,8),(0.,0.152384476176,0.285797976032,0.42211771074,
    0.588251279323,0.71422204802,0.838117136879,1.),.UNSPECIFIED.);
#4940 = CARTESIAN_POINT('',(18.164121141104,254.5,299.8762419207));
#4941 = CARTESIAN_POINT('',(18.164121141104,254.69142880846,
    299.8762419207));
#4942 = CARTESIAN_POINT('',(18.140029202347,254.88279884651,
    299.86453186717));
#4943 = CARTESIAN_POINT('',(18.091864897897,255.07170880974,
    299.84112201412));
#4944 = CARTESIAN_POINT('',(18.019058452869,255.25544593071,
    299.80550947912));
#4945 = CARTESIAN_POINT('',(17.920739291125,255.43049714341,
    299.75683116913));
#4946 = CARTESIAN_POINT('',(17.796051994927,255.59202944431,
    299.69388911637));
#4947 = CARTESIAN_POINT('',(17.512385074204,255.8560851836,
    299.54683752001));
#4948 = CARTESIAN_POINT('',(17.355153338268,255.96759742098,
    299.46402923058));
#4949 = CARTESIAN_POINT('',(17.176680675011,256.05482003083,
    299.36801990534));
#4950 = CARTESIAN_POINT('',(16.983897514334,256.10912969069,
    299.2614194187));
#4951 = CARTESIAN_POINT('',(16.785643033274,256.12590524739,
    299.14832568851));
#4952 = CARTESIAN_POINT('',(16.590824370537,256.10474570584,
    299.03398445951));
#4953 = CARTESIAN_POINT('',(16.219503875958,255.99352203273,
    298.81075520971));
#4954 = CARTESIAN_POINT('',(16.049837290422,255.90386866725,
    298.70585486491));
#4955 = CARTESIAN_POINT('',(15.900836338537,255.78818563301,
    298.61140810188));
#4956 = CARTESIAN_POINT('',(15.773475985815,255.65276112959,
    298.52908847308));
#4957 = CARTESIAN_POINT('',(15.667899050661,255.50319780899,
    298.45986095995));
#4958 = CARTESIAN_POINT('',(15.583610827408,255.34452951708,
    298.40404029179));
#4959 = CARTESIAN_POINT('',(15.441471680453,254.98225345232,
    298.30928416404));
#4960 = CARTESIAN_POINT('',(15.392276067701,254.77345396306,
    298.27593956073));
#4961 = CARTESIAN_POINT('',(15.370433322469,254.55952763464,
    298.26100497735));
#4962 = CARTESIAN_POINT('',(15.375549511466,254.34395074276,
    298.26449408404));
#4963 = CARTESIAN_POINT('',(15.407943638284,254.13052582748,
    298.28660164181));
#4964 = CARTESIAN_POINT('',(15.468362170462,253.92367697866,
    298.32741633561));
#4965 = CARTESIAN_POINT('',(15.625296160554,253.58172750627,
    298.43157531785));
#4966 = CARTESIAN_POINT('',(15.710554857061,253.43918962632,
    298.48775188358));
#4967 = CARTESIAN_POINT('',(15.814161019709,253.30550871175,
    298.55531567274));
#4968 = CARTESIAN_POINT('',(15.936348740175,253.1849478113,
    298.63387305639));
#4969 = CARTESIAN_POINT('',(16.076793188918,253.08210739882,
    298.7225046167));
#4970 = CARTESIAN_POINT('',(16.234478202938,253.00199262462,
    298.81975742701));
#4971 = CARTESIAN_POINT('',(16.577005394211,252.89939356825,
    299.02567681218));
#4972 = CARTESIAN_POINT('',(16.757043692076,252.87727429388,
    299.13153508955));
#4973 = CARTESIAN_POINT('',(16.940912561099,252.88765783879,
    299.23686371691));
#4974 = CARTESIAN_POINT('',(17.121233761108,252.93066192407,
    299.33726111185));
#4975 = CARTESIAN_POINT('',(17.290578500541,253.00295199671,
    299.42913349038));
#4976 = CARTESIAN_POINT('',(17.442830413234,253.09788657253,
    299.51003213782));
#4977 = CARTESIAN_POINT('',(17.746058452255,253.3462769841,
    299.66858591137));
#4978 = CARTESIAN_POINT('',(17.88790060563,253.5133154699,299.74055455)
  );
#4979 = CARTESIAN_POINT('',(17.999632392448,253.69718889713,
    299.79600301833));
#4980 = CARTESIAN_POINT('',(18.082258719615,253.89176527938,
    299.83645344548));
#4981 = CARTESIAN_POINT('',(18.136827996845,254.09254018922,
    299.86297577597));
#4982 = CARTESIAN_POINT('',(18.164121141104,254.29625503604,
    299.8762419207));
#4983 = CARTESIAN_POINT('',(18.164121141104,254.5,299.8762419207));
#4984 = FACE_BOUND('',#4985,.T.);
#4985 = EDGE_LOOP('',(#4986));
#4986 = ORIENTED_EDGE('',*,*,#4987,.F.);
#4987 = EDGE_CURVE('',#4988,#4988,#4990,.T.);
#4988 = VERTEX_POINT('',#4989);
#4989 = CARTESIAN_POINT('',(40.607160151006,254.5,298.2762419207));
#4990 = B_SPLINE_CURVE_WITH_KNOTS('',7,(#4991,#4992,#4993,#4994,#4995,
    #4996,#4997,#4998,#4999,#5000,#5001,#5002,#5003,#5004,#5005,#5006,
    #5007,#5008,#5009,#5010,#5011,#5012,#5013,#5014,#5015,#5016,#5017,
    #5018,#5019,#5020,#5021,#5022,#5023,#5024,#5025,#5026,#5027,#5028,
    #5029,#5030,#5031,#5032,#5033,#5034),.UNSPECIFIED.,.T.,.F.,(8,6,6,6,
    6,6,6,8),(0.,0.152384475963,0.285797976928,0.422117711508,
    0.58825127987,0.7142220484,0.838117137094,1.),.UNSPECIFIED.);
#4991 = CARTESIAN_POINT('',(40.607160151006,254.5,298.2762419207));
#4992 = CARTESIAN_POINT('',(40.607160151006,254.69142880846,
    298.2762419207));
#4993 = CARTESIAN_POINT('',(40.584972977795,254.88279884651,
    298.29125112492));
#4994 = CARTESIAN_POINT('',(40.540617298133,255.07170880974,
    298.32125770961));
#4995 = CARTESIAN_POINT('',(40.473372715614,255.25544593071,
    298.36650367306));
#4996 = CARTESIAN_POINT('',(40.382056481674,255.43049714341,
    298.42731140981));
#4997 = CARTESIAN_POINT('',(40.265203416921,255.59202944431,
    298.50382274947));
#4998 = CARTESIAN_POINT('',(39.996019537226,255.8560851848,
    298.67595971163));
#4999 = CARTESIAN_POINT('',(39.845689593699,255.96759741771,
    298.77072224035));
#5000 = CARTESIAN_POINT('',(39.673306731085,256.05482003457,
    298.87727944785));
#5001 = CARTESIAN_POINT('',(39.484596443447,256.10912968905,
    298.99093430597));
#5002 = CARTESIAN_POINT('',(39.287527141701,256.12590524703,
    299.10608086825));
#5003 = CARTESIAN_POINT('',(39.091095409487,256.10474570633,
    299.21762816018));
#5004 = CARTESIAN_POINT('',(38.712112959385,255.99352203274,
    299.42758651743));
#5005 = CARTESIAN_POINT('',(38.536433303103,255.90386866728,
    299.52207191831));
#5006 = CARTESIAN_POINT('',(38.380139531018,255.78818563299,
    299.60388714633));
#5007 = CARTESIAN_POINT('',(38.245168464899,255.65276112954,
    299.67302463282));
#5008 = CARTESIAN_POINT('',(38.132427212357,255.50319780898,
    299.72984318413));
#5009 = CARTESIAN_POINT('',(38.041940984064,255.34452951715,
    299.77492859262));
#5010 = CARTESIAN_POINT('',(37.888810196757,254.98225345232,
    299.85064664089));
#5011 = CARTESIAN_POINT('',(37.835335116842,254.77345396306,
    299.87657898964));
#5012 = CARTESIAN_POINT('',(37.81148001562,254.55952763464,
    299.8880280702));
#5013 = CARTESIAN_POINT('',(37.817059765149,254.34395074276,
    299.88534187391));
#5014 = CARTESIAN_POINT('',(37.852402535201,254.13052582747,
    299.86834151603));
#5015 = CARTESIAN_POINT('',(37.917958362966,253.92367697866,
    299.83642487921));
#5016 = CARTESIAN_POINT('',(38.086629682664,253.58172750627,
    299.75259554819));
#5017 = CARTESIAN_POINT('',(38.177909363942,253.43918962632,
    299.70684763399));
#5018 = CARTESIAN_POINT('',(38.288224403052,253.30550871175,
    299.65090395973));
#5019 = CARTESIAN_POINT('',(38.41735095318,253.1849478113,
    299.58436498159));
#5020 = CARTESIAN_POINT('',(38.564330360354,253.08210739882,
    299.50705230132));
#5021 = CARTESIAN_POINT('',(38.727396271684,253.00199262462,
    299.41911947854));
#5022 = CARTESIAN_POINT('',(39.076991286008,252.89939356825,
    299.22544192199));
#5023 = CARTESIAN_POINT('',(39.258686392346,252.87727429388,
    299.12245332107));
#5024 = CARTESIAN_POINT('',(39.4418380939,252.88765783879,
    299.01588252321));
#5025 = CARTESIAN_POINT('',(39.618945388395,252.93066192407,
    298.90991848064));
#5026 = CARTESIAN_POINT('',(39.783181571827,253.00295199671,
    298.80919782355));
#5027 = CARTESIAN_POINT('',(39.92936781199,253.09788657253,
    298.71779312311));
#5028 = CARTESIAN_POINT('',(40.218293427258,253.3462769841,
    298.53446682495));
#5029 = CARTESIAN_POINT('',(40.351541173276,253.5133154699,
    298.44761223612));
#5030 = CARTESIAN_POINT('',(40.455426848857,253.69718889713,
    298.37857390449));
#5031 = CARTESIAN_POINT('',(40.531771109949,253.89176527938,
    298.32724261971));
#5032 = CARTESIAN_POINT('',(40.582024760537,254.09254018921,
    298.29324540461));
#5033 = CARTESIAN_POINT('',(40.607160151006,254.29625503604,
    298.2762419207));
#5034 = CARTESIAN_POINT('',(40.607160151006,254.5,298.2762419207));
#5035 = FACE_BOUND('',#5036,.T.);
#5036 = EDGE_LOOP('',(#5037));
#5037 = ORIENTED_EDGE('',*,*,#5038,.F.);
#5038 = EDGE_CURVE('',#5039,#5039,#5041,.T.);
#5039 = VERTEX_POINT('',#5040);
#5040 = CARTESIAN_POINT('',(5.556960990098,254.5,278.04));
#5041 = B_SPLINE_CURVE_WITH_KNOTS('',8,(#5042,#5043,#5044,#5045,#5046,
    #5047,#5048,#5049,#5050,#5051,#5052,#5053,#5054,#5055,#5056,#5057,
    #5058,#5059,#5060,#5061,#5062,#5063,#5064,#5065,#5066,#5067,#5068,
    #5069,#5070,#5071,#5072,#5073,#5074,#5075,#5076,#5077,#5078,#5079,
    #5080,#5081,#5082,#5083,#5084,#5085,#5086,#5087,#5088,#5089,#5090,
    #5091,#5092,#5093,#5094,#5095,#5096,#5097,#5098,#5099),
  .UNSPECIFIED.,.T.,.F.,(9,7,7,7,7,7,7,7,9),(0.,0.120243691956,
    0.210426958424,0.305933362186,0.43746096518,0.588424152551,
    0.710532046263,0.806114323214,1.),.UNSPECIFIED.);
#5042 = CARTESIAN_POINT('',(5.556960990098,254.5,278.04));
#5043 = CARTESIAN_POINT('',(5.556960990098,254.3661494805,278.04));
#5044 = CARTESIAN_POINT('',(5.556048680344,254.23218929609,
    278.05279698177));
#5045 = CARTESIAN_POINT('',(5.554221342615,254.09898603528,
    278.07842843933));
#5046 = CARTESIAN_POINT('',(5.551509906849,253.96743467332,
    278.11703826763));
#5047 = CARTESIAN_POINT('',(5.547979774417,253.83851289189,
    278.1688673658));
#5048 = CARTESIAN_POINT('',(5.543737032465,253.71334796194,
    278.23424077255));
#5049 = CARTESIAN_POINT('',(5.538937967834,253.59330702611,
    278.31354369741));
#5050 = CARTESIAN_POINT('',(5.529946133748,253.39523209082,
    278.47740553457));
#5051 = CARTESIAN_POINT('',(5.52588399506,253.31380872345,
    278.55601727443));
#5052 = CARTESIAN_POINT('',(5.521718491209,253.23700920369,
    278.64301132322));
#5053 = CARTESIAN_POINT('',(5.517579919092,253.1659991746,
    278.73824319975));
#5054 = CARTESIAN_POINT('',(5.51361913975,253.10195284047,
    278.84142757506));
#5055 = CARTESIAN_POINT('',(5.509999560822,253.04605539129,
    278.95213438033));
#5056 = CARTESIAN_POINT('',(5.506885715998,252.99950724437,
    279.06978009718));
#5057 = CARTESIAN_POINT('',(5.501826124419,252.92542938276,
    279.3247577693));
#5058 = CARTESIAN_POINT('',(5.499973842053,252.89938617576,
    279.46214896337));
#5059 = CARTESIAN_POINT('',(5.499064328823,252.88702693827,279.603413163
    ));
#5060 = CARTESIAN_POINT('',(5.499216564305,252.88917340522,
    279.74590702681));
#5061 = CARTESIAN_POINT('',(5.500437171936,252.90585272953,
    279.88688953872));
#5062 = CARTESIAN_POINT('',(5.50261378842,252.93630544391,
    280.02369129595));
#5063 = CARTESIAN_POINT('',(5.505540403801,252.97899124484,
    280.15388206777));
#5064 = CARTESIAN_POINT('',(5.513704209419,253.10403308186,
    280.44283670414));
#5065 = CARTESIAN_POINT('',(5.51940351229,253.19539243788,
    280.59411885075));
#5066 = CARTESIAN_POINT('',(5.525568288657,253.30167673562,
    280.7284026159));
#5067 = CARTESIAN_POINT('',(5.531735278938,253.4195944697,
    280.84542120602));
#5068 = CARTESIAN_POINT('',(5.537533887679,253.54637640601,280.945268298
    ));
#5069 = CARTESIAN_POINT('',(5.542692433389,253.67966525986,
    281.02825056762));
#5070 = CARTESIAN_POINT('',(5.54702411001,253.81744996953,
    281.09480114737));
#5071 = CARTESIAN_POINT('',(5.554312868921,254.11936035305,
    281.20349557369));
#5072 = CARTESIAN_POINT('',(5.556987465319,254.28500267327,
    281.24080801928));
#5073 = CARTESIAN_POINT('',(5.558270614512,254.45303361194,
    281.25801520302));
#5074 = CARTESIAN_POINT('',(5.558083510837,254.62185617191,
    281.25539142266));
#5075 = CARTESIAN_POINT('',(5.556418249511,254.78992506421,
    281.23288829478));
#5076 = CARTESIAN_POINT('',(5.553342218176,254.95554719191,
    281.19019763161));
#5077 = CARTESIAN_POINT('',(5.549017943183,255.11669809698,
    281.12681215793));
#5078 = CARTESIAN_POINT('',(5.539449603509,255.39545730478,
    280.9735629866));
#5079 = CARTESIAN_POINT('',(5.534504455921,255.51651697492,
    280.89051706835));
#5080 = CARTESIAN_POINT('',(5.529045560726,255.63186691718,
    280.79255548734));
#5081 = CARTESIAN_POINT('',(5.523303974537,255.7392237699,
    280.67956147368));
#5082 = CARTESIAN_POINT('',(5.517586869364,255.83613357978,
    280.55171400107));
#5083 = CARTESIAN_POINT('',(5.512266975088,255.919952078,280.40952328926
    ));
#5084 = CARTESIAN_POINT('',(5.507752755816,255.98779836031,
    280.25391429807));
#5085 = CARTESIAN_POINT('',(5.501826271182,256.07456846848,
    279.95524962675));
#5086 = CARTESIAN_POINT('',(5.499973957897,256.10061244492,
    279.81786125088));
#5087 = CARTESIAN_POINT('',(5.499064303911,256.11297348254,
    279.67659535424));
#5088 = CARTESIAN_POINT('',(5.499216451211,256.11082807186,
    279.53409643366));
#5089 = CARTESIAN_POINT('',(5.500437121735,256.09414800306,
    279.39310761129));
#5090 = CARTESIAN_POINT('',(5.502613908891,256.06369298786,
    279.25630109622));
#5091 = CARTESIAN_POINT('',(5.505540620366,256.02100543811,279.126110267
    ));
#5092 = CARTESIAN_POINT('',(5.515940539578,255.86171391846,
    278.75800928386));
#5093 = CARTESIAN_POINT('',(5.524986044996,255.71434944844,
    278.54727195941));
#5094 = CARTESIAN_POINT('',(5.534484565717,255.53941369482,
    278.37437730913));
#5095 = CARTESIAN_POINT('',(5.543068936475,255.34596029633,
    278.23861589502));
#5096 = CARTESIAN_POINT('',(5.549932178178,255.14078734163,
    278.13860405653));
#5097 = CARTESIAN_POINT('',(5.554622634977,254.92895775649,
    278.07279751746));
#5098 = CARTESIAN_POINT('',(5.556960990098,254.71428096881,278.04));
#5099 = CARTESIAN_POINT('',(5.556960990098,254.5,278.04));
#5100 = FACE_BOUND('',#5101,.T.);
#5101 = EDGE_LOOP('',(#5102));
#5102 = ORIENTED_EDGE('',*,*,#5103,.F.);
#5103 = EDGE_CURVE('',#5104,#5104,#5106,.T.);
#5104 = VERTEX_POINT('',#5105);
#5105 = CARTESIAN_POINT('',(15.392839848994,254.5,261.00375807929));
#5106 = B_SPLINE_CURVE_WITH_KNOTS('',7,(#5107,#5108,#5109,#5110,#5111,
    #5112,#5113,#5114,#5115,#5116,#5117,#5118,#5119,#5120,#5121,#5122,
    #5123,#5124,#5125,#5126,#5127,#5128,#5129,#5130,#5131,#5132,#5133,
    #5134,#5135,#5136,#5137,#5138,#5139,#5140,#5141,#5142,#5143,#5144,
    #5145,#5146,#5147,#5148,#5149,#5150),.UNSPECIFIED.,.T.,.F.,(8,6,6,6,
    6,6,6,8),(0.,0.152384475483,0.285797976026,0.42211771023,
    0.588251280651,0.714222048942,0.838117137401,1.),.UNSPECIFIED.);
#5107 = CARTESIAN_POINT('',(15.392839848994,254.5,261.00375807929));
#5108 = CARTESIAN_POINT('',(15.392839848994,254.69142880846,
    261.00375807929));
#5109 = CARTESIAN_POINT('',(15.415027022204,254.88279884651,
    260.98874887507));
#5110 = CARTESIAN_POINT('',(15.459382701868,255.07170880974,
    260.95874229038));
#5111 = CARTESIAN_POINT('',(15.526627284385,255.25544593071,
    260.91349632693));
#5112 = CARTESIAN_POINT('',(15.617943518326,255.43049714341,
    260.85268859018));
#5113 = CARTESIAN_POINT('',(15.734796583079,255.59202944431,
    260.77617725052));
#5114 = CARTESIAN_POINT('',(16.003980462774,255.8560851848,
    260.60404028836));
#5115 = CARTESIAN_POINT('',(16.154310406301,255.96759741771,
    260.50927775965));
#5116 = CARTESIAN_POINT('',(16.326693268915,256.05482003457,
    260.40272055214));
#5117 = CARTESIAN_POINT('',(16.515403556553,256.10912968905,
    260.28906569402));
#5118 = CARTESIAN_POINT('',(16.7124728583,256.12590524703,
    260.17391913174));
#5119 = CARTESIAN_POINT('',(16.908904590513,256.10474570633,
    260.06237183981));
#5120 = CARTESIAN_POINT('',(17.28788704069,255.99352203272,
    259.85241348252));
#5121 = CARTESIAN_POINT('',(17.463566696905,255.90386866725,
    259.75792808168));
#5122 = CARTESIAN_POINT('',(17.619860468924,255.78818563302,
    259.67611285369));
#5123 = CARTESIAN_POINT('',(17.754831535058,255.65276112961,
    259.60697536719));
#5124 = CARTESIAN_POINT('',(17.867572787662,255.503197809,
    259.55015681585));
#5125 = CARTESIAN_POINT('',(17.958059015972,255.34452951706,
    259.50507140735));
#5126 = CARTESIAN_POINT('',(18.111189804475,254.98225344941,
    259.42935335849));
#5127 = CARTESIAN_POINT('',(18.164664880686,254.77345397449,
    259.40342101157));
#5128 = CARTESIAN_POINT('',(18.18851998543,254.55952761411,
    259.39197192928));
#5129 = CARTESIAN_POINT('',(18.182940236985,254.34395076312,
    259.39465812502));
#5130 = CARTESIAN_POINT('',(18.147597461742,254.13052581634,
    259.41165848548));
#5131 = CARTESIAN_POINT('',(18.082041638406,253.92367698144,
    259.4435751201));
#5132 = CARTESIAN_POINT('',(17.913370317336,253.58172750627,
    259.5274044518));
#5133 = CARTESIAN_POINT('',(17.822090636058,253.43918962632,
    259.573152366));
#5134 = CARTESIAN_POINT('',(17.711775596947,253.30550871175,
    259.62909604026));
#5135 = CARTESIAN_POINT('',(17.582649046821,253.1849478113,
    259.6956350184));
#5136 = CARTESIAN_POINT('',(17.435669639645,253.08210739882,
    259.77294769867));
#5137 = CARTESIAN_POINT('',(17.272603728316,253.00199262462,
    259.86088052145));
#5138 = CARTESIAN_POINT('',(16.923008713992,252.89939356825,
    260.054558078));
#5139 = CARTESIAN_POINT('',(16.741313607654,252.87727429388,
    260.15754667892));
#5140 = CARTESIAN_POINT('',(16.5581619061,252.88765783879,
    260.26411747678));
#5141 = CARTESIAN_POINT('',(16.381054611605,252.93066192407,
    260.37008151935));
#5142 = CARTESIAN_POINT('',(16.216818428174,253.00295199671,
    260.47080217644));
#5143 = CARTESIAN_POINT('',(16.07063218801,253.09788657253,
    260.56220687688));
#5144 = CARTESIAN_POINT('',(15.781706572742,253.3462769841,
    260.74553317504));
#5145 = CARTESIAN_POINT('',(15.648458826725,253.5133154699,
    260.83238776387));
#5146 = CARTESIAN_POINT('',(15.544573151142,253.69718889713,
    260.9014260955));
#5147 = CARTESIAN_POINT('',(15.468228890051,253.89176527938,
    260.95275738028));
#5148 = CARTESIAN_POINT('',(15.417975239463,254.09254018921,
    260.98675459538));
#5149 = CARTESIAN_POINT('',(15.392839848994,254.29625503604,
    261.00375807929));
#5150 = CARTESIAN_POINT('',(15.392839848994,254.5,261.00375807929));
#5151 = FACE_BOUND('',#5152,.T.);
#5152 = EDGE_LOOP('',(#5153));
#5153 = ORIENTED_EDGE('',*,*,#5154,.F.);
#5154 = EDGE_CURVE('',#5155,#5155,#5157,.T.);
#5155 = VERTEX_POINT('',#5156);
#5156 = CARTESIAN_POINT('',(37.835878858896,254.5,259.40375807929));
#5157 = B_SPLINE_CURVE_WITH_KNOTS('',7,(#5158,#5159,#5160,#5161,#5162,
    #5163,#5164,#5165,#5166,#5167,#5168,#5169,#5170,#5171,#5172,#5173,
    #5174,#5175,#5176,#5177,#5178,#5179,#5180,#5181,#5182,#5183,#5184,
    #5185,#5186,#5187,#5188,#5189,#5190,#5191,#5192,#5193,#5194,#5195,
    #5196,#5197,#5198,#5199,#5200,#5201),.UNSPECIFIED.,.T.,.F.,(8,6,6,6,
    6,6,6,8),(0.,0.152384475571,0.285797976192,0.422117710421,
    0.588251280788,0.714222049037,0.838117137455,1.),.UNSPECIFIED.);
#5158 = CARTESIAN_POINT('',(37.835878858896,254.5,259.40375807929));
#5159 = CARTESIAN_POINT('',(37.835878858896,254.69142880846,
    259.40375807929));
#5160 = CARTESIAN_POINT('',(37.859970797653,254.88279884651,
    259.41546813282));
#5161 = CARTESIAN_POINT('',(37.908135102103,255.07170880974,
    259.43887798587));
#5162 = CARTESIAN_POINT('',(37.980941547132,255.25544593071,
    259.47449052087));
#5163 = CARTESIAN_POINT('',(38.079260708875,255.43049714341,
    259.52316883086));
#5164 = CARTESIAN_POINT('',(38.203948005073,255.59202944431,
    259.58611088362));
#5165 = CARTESIAN_POINT('',(38.487614927081,255.8560851848,
    259.73316248065));
#5166 = CARTESIAN_POINT('',(38.644846656038,255.96759741771,
    259.81597076633));
#5167 = CARTESIAN_POINT('',(38.823319336,256.05482003457,259.91198010078
    ));
#5168 = CARTESIAN_POINT('',(39.016102474217,256.10912968905,
    260.01858057477));
#5169 = CARTESIAN_POINT('',(39.214356973179,256.12590524703,
    260.13167431525));
#5170 = CARTESIAN_POINT('',(39.409175627821,256.10474570633,
    260.24601553949));
#5171 = CARTESIAN_POINT('',(39.780496123985,255.99352203274,
    260.46924479024));
#5172 = CARTESIAN_POINT('',(39.950162709574,255.90386866728,
    260.57414513507));
#5173 = CARTESIAN_POINT('',(40.099163661506,255.78818563299,
    260.66859189814));
#5174 = CARTESIAN_POINT('',(40.226524014216,255.65276112954,
    260.75091152693));
#5175 = CARTESIAN_POINT('',(40.332100949326,255.50319780898,
    260.82013904003));
#5176 = CARTESIAN_POINT('',(40.416389172567,255.34452951715,
    260.87595970818));
#5177 = CARTESIAN_POINT('',(40.558528320691,254.98225344941,
    260.97071583672));
#5178 = CARTESIAN_POINT('',(40.607723930007,254.77345397449,
    261.00406043772));
#5179 = CARTESIAN_POINT('',(40.629566678499,254.55952761411,
    261.0189950233));
#5180 = CARTESIAN_POINT('',(40.624450490524,254.34395076312,
    261.01550591726));
#5181 = CARTESIAN_POINT('',(40.592056358872,254.13052581634,
    260.99339835629));
#5182 = CARTESIAN_POINT('',(40.531637830815,253.92367698144,
    260.95258366523));
#5183 = CARTESIAN_POINT('',(40.374703839447,253.58172750627,
    260.84842468214));
#5184 = CARTESIAN_POINT('',(40.289445142938,253.43918962632,
    260.79224811641));
#5185 = CARTESIAN_POINT('',(40.185838980292,253.30550871175,
    260.72468432725));
#5186 = CARTESIAN_POINT('',(40.063651259824,253.1849478113,
    260.6461269436));
#5187 = CARTESIAN_POINT('',(39.923206811083,253.08210739882,
    260.5574953833));
#5188 = CARTESIAN_POINT('',(39.765521797062,253.00199262462,
    260.46024257298));
#5189 = CARTESIAN_POINT('',(39.422994605789,252.89939356825,
    260.25432318782));
#5190 = CARTESIAN_POINT('',(39.242956307925,252.87727429388,
    260.14846491044));
#5191 = CARTESIAN_POINT('',(39.059087438901,252.88765783879,
    260.04313628308));
#5192 = CARTESIAN_POINT('',(38.878766238893,252.93066192407,
    259.94273888814));
#5193 = CARTESIAN_POINT('',(38.709421499459,253.00295199671,
    259.85086650961));
#5194 = CARTESIAN_POINT('',(38.557169586766,253.09788657253,
    259.76996786217));
#5195 = CARTESIAN_POINT('',(38.253941547745,253.3462769841,
    259.61141408862));
#5196 = CARTESIAN_POINT('',(38.11209939437,253.5133154699,
    259.53944544999));
#5197 = CARTESIAN_POINT('',(38.000367607553,253.69718889713,
    259.48399698166));
#5198 = CARTESIAN_POINT('',(37.917741280385,253.89176527938,
    259.44354655451));
#5199 = CARTESIAN_POINT('',(37.863172003155,254.09254018922,
    259.41702422402));
#5200 = CARTESIAN_POINT('',(37.835878858896,254.29625503604,
    259.40375807929));
#5201 = CARTESIAN_POINT('',(37.835878858896,254.5,259.40375807929));
#5202 = CYLINDRICAL_SURFACE('',#5203,22.5);
#5203 = AXIS2_PLACEMENT_3D('',#5204,#5205,#5206);
#5204 = CARTESIAN_POINT('',(28.,272.,279.64));
#5205 = DIRECTION('',(0.,-1.,1.110223024625E-16));
#5206 = DIRECTION('',(1.,0.,0.));
#5207 = ADVANCED_FACE('',(#5208),#5228,.T.);
#5208 = FACE_BOUND('',#5209,.T.);
#5209 = EDGE_LOOP('',(#5210,#5218,#5225,#5226,#5227));
#5210 = ORIENTED_EDGE('',*,*,#5211,.T.);
#5211 = EDGE_CURVE('',#4841,#5212,#5214,.T.);
#5212 = VERTEX_POINT('',#5213);
#5213 = CARTESIAN_POINT('',(62.5,252.9,279.64));
#5214 = LINE('',#5215,#5216);
#5215 = CARTESIAN_POINT('',(49.5,252.9,279.64));
#5216 = VECTOR('',#5217,1.);
#5217 = DIRECTION('',(1.,0.,0.));
#5218 = ORIENTED_EDGE('',*,*,#5219,.F.);
#5219 = EDGE_CURVE('',#5212,#5212,#5220,.T.);
#5220 = CIRCLE('',#5221,1.6);
#5221 = AXIS2_PLACEMENT_3D('',#5222,#5223,#5224);
#5222 = CARTESIAN_POINT('',(62.5,254.5,279.64));
#5223 = DIRECTION('',(1.,0.,0.));
#5224 = DIRECTION('',(0.,-1.,1.110223024625E-16));
#5225 = ORIENTED_EDGE('',*,*,#5211,.F.);
#5226 = ORIENTED_EDGE('',*,*,#4840,.T.);
#5227 = ORIENTED_EDGE('',*,*,#4889,.T.);
#5228 = CYLINDRICAL_SURFACE('',#5229,1.6);
#5229 = AXIS2_PLACEMENT_3D('',#5230,#5231,#5232);
#5230 = CARTESIAN_POINT('',(49.5,254.5,279.64));
#5231 = DIRECTION('',(1.,0.,0.));
#5232 = DIRECTION('',(0.,-1.,1.110223024625E-16));
#5233 = ADVANCED_FACE('',(#5234),#5237,.F.);
#5234 = FACE_BOUND('',#5235,.T.);
#5235 = EDGE_LOOP('',(#5236));
#5236 = ORIENTED_EDGE('',*,*,#4926,.F.);
#5237 = PLANE('',#5238);
#5238 = AXIS2_PLACEMENT_3D('',#5239,#5240,#5241);
#5239 = CARTESIAN_POINT('',(28.,272.,279.64));
#5240 = DIRECTION('',(0.,-1.,1.110223024625E-16));
#5241 = DIRECTION('',(1.,0.,0.));
#5242 = ADVANCED_FACE('',(#5243,#5246),#5257,.T.);
#5243 = FACE_BOUND('',#5244,.T.);
#5244 = EDGE_LOOP('',(#5245));
#5245 = ORIENTED_EDGE('',*,*,#4881,.T.);
#5246 = FACE_BOUND('',#5247,.T.);
#5247 = EDGE_LOOP('',(#5248));
#5248 = ORIENTED_EDGE('',*,*,#5249,.F.);
#5249 = EDGE_CURVE('',#5250,#5250,#5252,.T.);
#5250 = VERTEX_POINT('',#5251);
#5251 = CARTESIAN_POINT('',(38.,237.,279.64));
#5252 = CIRCLE('',#5253,10.);
#5253 = AXIS2_PLACEMENT_3D('',#5254,#5255,#5256);
#5254 = CARTESIAN_POINT('',(28.,237.,279.64));
#5255 = DIRECTION('',(0.,-1.,1.110223024625E-16));
#5256 = DIRECTION('',(1.,0.,0.));
#5257 = PLANE('',#5258);
#5258 = AXIS2_PLACEMENT_3D('',#5259,#5260,#5261);
#5259 = CARTESIAN_POINT('',(28.,237.,279.64));
#5260 = DIRECTION('',(0.,-1.,1.110223024625E-16));
#5261 = DIRECTION('',(1.,0.,0.));
#5262 = ADVANCED_FACE('',(#5263),#5282,.T.);
#5263 = FACE_BOUND('',#5264,.T.);
#5264 = EDGE_LOOP('',(#5265,#5273,#5280,#5281));
#5265 = ORIENTED_EDGE('',*,*,#5266,.T.);
#5266 = EDGE_CURVE('',#4937,#5267,#5269,.T.);
#5267 = VERTEX_POINT('',#5268);
#5268 = CARTESIAN_POINT('',(12.135640646055,254.5,310.31787643056));
#5269 = LINE('',#5270,#5271);
#5270 = CARTESIAN_POINT('',(18.635640646055,254.5,299.05954618136));
#5271 = VECTOR('',#5272,1.);
#5272 = DIRECTION('',(-0.5,9.614813431918E-17,0.866025403784));
#5273 = ORIENTED_EDGE('',*,*,#5274,.F.);
#5274 = EDGE_CURVE('',#5267,#5267,#5275,.T.);
#5275 = CIRCLE('',#5276,1.6);
#5276 = AXIS2_PLACEMENT_3D('',#5277,#5278,#5279);
#5277 = CARTESIAN_POINT('',(10.75,254.5,309.51787643056));
#5278 = DIRECTION('',(-0.5,9.614813431918E-17,0.866025403784));
#5279 = DIRECTION('',(0.866025403784,5.551115123126E-17,0.5));
#5280 = ORIENTED_EDGE('',*,*,#5266,.F.);
#5281 = ORIENTED_EDGE('',*,*,#4936,.T.);
#5282 = CYLINDRICAL_SURFACE('',#5283,1.6);
#5283 = AXIS2_PLACEMENT_3D('',#5284,#5285,#5286);
#5284 = CARTESIAN_POINT('',(17.25,254.5,298.25954618136));
#5285 = DIRECTION('',(-0.5,9.614813431918E-17,0.866025403784));
#5286 = DIRECTION('',(0.866025403784,5.551115123126E-17,0.5));
#5287 = ADVANCED_FACE('',(#5288),#5307,.T.);
#5288 = FACE_BOUND('',#5289,.T.);
#5289 = EDGE_LOOP('',(#5290,#5298,#5305,#5306));
#5290 = ORIENTED_EDGE('',*,*,#5291,.T.);
#5291 = EDGE_CURVE('',#4988,#5292,#5294,.T.);
#5292 = VERTEX_POINT('',#5293);
#5293 = CARTESIAN_POINT('',(46.635640646055,254.5,308.71787643056));
#5294 = LINE('',#5295,#5296);
#5295 = CARTESIAN_POINT('',(40.135640646055,254.5,297.45954618136));
#5296 = VECTOR('',#5297,1.);
#5297 = DIRECTION('',(0.5,9.614813431918E-17,0.866025403784));
#5298 = ORIENTED_EDGE('',*,*,#5299,.F.);
#5299 = EDGE_CURVE('',#5292,#5292,#5300,.T.);
#5300 = CIRCLE('',#5301,1.6);
#5301 = AXIS2_PLACEMENT_3D('',#5302,#5303,#5304);
#5302 = CARTESIAN_POINT('',(45.25,254.5,309.51787643056));
#5303 = DIRECTION('',(0.5,9.614813431918E-17,0.866025403784));
#5304 = DIRECTION('',(0.866025403784,-5.551115123126E-17,-0.5));
#5305 = ORIENTED_EDGE('',*,*,#5291,.F.);
#5306 = ORIENTED_EDGE('',*,*,#4987,.T.);
#5307 = CYLINDRICAL_SURFACE('',#5308,1.6);
#5308 = AXIS2_PLACEMENT_3D('',#5309,#5310,#5311);
#5309 = CARTESIAN_POINT('',(38.75,254.5,298.25954618136));
#5310 = DIRECTION('',(0.5,9.614813431918E-17,0.866025403784));
#5311 = DIRECTION('',(0.866025403784,-5.551115123126E-17,-0.5));
#5312 = ADVANCED_FACE('',(#5313),#5332,.T.);
#5313 = FACE_BOUND('',#5314,.T.);
#5314 = EDGE_LOOP('',(#5315,#5323,#5330,#5331));
#5315 = ORIENTED_EDGE('',*,*,#5316,.T.);
#5316 = EDGE_CURVE('',#5039,#5317,#5319,.T.);
#5317 = VERTEX_POINT('',#5318);
#5318 = CARTESIAN_POINT('',(-6.5,254.5,278.04));
#5319 = LINE('',#5320,#5321);
#5320 = CARTESIAN_POINT('',(6.5,254.5,278.04));
#5321 = VECTOR('',#5322,1.);
#5322 = DIRECTION('',(-1.,1.359631073447E-32,1.224646799147E-16));
#5323 = ORIENTED_EDGE('',*,*,#5324,.F.);
#5324 = EDGE_CURVE('',#5317,#5317,#5325,.T.);
#5325 = CIRCLE('',#5326,1.6);
#5326 = AXIS2_PLACEMENT_3D('',#5327,#5328,#5329);
#5327 = CARTESIAN_POINT('',(-6.5,254.5,279.64));
#5328 = DIRECTION('',(-1.,1.359631073447E-32,1.224646799147E-16));
#5329 = DIRECTION('',(-1.224646799147E-16,-1.110223024625E-16,-1.));
#5330 = ORIENTED_EDGE('',*,*,#5316,.F.);
#5331 = ORIENTED_EDGE('',*,*,#5038,.T.);
#5332 = CYLINDRICAL_SURFACE('',#5333,1.6);
#5333 = AXIS2_PLACEMENT_3D('',#5334,#5335,#5336);
#5334 = CARTESIAN_POINT('',(6.5,254.5,279.64));
#5335 = DIRECTION('',(-1.,1.359631073447E-32,1.224646799147E-16));
#5336 = DIRECTION('',(-1.224646799147E-16,-1.110223024625E-16,-1.));
#5337 = ADVANCED_FACE('',(#5338),#5357,.T.);
#5338 = FACE_BOUND('',#5339,.T.);
#5339 = EDGE_LOOP('',(#5340,#5348,#5355,#5356));
#5340 = ORIENTED_EDGE('',*,*,#5341,.T.);
#5341 = EDGE_CURVE('',#5104,#5342,#5344,.T.);
#5342 = VERTEX_POINT('',#5343);
#5343 = CARTESIAN_POINT('',(9.364359353945,254.5,250.56212356943));
#5344 = LINE('',#5345,#5346);
#5345 = CARTESIAN_POINT('',(15.864359353945,254.5,261.82045381863));
#5346 = VECTOR('',#5347,1.);
#5347 = DIRECTION('',(-0.5,-9.614813431918E-17,-0.866025403784));
#5348 = ORIENTED_EDGE('',*,*,#5349,.F.);
#5349 = EDGE_CURVE('',#5342,#5342,#5350,.T.);
#5350 = CIRCLE('',#5351,1.6);
#5351 = AXIS2_PLACEMENT_3D('',#5352,#5353,#5354);
#5352 = CARTESIAN_POINT('',(10.75,254.5,249.76212356943));
#5353 = DIRECTION('',(-0.5,-9.614813431918E-17,-0.866025403784));
#5354 = DIRECTION('',(-0.866025403784,5.551115123126E-17,0.5));
#5355 = ORIENTED_EDGE('',*,*,#5341,.F.);
#5356 = ORIENTED_EDGE('',*,*,#5103,.T.);
#5357 = CYLINDRICAL_SURFACE('',#5358,1.6);
#5358 = AXIS2_PLACEMENT_3D('',#5359,#5360,#5361);
#5359 = CARTESIAN_POINT('',(17.25,254.5,261.02045381863));
#5360 = DIRECTION('',(-0.5,-9.614813431918E-17,-0.866025403784));
#5361 = DIRECTION('',(-0.866025403784,5.551115123126E-17,0.5));
#5362 = ADVANCED_FACE('',(#5363),#5382,.T.);
#5363 = FACE_BOUND('',#5364,.T.);
#5364 = EDGE_LOOP('',(#5365,#5373,#5380,#5381));
#5365 = ORIENTED_EDGE('',*,*,#5366,.T.);
#5366 = EDGE_CURVE('',#5155,#5367,#5369,.T.);
#5367 = VERTEX_POINT('',#5368);
#5368 = CARTESIAN_POINT('',(43.864359353945,254.5,248.96212356943));
#5369 = LINE('',#5370,#5371);
#5370 = CARTESIAN_POINT('',(37.364359353945,254.5,260.22045381863));
#5371 = VECTOR('',#5372,1.);
#5372 = DIRECTION('',(0.5,-9.614813431918E-17,-0.866025403784));
#5373 = ORIENTED_EDGE('',*,*,#5374,.F.);
#5374 = EDGE_CURVE('',#5367,#5367,#5375,.T.);
#5375 = CIRCLE('',#5376,1.6);
#5376 = AXIS2_PLACEMENT_3D('',#5377,#5378,#5379);
#5377 = CARTESIAN_POINT('',(45.25,254.5,249.76212356943));
#5378 = DIRECTION('',(0.5,-9.614813431918E-17,-0.866025403784));
#5379 = DIRECTION('',(-0.866025403784,-5.551115123126E-17,-0.5));
#5380 = ORIENTED_EDGE('',*,*,#5366,.F.);
#5381 = ORIENTED_EDGE('',*,*,#5154,.T.);
#5382 = CYLINDRICAL_SURFACE('',#5383,1.6);
#5383 = AXIS2_PLACEMENT_3D('',#5384,#5385,#5386);
#5384 = CARTESIAN_POINT('',(38.75,254.5,261.02045381863));
#5385 = DIRECTION('',(0.5,-9.614813431918E-17,-0.866025403784));
#5386 = DIRECTION('',(-0.866025403784,-5.551115123126E-17,-0.5));
#5387 = ADVANCED_FACE('',(#5388),#5391,.T.);
#5388 = FACE_BOUND('',#5389,.T.);
#5389 = EDGE_LOOP('',(#5390));
#5390 = ORIENTED_EDGE('',*,*,#5219,.T.);
#5391 = PLANE('',#5392);
#5392 = AXIS2_PLACEMENT_3D('',#5393,#5394,#5395);
#5393 = CARTESIAN_POINT('',(62.5,254.5,279.64));
#5394 = DIRECTION('',(1.,0.,0.));
#5395 = DIRECTION('',(0.,-1.,1.110223024625E-16));
#5396 = ADVANCED_FACE('',(#5397),#5416,.T.);
#5397 = FACE_BOUND('',#5398,.T.);
#5398 = EDGE_LOOP('',(#5399,#5408,#5414,#5415));
#5399 = ORIENTED_EDGE('',*,*,#5400,.F.);
#5400 = EDGE_CURVE('',#5401,#5401,#5403,.T.);
#5401 = VERTEX_POINT('',#5402);
#5402 = CARTESIAN_POINT('',(38.,222.,279.64));
#5403 = CIRCLE('',#5404,10.);
#5404 = AXIS2_PLACEMENT_3D('',#5405,#5406,#5407);
#5405 = CARTESIAN_POINT('',(28.,222.,279.64));
#5406 = DIRECTION('',(0.,-1.,1.110223024625E-16));
#5407 = DIRECTION('',(1.,0.,0.));
#5408 = ORIENTED_EDGE('',*,*,#5409,.F.);
#5409 = EDGE_CURVE('',#5250,#5401,#5410,.T.);
#5410 = LINE('',#5411,#5412);
#5411 = CARTESIAN_POINT('',(38.,237.,279.64));
#5412 = VECTOR('',#5413,1.);
#5413 = DIRECTION('',(0.,-1.,1.110223024625E-16));
#5414 = ORIENTED_EDGE('',*,*,#5249,.T.);
#5415 = ORIENTED_EDGE('',*,*,#5409,.T.);
#5416 = CYLINDRICAL_SURFACE('',#5417,10.);
#5417 = AXIS2_PLACEMENT_3D('',#5418,#5419,#5420);
#5418 = CARTESIAN_POINT('',(28.,237.,279.64));
#5419 = DIRECTION('',(0.,-1.,1.110223024625E-16));
#5420 = DIRECTION('',(1.,0.,0.));
#5421 = ADVANCED_FACE('',(#5422),#5425,.T.);
#5422 = FACE_BOUND('',#5423,.T.);
#5423 = EDGE_LOOP('',(#5424));
#5424 = ORIENTED_EDGE('',*,*,#5274,.T.);
#5425 = PLANE('',#5426);
#5426 = AXIS2_PLACEMENT_3D('',#5427,#5428,#5429);
#5427 = CARTESIAN_POINT('',(10.75,254.5,309.51787643056));
#5428 = DIRECTION('',(-0.5,9.614813431918E-17,0.866025403784));
#5429 = DIRECTION('',(0.866025403784,5.551115123126E-17,0.5));
#5430 = ADVANCED_FACE('',(#5431),#5434,.T.);
#5431 = FACE_BOUND('',#5432,.T.);
#5432 = EDGE_LOOP('',(#5433));
#5433 = ORIENTED_EDGE('',*,*,#5299,.T.);
#5434 = PLANE('',#5435);
#5435 = AXIS2_PLACEMENT_3D('',#5436,#5437,#5438);
#5436 = CARTESIAN_POINT('',(45.25,254.5,309.51787643056));
#5437 = DIRECTION('',(0.5,9.614813431918E-17,0.866025403784));
#5438 = DIRECTION('',(0.866025403784,-5.551115123126E-17,-0.5));
#5439 = ADVANCED_FACE('',(#5440),#5443,.T.);
#5440 = FACE_BOUND('',#5441,.T.);
#5441 = EDGE_LOOP('',(#5442));
#5442 = ORIENTED_EDGE('',*,*,#5324,.T.);
#5443 = PLANE('',#5444);
#5444 = AXIS2_PLACEMENT_3D('',#5445,#5446,#5447);
#5445 = CARTESIAN_POINT('',(-6.5,254.5,279.64));
#5446 = DIRECTION('',(-1.,1.359631073447E-32,1.224646799147E-16));
#5447 = DIRECTION('',(-1.224646799147E-16,-1.110223024625E-16,-1.));
#5448 = ADVANCED_FACE('',(#5449),#5452,.T.);
#5449 = FACE_BOUND('',#5450,.T.);
#5450 = EDGE_LOOP('',(#5451));
#5451 = ORIENTED_EDGE('',*,*,#5349,.T.);
#5452 = PLANE('',#5453);
#5453 = AXIS2_PLACEMENT_3D('',#5454,#5455,#5456);
#5454 = CARTESIAN_POINT('',(10.75,254.5,249.76212356943));
#5455 = DIRECTION('',(-0.5,-9.614813431918E-17,-0.866025403784));
#5456 = DIRECTION('',(-0.866025403784,5.551115123126E-17,0.5));
#5457 = ADVANCED_FACE('',(#5458),#5461,.T.);
#5458 = FACE_BOUND('',#5459,.T.);
#5459 = EDGE_LOOP('',(#5460));
#5460 = ORIENTED_EDGE('',*,*,#5374,.T.);
#5461 = PLANE('',#5462);
#5462 = AXIS2_PLACEMENT_3D('',#5463,#5464,#5465);
#5463 = CARTESIAN_POINT('',(45.25,254.5,249.76212356943));
#5464 = DIRECTION('',(0.5,-9.614813431918E-17,-0.866025403784));
#5465 = DIRECTION('',(-0.866025403784,-5.551115123126E-17,-0.5));
#5466 = ADVANCED_FACE('',(#5467),#5470,.T.);
#5467 = FACE_BOUND('',#5468,.T.);
#5468 = EDGE_LOOP('',(#5469));
#5469 = ORIENTED_EDGE('',*,*,#5400,.T.);
#5470 = PLANE('',#5471);
#5471 = AXIS2_PLACEMENT_3D('',#5472,#5473,#5474);
#5472 = CARTESIAN_POINT('',(28.,222.,279.64));
#5473 = DIRECTION('',(0.,-1.,1.110223024625E-16));
#5474 = DIRECTION('',(1.,0.,0.));
#5475 = MANIFOLD_SOLID_BREP('',#5476);
#5476 = CLOSED_SHELL('',(#5477,#5848,#5874,#5883,#5903,#5928,#5953,#5978
    ,#6003,#6028,#6037,#6062,#6071,#6080,#6089,#6098,#6107));
#5477 = ADVANCED_FACE('',(#5478,#5574,#5625,#5676,#5727,#5778),#5843,.T.
  );
#5478 = FACE_BOUND('',#5479,.T.);
#5479 = EDGE_LOOP('',(#5480,#5513,#5521,#5528,#5529,#5558,#5566,#5573));
#5480 = ORIENTED_EDGE('',*,*,#5481,.F.);
#5481 = EDGE_CURVE('',#5482,#5484,#5486,.T.);
#5482 = VERTEX_POINT('',#5483);
#5483 = CARTESIAN_POINT('',(134.5,252.9,279.64));
#5484 = VERTEX_POINT('',#5485);
#5485 = CARTESIAN_POINT('',(134.5,256.09999999999,279.64));
#5486 = B_SPLINE_CURVE_WITH_KNOTS('',7,(#5487,#5488,#5489,#5490,#5491,
    #5492,#5493,#5494,#5495,#5496,#5497,#5498,#5499,#5500,#5501,#5502,
    #5503,#5504,#5505,#5506,#5507,#5508,#5509,#5510,#5511,#5512),
  .UNSPECIFIED.,.F.,.F.,(8,6,6,6,8),(0.,0.257695626425,0.500122658581,
    0.742411418614,1.),.UNSPECIFIED.);
#5487 = CARTESIAN_POINT('',(134.5,252.9,279.64));
#5488 = CARTESIAN_POINT('',(134.5,252.9,279.42086536957));
#5489 = CARTESIAN_POINT('',(134.49751004179,252.93501428881,
    279.20723703888));
#5490 = CARTESIAN_POINT('',(134.49275562074,253.00187751125,
    279.00564566678));
#5491 = CARTESIAN_POINT('',(134.48639592939,253.09610115071,
    278.8215663984));
#5492 = CARTESIAN_POINT('',(134.47935438129,253.21195349211,
    278.65918248808));
#5493 = CARTESIAN_POINT('',(134.472444242,253.34257614572,
    278.52096632074));
#5494 = CARTESIAN_POINT('',(134.4603261418,253.6095174494,
    278.30013326898));
#5495 = CARTESIAN_POINT('',(134.45490591612,253.74802883679,
    278.21223503429));
#5496 = CARTESIAN_POINT('',(134.45028703792,253.89287430493,
    278.14282332971));
#5497 = CARTESIAN_POINT('',(134.44669385298,254.04201631881,
    278.09126561291));
#5498 = CARTESIAN_POINT('',(134.44425681399,254.19383666252,
    278.05708212943));
#5499 = CARTESIAN_POINT('',(134.4430390099,254.3469406779,278.04));
#5500 = CARTESIAN_POINT('',(134.4430390099,254.65297202227,278.04));
#5501 = CARTESIAN_POINT('',(134.4442554229,254.80609026444,
    278.05706264236));
#5502 = CARTESIAN_POINT('',(134.44669259807,254.95796818488,
    278.09124791751));
#5503 = CARTESIAN_POINT('',(134.45028758823,255.10716246846,
    278.14282861775));
#5504 = CARTESIAN_POINT('',(134.4549079545,255.25202817419,
    278.21226527922));
#5505 = CARTESIAN_POINT('',(134.46032800662,255.39052362964,
    278.30016725253));
#5506 = CARTESIAN_POINT('',(134.47244322762,255.65740150915,
    278.52094783525));
#5507 = CARTESIAN_POINT('',(134.47935348118,255.78803369175,
    278.65916206299));
#5508 = CARTESIAN_POINT('',(134.48639611527,255.90390537085,
    278.82156284291));
#5509 = CARTESIAN_POINT('',(134.49275692663,255.99814089845,
    279.00567032767));
#5510 = CARTESIAN_POINT('',(134.49751107272,256.06500019193,
    279.20728532608));
#5511 = CARTESIAN_POINT('',(134.5,256.1,279.42091067581));
#5512 = CARTESIAN_POINT('',(134.5,256.1,279.64));
#5513 = ORIENTED_EDGE('',*,*,#5514,.T.);
#5514 = EDGE_CURVE('',#5482,#5515,#5517,.T.);
#5515 = VERTEX_POINT('',#5516);
#5516 = CARTESIAN_POINT('',(134.5,237.,279.64));
#5517 = LINE('',#5518,#5519);
#5518 = CARTESIAN_POINT('',(134.5,272.,279.64));
#5519 = VECTOR('',#5520,1.);
#5520 = DIRECTION('',(0.,-1.,1.110223024625E-16));
#5521 = ORIENTED_EDGE('',*,*,#5522,.F.);
#5522 = EDGE_CURVE('',#5515,#5515,#5523,.T.);
#5523 = CIRCLE('',#5524,22.5);
#5524 = AXIS2_PLACEMENT_3D('',#5525,#5526,#5527);
#5525 = CARTESIAN_POINT('',(112.,237.,279.64));
#5526 = DIRECTION('',(0.,-1.,1.110223024625E-16));
#5527 = DIRECTION('',(1.,0.,0.));
#5528 = ORIENTED_EDGE('',*,*,#5514,.F.);
#5529 = ORIENTED_EDGE('',*,*,#5530,.F.);
#5530 = EDGE_CURVE('',#5484,#5482,#5531,.T.);
#5531 = B_SPLINE_CURVE_WITH_KNOTS('',7,(#5532,#5533,#5534,#5535,#5536,
    #5537,#5538,#5539,#5540,#5541,#5542,#5543,#5544,#5545,#5546,#5547,
    #5548,#5549,#5550,#5551,#5552,#5553,#5554,#5555,#5556,#5557),
  .UNSPECIFIED.,.F.,.F.,(8,6,6,6,8),(0.,0.257714526857,0.500180528843,
    0.742467661116,1.),.UNSPECIFIED.);
#5532 = CARTESIAN_POINT('',(134.5,256.1,279.64));
#5533 = CARTESIAN_POINT('',(134.5,256.1,279.85913463042));
#5534 = CARTESIAN_POINT('',(134.49751004179,256.06498571118,
    280.07276296111));
#5535 = CARTESIAN_POINT('',(134.49275562074,255.99812248874,
    280.27435433321));
#5536 = CARTESIAN_POINT('',(134.48639592939,255.90389884928,
    280.45843360159));
#5537 = CARTESIAN_POINT('',(134.47935438129,255.78804650789,
    280.62081751191));
#5538 = CARTESIAN_POINT('',(134.472444242,255.65742385427,
    280.75903367925));
#5539 = CARTESIAN_POINT('',(134.46032562841,255.39047124162,
    280.9798760866));
#5540 = CARTESIAN_POINT('',(134.45490514322,255.25195076528,
    281.06777715887));
#5541 = CARTESIAN_POINT('',(134.45028656808,255.10710617256,
    281.13718249585));
#5542 = CARTESIAN_POINT('',(134.44669406669,254.95797853037,
    281.18873140943));
#5543 = CARTESIAN_POINT('',(134.44425721939,254.80617916119,
    281.22291217142));
#5544 = CARTESIAN_POINT('',(134.4430390099,254.65308495465,281.24));
#5545 = CARTESIAN_POINT('',(134.4430390099,254.34702797772,281.24));
#5546 = CARTESIAN_POINT('',(134.4442554229,254.19390973555,
    281.22293735763));
#5547 = CARTESIAN_POINT('',(134.44669259807,254.04203181511,
    281.18875208248));
#5548 = CARTESIAN_POINT('',(134.45028758823,253.89283753153,
    281.13717138224));
#5549 = CARTESIAN_POINT('',(134.4549079545,253.74797182581,
    281.06773472077));
#5550 = CARTESIAN_POINT('',(134.46032800662,253.60947637035,
    280.97983274746));
#5551 = CARTESIAN_POINT('',(134.47244190643,253.34262759424,
    280.75907624117));
#5552 = CARTESIAN_POINT('',(134.47935261984,253.21197608473,
    280.6208587921));
#5553 = CARTESIAN_POINT('',(134.48639685836,253.09607933455,
    280.45843077748));
#5554 = CARTESIAN_POINT('',(134.49275872011,253.00183404223,
    280.27428864512));
#5555 = CARTESIAN_POINT('',(134.49751222743,252.93498353399,
    280.07265287682));
#5556 = CARTESIAN_POINT('',(134.5,252.9,279.85903837427));
#5557 = CARTESIAN_POINT('',(134.5,252.9,279.64));
#5558 = ORIENTED_EDGE('',*,*,#5559,.F.);
#5559 = EDGE_CURVE('',#5560,#5484,#5562,.T.);
#5560 = VERTEX_POINT('',#5561);
#5561 = CARTESIAN_POINT('',(134.5,272.,279.64));
#5562 = LINE('',#5563,#5564);
#5563 = CARTESIAN_POINT('',(134.5,272.,279.64));
#5564 = VECTOR('',#5565,1.);
#5565 = DIRECTION('',(0.,-1.,1.110223024625E-16));
#5566 = ORIENTED_EDGE('',*,*,#5567,.T.);
#5567 = EDGE_CURVE('',#5560,#5560,#5568,.T.);
#5568 = CIRCLE('',#5569,22.5);
#5569 = AXIS2_PLACEMENT_3D('',#5570,#5571,#5572);
#5570 = CARTESIAN_POINT('',(112.,272.,279.64));
#5571 = DIRECTION('',(0.,-1.,1.110223024625E-16));
#5572 = DIRECTION('',(1.,0.,0.));
#5573 = ORIENTED_EDGE('',*,*,#5559,.T.);
#5574 = FACE_BOUND('',#5575,.T.);
#5575 = EDGE_LOOP('',(#5576));
#5576 = ORIENTED_EDGE('',*,*,#5577,.F.);
#5577 = EDGE_CURVE('',#5578,#5578,#5580,.T.);
#5578 = VERTEX_POINT('',#5579);
#5579 = CARTESIAN_POINT('',(124.607160151,254.5,298.2762419207));
#5580 = B_SPLINE_CURVE_WITH_KNOTS('',7,(#5581,#5582,#5583,#5584,#5585,
    #5586,#5587,#5588,#5589,#5590,#5591,#5592,#5593,#5594,#5595,#5596,
    #5597,#5598,#5599,#5600,#5601,#5602,#5603,#5604,#5605,#5606,#5607,
    #5608,#5609,#5610,#5611,#5612,#5613,#5614,#5615,#5616,#5617,#5618,
    #5619,#5620,#5621,#5622,#5623,#5624),.UNSPECIFIED.,.T.,.F.,(8,6,6,6,
    6,6,6,8),(0.,0.152384475878,0.285797976767,0.422117711331,
    0.588251279766,0.714222048336,0.838117137058,1.),.UNSPECIFIED.);
#5581 = CARTESIAN_POINT('',(124.607160151,254.5,298.2762419207));
#5582 = CARTESIAN_POINT('',(124.607160151,254.69142880846,298.2762419207
    ));
#5583 = CARTESIAN_POINT('',(124.58497297779,254.88279884651,
    298.29125112492));
#5584 = CARTESIAN_POINT('',(124.54061729813,255.07170880974,
    298.32125770961));
#5585 = CARTESIAN_POINT('',(124.47337271561,255.25544593071,
    298.36650367306));
#5586 = CARTESIAN_POINT('',(124.38205648167,255.43049714341,
    298.42731140981));
#5587 = CARTESIAN_POINT('',(124.26520341692,255.59202944431,
    298.50382274947));
#5588 = CARTESIAN_POINT('',(123.99601953722,255.8560851848,
    298.67595971163));
#5589 = CARTESIAN_POINT('',(123.84568959369,255.96759741771,
    298.77072224035));
#5590 = CARTESIAN_POINT('',(123.67330673108,256.05482003457,
    298.87727944785));
#5591 = CARTESIAN_POINT('',(123.48459644344,256.10912968905,
    298.99093430597));
#5592 = CARTESIAN_POINT('',(123.2875271417,256.12590524703,
    299.10608086825));
#5593 = CARTESIAN_POINT('',(123.09109540948,256.10474570633,
    299.21762816018));
#5594 = CARTESIAN_POINT('',(122.7121129593,255.99352203272,
    299.42758651747));
#5595 = CARTESIAN_POINT('',(122.53643330309,255.90386866724,
    299.52207191831));
#5596 = CARTESIAN_POINT('',(122.38013953108,255.78818563302,
    299.6038871463));
#5597 = CARTESIAN_POINT('',(122.24516846494,255.65276112962,
    299.6730246328));
#5598 = CARTESIAN_POINT('',(122.13242721233,255.503197809,
    299.72984318414));
#5599 = CARTESIAN_POINT('',(122.04194098402,255.34452951705,
    299.77492859264));
#5600 = CARTESIAN_POINT('',(121.88881019675,254.98225345233,
    299.85064664089));
#5601 = CARTESIAN_POINT('',(121.83533511684,254.77345396306,
    299.87657898964));
#5602 = CARTESIAN_POINT('',(121.81148001561,254.55952763464,
    299.8880280702));
#5603 = CARTESIAN_POINT('',(121.81705976514,254.34395074276,
    299.88534187391));
#5604 = CARTESIAN_POINT('',(121.8524025352,254.13052582747,
    299.86834151603));
#5605 = CARTESIAN_POINT('',(121.91795836296,253.92367697865,
    299.83642487921));
#5606 = CARTESIAN_POINT('',(122.08662968265,253.58172750629,
    299.7525955482));
#5607 = CARTESIAN_POINT('',(122.17790936393,253.43918962631,
    299.70684763399));
#5608 = CARTESIAN_POINT('',(122.28822440306,253.30550871174,
    299.65090395972));
#5609 = CARTESIAN_POINT('',(122.41735095319,253.18494781129,
    299.58436498159));
#5610 = CARTESIAN_POINT('',(122.56433036035,253.08210739883,
    299.50705230132));
#5611 = CARTESIAN_POINT('',(122.72739627166,253.00199262463,
    299.41911947855));
#5612 = CARTESIAN_POINT('',(123.076991286,252.89939356825,
    299.22544192199));
#5613 = CARTESIAN_POINT('',(123.25868639234,252.87727429388,
    299.12245332107));
#5614 = CARTESIAN_POINT('',(123.4418380939,252.88765783879,
    299.01588252321));
#5615 = CARTESIAN_POINT('',(123.61894538839,252.93066192407,
    298.90991848064));
#5616 = CARTESIAN_POINT('',(123.78318157182,253.00295199671,
    298.80919782355));
#5617 = CARTESIAN_POINT('',(123.92936781199,253.09788657253,
    298.71779312311));
#5618 = CARTESIAN_POINT('',(124.21829342725,253.3462769841,
    298.53446682495));
#5619 = CARTESIAN_POINT('',(124.35154117327,253.5133154699,
    298.44761223612));
#5620 = CARTESIAN_POINT('',(124.45542684885,253.69718889713,
    298.37857390449));
#5621 = CARTESIAN_POINT('',(124.53177110994,253.89176527938,
    298.32724261971));
#5622 = CARTESIAN_POINT('',(124.58202476053,254.09254018921,
    298.29324540461));
#5623 = CARTESIAN_POINT('',(124.607160151,254.29625503604,298.2762419207
    ));
#5624 = CARTESIAN_POINT('',(124.607160151,254.5,298.2762419207));
#5625 = FACE_BOUND('',#5626,.T.);
#5626 = EDGE_LOOP('',(#5627));
#5627 = ORIENTED_EDGE('',*,*,#5628,.F.);
#5628 = EDGE_CURVE('',#5629,#5629,#5631,.T.);
#5629 = VERTEX_POINT('',#5630);
#5630 = CARTESIAN_POINT('',(99.392839848994,254.5,261.0037580793));
#5631 = B_SPLINE_CURVE_WITH_KNOTS('',7,(#5632,#5633,#5634,#5635,#5636,
    #5637,#5638,#5639,#5640,#5641,#5642,#5643,#5644,#5645,#5646,#5647,
    #5648,#5649,#5650,#5651,#5652,#5653,#5654,#5655,#5656,#5657,#5658,
    #5659,#5660,#5661,#5662,#5663,#5664,#5665,#5666,#5667,#5668,#5669,
    #5670,#5671,#5672,#5673,#5674,#5675),.UNSPECIFIED.,.T.,.F.,(8,6,6,6,
    6,6,6,8),(0.,0.152384475447,0.285797975959,0.422117710152,
    0.588251280596,0.714222048904,0.838117137379,1.),.UNSPECIFIED.);
#5632 = CARTESIAN_POINT('',(99.392839848994,254.5,261.00375807929));
#5633 = CARTESIAN_POINT('',(99.392839848994,254.69142880846,
    261.00375807929));
#5634 = CARTESIAN_POINT('',(99.415027022204,254.88279884651,
    260.98874887507));
#5635 = CARTESIAN_POINT('',(99.459382701868,255.07170880974,
    260.95874229038));
#5636 = CARTESIAN_POINT('',(99.526627284385,255.25544593071,
    260.91349632693));
#5637 = CARTESIAN_POINT('',(99.617943518326,255.43049714341,
    260.85268859018));
#5638 = CARTESIAN_POINT('',(99.734796583079,255.59202944431,
    260.77617725052));
#5639 = CARTESIAN_POINT('',(100.00398046277,255.8560851848,
    260.60404028836));
#5640 = CARTESIAN_POINT('',(100.1543104063,255.96759741771,
    260.50927775965));
#5641 = CARTESIAN_POINT('',(100.32669326891,256.05482003457,
    260.40272055214));
#5642 = CARTESIAN_POINT('',(100.51540355655,256.10912968905,
    260.28906569402));
#5643 = CARTESIAN_POINT('',(100.7124728583,256.12590524703,
    260.17391913174));
#5644 = CARTESIAN_POINT('',(100.90890459051,256.10474570633,
    260.06237183981));
#5645 = CARTESIAN_POINT('',(101.28788704072,255.99352203271,
    259.85241348251));
#5646 = CARTESIAN_POINT('',(101.4635666969,255.90386866723,
    259.75792808168));
#5647 = CARTESIAN_POINT('',(101.6198604689,255.78818563303,
    259.6761128537));
#5648 = CARTESIAN_POINT('',(101.75483153504,255.65276112964,
    259.6069753672));
#5649 = CARTESIAN_POINT('',(101.86757278766,255.503197809,
    259.55015681585));
#5650 = CARTESIAN_POINT('',(101.95805901598,255.34452951703,
    259.50507140735));
#5651 = CARTESIAN_POINT('',(102.11118980447,254.98225344941,
    259.42935335849));
#5652 = CARTESIAN_POINT('',(102.16466488068,254.77345397449,
    259.40342101157));
#5653 = CARTESIAN_POINT('',(102.18851998543,254.55952761411,
    259.39197192928));
#5654 = CARTESIAN_POINT('',(102.18294023698,254.34395076312,
    259.39465812502));
#5655 = CARTESIAN_POINT('',(102.14759746174,254.13052581634,
    259.41165848548));
#5656 = CARTESIAN_POINT('',(102.0820416384,253.92367698144,
    259.4435751201));
#5657 = CARTESIAN_POINT('',(101.91337031733,253.58172750627,
    259.5274044518));
#5658 = CARTESIAN_POINT('',(101.82209063605,253.43918962632,
    259.573152366));
#5659 = CARTESIAN_POINT('',(101.71177559694,253.30550871175,
    259.62909604026));
#5660 = CARTESIAN_POINT('',(101.58264904682,253.1849478113,
    259.6956350184));
#5661 = CARTESIAN_POINT('',(101.43566963964,253.08210739882,
    259.77294769867));
#5662 = CARTESIAN_POINT('',(101.27260372831,253.00199262462,
    259.86088052145));
#5663 = CARTESIAN_POINT('',(100.92300871399,252.89939356825,
    260.054558078));
#5664 = CARTESIAN_POINT('',(100.74131360765,252.87727429388,
    260.15754667892));
#5665 = CARTESIAN_POINT('',(100.5581619061,252.88765783879,
    260.26411747678));
#5666 = CARTESIAN_POINT('',(100.3810546116,252.93066192407,
    260.37008151935));
#5667 = CARTESIAN_POINT('',(100.21681842817,253.00295199671,
    260.47080217644));
#5668 = CARTESIAN_POINT('',(100.07063218801,253.09788657253,
    260.56220687688));
#5669 = CARTESIAN_POINT('',(99.781706572742,253.3462769841,
    260.74553317504));
#5670 = CARTESIAN_POINT('',(99.648458826725,253.5133154699,
    260.83238776387));
#5671 = CARTESIAN_POINT('',(99.544573151142,253.69718889714,
    260.9014260955));
#5672 = CARTESIAN_POINT('',(99.468228890052,253.89176527937,
    260.95275738028));
#5673 = CARTESIAN_POINT('',(99.417975239463,254.09254018922,
    260.98675459538));
#5674 = CARTESIAN_POINT('',(99.392839848994,254.29625503604,
    261.00375807929));
#5675 = CARTESIAN_POINT('',(99.392839848994,254.5,261.00375807929));
#5676 = FACE_BOUND('',#5677,.T.);
#5677 = EDGE_LOOP('',(#5678));
#5678 = ORIENTED_EDGE('',*,*,#5679,.F.);
#5679 = EDGE_CURVE('',#5680,#5680,#5682,.T.);
#5680 = VERTEX_POINT('',#5681);
#5681 = CARTESIAN_POINT('',(121.83587885889,254.5,259.40375807929));
#5682 = B_SPLINE_CURVE_WITH_KNOTS('',7,(#5683,#5684,#5685,#5686,#5687,
    #5688,#5689,#5690,#5691,#5692,#5693,#5694,#5695,#5696,#5697,#5698,
    #5699,#5700,#5701,#5702,#5703,#5704,#5705,#5706,#5707,#5708,#5709,
    #5710,#5711,#5712,#5713,#5714,#5715,#5716,#5717,#5718,#5719,#5720,
    #5721,#5722,#5723,#5724,#5725,#5726),.UNSPECIFIED.,.T.,.F.,(8,6,6,6,
    6,6,6,8),(0.,0.152384475943,0.285797976889,0.422117711451,
    0.588251279786,0.714222048327,0.838117137052,1.),.UNSPECIFIED.);
#5683 = CARTESIAN_POINT('',(121.83587885889,254.5,259.40375807929));
#5684 = CARTESIAN_POINT('',(121.83587885889,254.69142880846,
    259.40375807929));
#5685 = CARTESIAN_POINT('',(121.85997079765,254.88279884651,
    259.41546813282));
#5686 = CARTESIAN_POINT('',(121.9081351021,255.07170880974,
    259.43887798587));
#5687 = CARTESIAN_POINT('',(121.98094154713,255.25544593071,
    259.47449052087));
#5688 = CARTESIAN_POINT('',(122.07926070887,255.43049714341,
    259.52316883086));
#5689 = CARTESIAN_POINT('',(122.20394800507,255.59202944431,
    259.58611088362));
#5690 = CARTESIAN_POINT('',(122.48761492708,255.8560851848,
    259.73316248065));
#5691 = CARTESIAN_POINT('',(122.64484665603,255.96759741771,
    259.81597076633));
#5692 = CARTESIAN_POINT('',(122.823319336,256.05482003457,
    259.91198010078));
#5693 = CARTESIAN_POINT('',(123.01610247421,256.10912968905,
    260.01858057477));
#5694 = CARTESIAN_POINT('',(123.21435697317,256.12590524703,
    260.13167431525));
#5695 = CARTESIAN_POINT('',(123.40917562782,256.10474570633,
    260.24601553949));
#5696 = CARTESIAN_POINT('',(123.78049612398,255.99352203274,
    260.46924479024));
#5697 = CARTESIAN_POINT('',(123.95016270957,255.90386866728,
    260.57414513507));
#5698 = CARTESIAN_POINT('',(124.0991636615,255.78818563299,
    260.66859189814));
#5699 = CARTESIAN_POINT('',(124.22652401421,255.65276112954,
    260.75091152693));
#5700 = CARTESIAN_POINT('',(124.33210094932,255.50319780898,
    260.82013904003));
#5701 = CARTESIAN_POINT('',(124.41638917256,255.34452951715,
    260.87595970818));
#5702 = CARTESIAN_POINT('',(124.55852831954,254.98225345233,
    260.97071583595));
#5703 = CARTESIAN_POINT('',(124.60772393229,254.77345396306,
    261.00406043926));
#5704 = CARTESIAN_POINT('',(124.62956667753,254.55952763464,
    261.01899502264));
#5705 = CARTESIAN_POINT('',(124.62445048853,254.34395074276,
    261.01550591595));
#5706 = CARTESIAN_POINT('',(124.59205636171,254.13052582747,
    260.99339835818));
#5707 = CARTESIAN_POINT('',(124.53163782953,253.92367697865,
    260.95258366438));
#5708 = CARTESIAN_POINT('',(124.37470383943,253.58172750624,
    260.84842468213));
#5709 = CARTESIAN_POINT('',(124.28944514293,253.43918962632,
    260.79224811641));
#5710 = CARTESIAN_POINT('',(124.1858389803,253.30550871178,
    260.72468432726));
#5711 = CARTESIAN_POINT('',(124.06365125984,253.18494781131,
    260.64612694362));
#5712 = CARTESIAN_POINT('',(123.92320681108,253.08210739881,
    260.55749538329));
#5713 = CARTESIAN_POINT('',(123.76552179703,253.00199262461,
    260.46024257297));
#5714 = CARTESIAN_POINT('',(123.42299460578,252.89939356825,
    260.25432318782));
#5715 = CARTESIAN_POINT('',(123.24295630792,252.87727429388,
    260.14846491044));
#5716 = CARTESIAN_POINT('',(123.0590874389,252.88765783879,
    260.04313628308));
#5717 = CARTESIAN_POINT('',(122.87876623889,252.93066192407,
    259.94273888814));
#5718 = CARTESIAN_POINT('',(122.70942149945,253.00295199671,
    259.85086650961));
#5719 = CARTESIAN_POINT('',(122.55716958676,253.09788657253,
    259.76996786217));
#5720 = CARTESIAN_POINT('',(122.25394154774,253.3462769841,
    259.61141408862));
#5721 = CARTESIAN_POINT('',(122.11209939437,253.5133154699,
    259.53944544999));
#5722 = CARTESIAN_POINT('',(122.00036760755,253.69718889713,
    259.48399698166));
#5723 = CARTESIAN_POINT('',(121.91774128038,253.89176527937,
    259.44354655451));
#5724 = CARTESIAN_POINT('',(121.86317200315,254.09254018922,
    259.41702422402));
#5725 = CARTESIAN_POINT('',(121.83587885889,254.29625503604,
    259.40375807929));
#5726 = CARTESIAN_POINT('',(121.83587885889,254.5,259.40375807929));
#5727 = FACE_BOUND('',#5728,.T.);
#5728 = EDGE_LOOP('',(#5729));
#5729 = ORIENTED_EDGE('',*,*,#5730,.F.);
#5730 = EDGE_CURVE('',#5731,#5731,#5733,.T.);
#5731 = VERTEX_POINT('',#5732);
#5732 = CARTESIAN_POINT('',(102.1641211411,254.5,299.8762419207));
#5733 = B_SPLINE_CURVE_WITH_KNOTS('',7,(#5734,#5735,#5736,#5737,#5738,
    #5739,#5740,#5741,#5742,#5743,#5744,#5745,#5746,#5747,#5748,#5749,
    #5750,#5751,#5752,#5753,#5754,#5755,#5756,#5757,#5758,#5759,#5760,
    #5761,#5762,#5763,#5764,#5765,#5766,#5767,#5768,#5769,#5770,#5771,
    #5772,#5773,#5774,#5775,#5776,#5777),.UNSPECIFIED.,.T.,.F.,(8,6,6,6,
    6,6,6,8),(0.,0.152384475964,0.285797976928,0.422117711509,
    0.58825127987,0.7142220484,0.838117137094,1.),.UNSPECIFIED.);
#5734 = CARTESIAN_POINT('',(102.1641211411,254.5,299.8762419207));
#5735 = CARTESIAN_POINT('',(102.1641211411,254.69142880846,
    299.8762419207));
#5736 = CARTESIAN_POINT('',(102.14002920234,254.88279884651,
    299.86453186717));
#5737 = CARTESIAN_POINT('',(102.09186489789,255.07170880974,
    299.84112201412));
#5738 = CARTESIAN_POINT('',(102.01905845286,255.25544593071,
    299.80550947912));
#5739 = CARTESIAN_POINT('',(101.92073929112,255.43049714341,
    299.75683116913));
#5740 = CARTESIAN_POINT('',(101.79605199492,255.59202944431,
    299.69388911637));
#5741 = CARTESIAN_POINT('',(101.51238507291,255.8560851848,
    299.54683751935));
#5742 = CARTESIAN_POINT('',(101.35515334396,255.96759741771,
    299.46402923366));
#5743 = CARTESIAN_POINT('',(101.176680664,256.05482003457,
    299.36801989921));
#5744 = CARTESIAN_POINT('',(100.98389752578,256.10912968905,
    299.26141942522));
#5745 = CARTESIAN_POINT('',(100.78564302682,256.12590524703,
    299.14832568474));
#5746 = CARTESIAN_POINT('',(100.59082437217,256.10474570633,
    299.0339844605));
#5747 = CARTESIAN_POINT('',(100.21950387601,255.99352203274,
    298.81075520975));
#5748 = CARTESIAN_POINT('',(100.04983729042,255.90386866728,
    298.70585486492));
#5749 = CARTESIAN_POINT('',(99.900836338494,255.78818563299,
    298.61140810185));
#5750 = CARTESIAN_POINT('',(99.773475985784,255.65276112954,
    298.52908847306));
#5751 = CARTESIAN_POINT('',(99.667899050674,255.50319780898,
    298.45986095996));
#5752 = CARTESIAN_POINT('',(99.583610827433,255.34452951715,
    298.40404029181));
#5753 = CARTESIAN_POINT('',(99.441471680453,254.98225345232,
    298.30928416404));
#5754 = CARTESIAN_POINT('',(99.392276067701,254.77345396306,
    298.27593956073));
#5755 = CARTESIAN_POINT('',(99.370433322469,254.55952763464,
    298.26100497735));
#5756 = CARTESIAN_POINT('',(99.375549511465,254.34395074276,
    298.26449408404));
#5757 = CARTESIAN_POINT('',(99.407943638285,254.13052582747,
    298.28660164181));
#5758 = CARTESIAN_POINT('',(99.468362170462,253.92367697866,
    298.32741633561));
#5759 = CARTESIAN_POINT('',(99.625296160554,253.58172750627,
    298.43157531785));
#5760 = CARTESIAN_POINT('',(99.710554857061,253.43918962632,
    298.48775188358));
#5761 = CARTESIAN_POINT('',(99.814161019708,253.30550871175,
    298.55531567274));
#5762 = CARTESIAN_POINT('',(99.936348740176,253.1849478113,
    298.63387305639));
#5763 = CARTESIAN_POINT('',(100.07679318891,253.08210739882,
    298.72250461669));
#5764 = CARTESIAN_POINT('',(100.23447820293,253.00199262462,
    298.81975742701));
#5765 = CARTESIAN_POINT('',(100.57700539421,252.89939356825,
    299.02567681218));
#5766 = CARTESIAN_POINT('',(100.75704369207,252.87727429388,
    299.13153508955));
#5767 = CARTESIAN_POINT('',(100.94091256109,252.88765783879,
    299.23686371691));
#5768 = CARTESIAN_POINT('',(101.1212337611,252.93066192407,
    299.33726111185));
#5769 = CARTESIAN_POINT('',(101.29057850054,253.00295199671,
    299.42913349038));
#5770 = CARTESIAN_POINT('',(101.44283041323,253.09788657253,
    299.51003213782));
#5771 = CARTESIAN_POINT('',(101.74605845225,253.3462769841,
    299.66858591137));
#5772 = CARTESIAN_POINT('',(101.88790060562,253.5133154699,299.74055455)
  );
#5773 = CARTESIAN_POINT('',(101.99963239244,253.69718889713,
    299.79600301833));
#5774 = CARTESIAN_POINT('',(102.08225871961,253.89176527938,
    299.83645344548));
#5775 = CARTESIAN_POINT('',(102.13682799684,254.09254018922,
    299.86297577597));
#5776 = CARTESIAN_POINT('',(102.1641211411,254.29625503604,
    299.8762419207));
#5777 = CARTESIAN_POINT('',(102.1641211411,254.5,299.8762419207));
#5778 = FACE_BOUND('',#5779,.T.);
#5779 = EDGE_LOOP('',(#5780));
#5780 = ORIENTED_EDGE('',*,*,#5781,.F.);
#5781 = EDGE_CURVE('',#5782,#5782,#5784,.T.);
#5782 = VERTEX_POINT('',#5783);
#5783 = CARTESIAN_POINT('',(89.556960990098,254.5,278.04));
#5784 = B_SPLINE_CURVE_WITH_KNOTS('',8,(#5785,#5786,#5787,#5788,#5789,
    #5790,#5791,#5792,#5793,#5794,#5795,#5796,#5797,#5798,#5799,#5800,
    #5801,#5802,#5803,#5804,#5805,#5806,#5807,#5808,#5809,#5810,#5811,
    #5812,#5813,#5814,#5815,#5816,#5817,#5818,#5819,#5820,#5821,#5822,
    #5823,#5824,#5825,#5826,#5827,#5828,#5829,#5830,#5831,#5832,#5833,
    #5834,#5835,#5836,#5837,#5838,#5839,#5840,#5841,#5842),
  .UNSPECIFIED.,.T.,.F.,(9,7,7,7,7,7,7,7,9),(0.,0.120243691957,
    0.210426958425,0.305933362186,0.43746096518,0.588424152552,
    0.710532046264,0.806114323214,1.),.UNSPECIFIED.);
#5785 = CARTESIAN_POINT('',(89.556960990098,254.5,278.04));
#5786 = CARTESIAN_POINT('',(89.556960990098,254.3661494805,278.04));
#5787 = CARTESIAN_POINT('',(89.556048680344,254.23218929609,
    278.05279698177));
#5788 = CARTESIAN_POINT('',(89.554221342615,254.09898603528,
    278.07842843933));
#5789 = CARTESIAN_POINT('',(89.551509906849,253.96743467332,
    278.11703826763));
#5790 = CARTESIAN_POINT('',(89.547979774417,253.83851289189,
    278.1688673658));
#5791 = CARTESIAN_POINT('',(89.543737032465,253.71334796194,
    278.23424077255));
#5792 = CARTESIAN_POINT('',(89.538937967834,253.59330702611,
    278.3135436974));
#5793 = CARTESIAN_POINT('',(89.529946133748,253.39523209082,
    278.47740553458));
#5794 = CARTESIAN_POINT('',(89.52588399506,253.31380872345,
    278.55601727443));
#5795 = CARTESIAN_POINT('',(89.521718491209,253.23700920369,
    278.64301132322));
#5796 = CARTESIAN_POINT('',(89.517579919092,253.1659991746,
    278.73824319975));
#5797 = CARTESIAN_POINT('',(89.51361913975,253.10195284047,
    278.84142757506));
#5798 = CARTESIAN_POINT('',(89.509999560822,253.04605539129,
    278.95213438033));
#5799 = CARTESIAN_POINT('',(89.506885715998,252.99950724437,
    279.06978009718));
#5800 = CARTESIAN_POINT('',(89.501826124419,252.92542938276,
    279.3247577693));
#5801 = CARTESIAN_POINT('',(89.499973842053,252.89938617576,
    279.46214896337));
#5802 = CARTESIAN_POINT('',(89.499064328823,252.88702693827,
    279.603413163));
#5803 = CARTESIAN_POINT('',(89.499216564305,252.88917340522,
    279.74590702681));
#5804 = CARTESIAN_POINT('',(89.500437171936,252.90585272953,
    279.88688953872));
#5805 = CARTESIAN_POINT('',(89.50261378842,252.93630544391,
    280.02369129595));
#5806 = CARTESIAN_POINT('',(89.505540403801,252.97899124484,
    280.15388206777));
#5807 = CARTESIAN_POINT('',(89.513704209419,253.10403308186,
    280.44283670414));
#5808 = CARTESIAN_POINT('',(89.51940351229,253.19539243788,
    280.59411885075));
#5809 = CARTESIAN_POINT('',(89.525568288657,253.30167673562,
    280.7284026159));
#5810 = CARTESIAN_POINT('',(89.531735278938,253.4195944697,
    280.84542120601));
#5811 = CARTESIAN_POINT('',(89.537533887679,253.54637640601,
    280.945268298));
#5812 = CARTESIAN_POINT('',(89.542692433389,253.67966525986,
    281.02825056762));
#5813 = CARTESIAN_POINT('',(89.54702411001,253.81744996953,
    281.09480114737));
#5814 = CARTESIAN_POINT('',(89.554312868921,254.11936035305,
    281.20349557369));
#5815 = CARTESIAN_POINT('',(89.55698746532,254.28500267327,
    281.24080801928));
#5816 = CARTESIAN_POINT('',(89.558270614512,254.45303361194,
    281.25801520302));
#5817 = CARTESIAN_POINT('',(89.558083510837,254.62185617191,
    281.25539142266));
#5818 = CARTESIAN_POINT('',(89.556418249511,254.78992506421,
    281.23288829478));
#5819 = CARTESIAN_POINT('',(89.553342218176,254.95554719191,
    281.19019763161));
#5820 = CARTESIAN_POINT('',(89.549017943183,255.11669809698,
    281.12681215793));
#5821 = CARTESIAN_POINT('',(89.539449603509,255.39545730478,
    280.9735629866));
#5822 = CARTESIAN_POINT('',(89.534504455921,255.51651697492,
    280.89051706835));
#5823 = CARTESIAN_POINT('',(89.529045560726,255.63186691718,
    280.79255548734));
#5824 = CARTESIAN_POINT('',(89.523303974537,255.7392237699,
    280.67956147368));
#5825 = CARTESIAN_POINT('',(89.517586869364,255.83613357978,
    280.55171400107));
#5826 = CARTESIAN_POINT('',(89.512266975088,255.919952078,
    280.40952328926));
#5827 = CARTESIAN_POINT('',(89.507752755816,255.98779836031,
    280.25391429807));
#5828 = CARTESIAN_POINT('',(89.501826271182,256.07456846848,
    279.95524962675));
#5829 = CARTESIAN_POINT('',(89.499973957897,256.10061244492,
    279.81786125088));
#5830 = CARTESIAN_POINT('',(89.499064303911,256.11297348254,
    279.67659535424));
#5831 = CARTESIAN_POINT('',(89.499216451211,256.11082807186,
    279.53409643366));
#5832 = CARTESIAN_POINT('',(89.500437121735,256.09414800306,
    279.39310761129));
#5833 = CARTESIAN_POINT('',(89.502613908891,256.06369298786,
    279.25630109622));
#5834 = CARTESIAN_POINT('',(89.505540620366,256.02100543811,
    279.126110267));
#5835 = CARTESIAN_POINT('',(89.515940539578,255.86171391846,
    278.75800928386));
#5836 = CARTESIAN_POINT('',(89.524986044996,255.71434944843,
    278.54727195941));
#5837 = CARTESIAN_POINT('',(89.534484565717,255.53941369483,
    278.37437730913));
#5838 = CARTESIAN_POINT('',(89.543068936475,255.34596029633,
    278.23861589502));
#5839 = CARTESIAN_POINT('',(89.549932178178,255.14078734163,
    278.13860405653));
#5840 = CARTESIAN_POINT('',(89.554622634977,254.92895775648,
    278.07279751746));
#5841 = CARTESIAN_POINT('',(89.556960990098,254.71428096881,278.04));
#5842 = CARTESIAN_POINT('',(89.556960990098,254.5,278.04));
#5843 = CYLINDRICAL_SURFACE('',#5844,22.5);
#5844 = AXIS2_PLACEMENT_3D('',#5845,#5846,#5847);
#5845 = CARTESIAN_POINT('',(112.,272.,279.64));
#5846 = DIRECTION('',(0.,-1.,1.110223024625E-16));
#5847 = DIRECTION('',(1.,0.,0.));
#5848 = ADVANCED_FACE('',(#5849),#5869,.T.);
#5849 = FACE_BOUND('',#5850,.T.);
#5850 = EDGE_LOOP('',(#5851,#5859,#5866,#5867,#5868));
#5851 = ORIENTED_EDGE('',*,*,#5852,.T.);
#5852 = EDGE_CURVE('',#5482,#5853,#5855,.T.);
#5853 = VERTEX_POINT('',#5854);
#5854 = CARTESIAN_POINT('',(146.5,252.9,279.64));
#5855 = LINE('',#5856,#5857);
#5856 = CARTESIAN_POINT('',(133.5,252.9,279.64));
#5857 = VECTOR('',#5858,1.);
#5858 = DIRECTION('',(1.,0.,0.));
#5859 = ORIENTED_EDGE('',*,*,#5860,.F.);
#5860 = EDGE_CURVE('',#5853,#5853,#5861,.T.);
#5861 = CIRCLE('',#5862,1.6);
#5862 = AXIS2_PLACEMENT_3D('',#5863,#5864,#5865);
#5863 = CARTESIAN_POINT('',(146.5,254.5,279.64));
#5864 = DIRECTION('',(1.,0.,0.));
#5865 = DIRECTION('',(0.,-1.,1.110223024625E-16));
#5866 = ORIENTED_EDGE('',*,*,#5852,.F.);
#5867 = ORIENTED_EDGE('',*,*,#5481,.T.);
#5868 = ORIENTED_EDGE('',*,*,#5530,.T.);
#5869 = CYLINDRICAL_SURFACE('',#5870,1.6);
#5870 = AXIS2_PLACEMENT_3D('',#5871,#5872,#5873);
#5871 = CARTESIAN_POINT('',(133.5,254.5,279.64));
#5872 = DIRECTION('',(1.,0.,0.));
#5873 = DIRECTION('',(0.,-1.,1.110223024625E-16));
#5874 = ADVANCED_FACE('',(#5875),#5878,.F.);
#5875 = FACE_BOUND('',#5876,.T.);
#5876 = EDGE_LOOP('',(#5877));
#5877 = ORIENTED_EDGE('',*,*,#5567,.F.);
#5878 = PLANE('',#5879);
#5879 = AXIS2_PLACEMENT_3D('',#5880,#5881,#5882);
#5880 = CARTESIAN_POINT('',(112.,272.,279.64));
#5881 = DIRECTION('',(0.,-1.,1.110223024625E-16));
#5882 = DIRECTION('',(1.,0.,0.));
#5883 = ADVANCED_FACE('',(#5884,#5887),#5898,.T.);
#5884 = FACE_BOUND('',#5885,.T.);
#5885 = EDGE_LOOP('',(#5886));
#5886 = ORIENTED_EDGE('',*,*,#5522,.T.);
#5887 = FACE_BOUND('',#5888,.T.);
#5888 = EDGE_LOOP('',(#5889));
#5889 = ORIENTED_EDGE('',*,*,#5890,.F.);
#5890 = EDGE_CURVE('',#5891,#5891,#5893,.T.);
#5891 = VERTEX_POINT('',#5892);
#5892 = CARTESIAN_POINT('',(122.,237.,279.64));
#5893 = CIRCLE('',#5894,10.);
#5894 = AXIS2_PLACEMENT_3D('',#5895,#5896,#5897);
#5895 = CARTESIAN_POINT('',(112.,237.,279.64));
#5896 = DIRECTION('',(0.,-1.,1.110223024625E-16));
#5897 = DIRECTION('',(1.,0.,0.));
#5898 = PLANE('',#5899);
#5899 = AXIS2_PLACEMENT_3D('',#5900,#5901,#5902);
#5900 = CARTESIAN_POINT('',(112.,237.,279.64));
#5901 = DIRECTION('',(0.,-1.,1.110223024625E-16));
#5902 = DIRECTION('',(1.,0.,0.));
#5903 = ADVANCED_FACE('',(#5904),#5923,.T.);
#5904 = FACE_BOUND('',#5905,.T.);
#5905 = EDGE_LOOP('',(#5906,#5914,#5921,#5922));
#5906 = ORIENTED_EDGE('',*,*,#5907,.T.);
#5907 = EDGE_CURVE('',#5578,#5908,#5910,.T.);
#5908 = VERTEX_POINT('',#5909);
#5909 = CARTESIAN_POINT('',(130.63564064605,254.5,308.71787643056));
#5910 = LINE('',#5911,#5912);
#5911 = CARTESIAN_POINT('',(124.13564064605,254.5,297.45954618136));
#5912 = VECTOR('',#5913,1.);
#5913 = DIRECTION('',(0.5,9.614813431918E-17,0.866025403784));
#5914 = ORIENTED_EDGE('',*,*,#5915,.F.);
#5915 = EDGE_CURVE('',#5908,#5908,#5916,.T.);
#5916 = CIRCLE('',#5917,1.6);
#5917 = AXIS2_PLACEMENT_3D('',#5918,#5919,#5920);
#5918 = CARTESIAN_POINT('',(129.25,254.5,309.51787643056));
#5919 = DIRECTION('',(0.5,9.614813431918E-17,0.866025403784));
#5920 = DIRECTION('',(0.866025403784,-5.551115123126E-17,-0.5));
#5921 = ORIENTED_EDGE('',*,*,#5907,.F.);
#5922 = ORIENTED_EDGE('',*,*,#5577,.T.);
#5923 = CYLINDRICAL_SURFACE('',#5924,1.6);
#5924 = AXIS2_PLACEMENT_3D('',#5925,#5926,#5927);
#5925 = CARTESIAN_POINT('',(122.75,254.5,298.25954618136));
#5926 = DIRECTION('',(0.5,9.614813431918E-17,0.866025403784));
#5927 = DIRECTION('',(0.866025403784,-5.551115123126E-17,-0.5));
#5928 = ADVANCED_FACE('',(#5929),#5948,.T.);
#5929 = FACE_BOUND('',#5930,.T.);
#5930 = EDGE_LOOP('',(#5931,#5939,#5946,#5947));
#5931 = ORIENTED_EDGE('',*,*,#5932,.T.);
#5932 = EDGE_CURVE('',#5629,#5933,#5935,.T.);
#5933 = VERTEX_POINT('',#5934);
#5934 = CARTESIAN_POINT('',(93.364359353945,254.5,250.56212356943));
#5935 = LINE('',#5936,#5937);
#5936 = CARTESIAN_POINT('',(99.864359353945,254.5,261.82045381863));
#5937 = VECTOR('',#5938,1.);
#5938 = DIRECTION('',(-0.5,-9.614813431918E-17,-0.866025403784));
#5939 = ORIENTED_EDGE('',*,*,#5940,.F.);
#5940 = EDGE_CURVE('',#5933,#5933,#5941,.T.);
#5941 = CIRCLE('',#5942,1.6);
#5942 = AXIS2_PLACEMENT_3D('',#5943,#5944,#5945);
#5943 = CARTESIAN_POINT('',(94.75,254.5,249.76212356943));
#5944 = DIRECTION('',(-0.5,-9.614813431918E-17,-0.866025403784));
#5945 = DIRECTION('',(-0.866025403784,5.551115123126E-17,0.5));
#5946 = ORIENTED_EDGE('',*,*,#5932,.F.);
#5947 = ORIENTED_EDGE('',*,*,#5628,.T.);
#5948 = CYLINDRICAL_SURFACE('',#5949,1.6);
#5949 = AXIS2_PLACEMENT_3D('',#5950,#5951,#5952);
#5950 = CARTESIAN_POINT('',(101.25,254.5,261.02045381863));
#5951 = DIRECTION('',(-0.5,-9.614813431918E-17,-0.866025403784));
#5952 = DIRECTION('',(-0.866025403784,5.551115123126E-17,0.5));
#5953 = ADVANCED_FACE('',(#5954),#5973,.T.);
#5954 = FACE_BOUND('',#5955,.T.);
#5955 = EDGE_LOOP('',(#5956,#5964,#5971,#5972));
#5956 = ORIENTED_EDGE('',*,*,#5957,.T.);
#5957 = EDGE_CURVE('',#5680,#5958,#5960,.T.);
#5958 = VERTEX_POINT('',#5959);
#5959 = CARTESIAN_POINT('',(127.86435935394,254.5,248.96212356943));
#5960 = LINE('',#5961,#5962);
#5961 = CARTESIAN_POINT('',(121.36435935394,254.5,260.22045381863));
#5962 = VECTOR('',#5963,1.);
#5963 = DIRECTION('',(0.5,-9.614813431918E-17,-0.866025403784));
#5964 = ORIENTED_EDGE('',*,*,#5965,.F.);
#5965 = EDGE_CURVE('',#5958,#5958,#5966,.T.);
#5966 = CIRCLE('',#5967,1.6);
#5967 = AXIS2_PLACEMENT_3D('',#5968,#5969,#5970);
#5968 = CARTESIAN_POINT('',(129.25,254.5,249.76212356943));
#5969 = DIRECTION('',(0.5,-9.614813431918E-17,-0.866025403784));
#5970 = DIRECTION('',(-0.866025403784,-5.551115123126E-17,-0.5));
#5971 = ORIENTED_EDGE('',*,*,#5957,.F.);
#5972 = ORIENTED_EDGE('',*,*,#5679,.T.);
#5973 = CYLINDRICAL_SURFACE('',#5974,1.6);
#5974 = AXIS2_PLACEMENT_3D('',#5975,#5976,#5977);
#5975 = CARTESIAN_POINT('',(122.75,254.5,261.02045381863));
#5976 = DIRECTION('',(0.5,-9.614813431918E-17,-0.866025403784));
#5977 = DIRECTION('',(-0.866025403784,-5.551115123126E-17,-0.5));
#5978 = ADVANCED_FACE('',(#5979),#5998,.T.);
#5979 = FACE_BOUND('',#5980,.T.);
#5980 = EDGE_LOOP('',(#5981,#5989,#5996,#5997));
#5981 = ORIENTED_EDGE('',*,*,#5982,.T.);
#5982 = EDGE_CURVE('',#5731,#5983,#5985,.T.);
#5983 = VERTEX_POINT('',#5984);
#5984 = CARTESIAN_POINT('',(96.135640646055,254.5,310.31787643056));
#5985 = LINE('',#5986,#5987);
#5986 = CARTESIAN_POINT('',(102.63564064605,254.5,299.05954618136));
#5987 = VECTOR('',#5988,1.);
#5988 = DIRECTION('',(-0.5,9.614813431918E-17,0.866025403784));
#5989 = ORIENTED_EDGE('',*,*,#5990,.F.);
#5990 = EDGE_CURVE('',#5983,#5983,#5991,.T.);
#5991 = CIRCLE('',#5992,1.6);
#5992 = AXIS2_PLACEMENT_3D('',#5993,#5994,#5995);
#5993 = CARTESIAN_POINT('',(94.75,254.5,309.51787643056));
#5994 = DIRECTION('',(-0.5,9.614813431918E-17,0.866025403784));
#5995 = DIRECTION('',(0.866025403784,5.551115123126E-17,0.5));
#5996 = ORIENTED_EDGE('',*,*,#5982,.F.);
#5997 = ORIENTED_EDGE('',*,*,#5730,.T.);
#5998 = CYLINDRICAL_SURFACE('',#5999,1.6);
#5999 = AXIS2_PLACEMENT_3D('',#6000,#6001,#6002);
#6000 = CARTESIAN_POINT('',(101.25,254.5,298.25954618136));
#6001 = DIRECTION('',(-0.5,9.614813431918E-17,0.866025403784));
#6002 = DIRECTION('',(0.866025403784,5.551115123126E-17,0.5));
#6003 = ADVANCED_FACE('',(#6004),#6023,.T.);
#6004 = FACE_BOUND('',#6005,.T.);
#6005 = EDGE_LOOP('',(#6006,#6014,#6021,#6022));
#6006 = ORIENTED_EDGE('',*,*,#6007,.T.);
#6007 = EDGE_CURVE('',#5782,#6008,#6010,.T.);
#6008 = VERTEX_POINT('',#6009);
#6009 = CARTESIAN_POINT('',(77.5,254.5,278.04));
#6010 = LINE('',#6011,#6012);
#6011 = CARTESIAN_POINT('',(90.5,254.5,278.04));
#6012 = VECTOR('',#6013,1.);
#6013 = DIRECTION('',(-1.,1.359631073447E-32,1.224646799147E-16));
#6014 = ORIENTED_EDGE('',*,*,#6015,.F.);
#6015 = EDGE_CURVE('',#6008,#6008,#6016,.T.);
#6016 = CIRCLE('',#6017,1.6);
#6017 = AXIS2_PLACEMENT_3D('',#6018,#6019,#6020);
#6018 = CARTESIAN_POINT('',(77.5,254.5,279.64));
#6019 = DIRECTION('',(-1.,1.359631073447E-32,1.224646799147E-16));
#6020 = DIRECTION('',(-1.224646799147E-16,-1.110223024625E-16,-1.));
#6021 = ORIENTED_EDGE('',*,*,#6007,.F.);
#6022 = ORIENTED_EDGE('',*,*,#5781,.T.);
#6023 = CYLINDRICAL_SURFACE('',#6024,1.6);
#6024 = AXIS2_PLACEMENT_3D('',#6025,#6026,#6027);
#6025 = CARTESIAN_POINT('',(90.5,254.5,279.64));
#6026 = DIRECTION('',(-1.,1.359631073447E-32,1.224646799147E-16));
#6027 = DIRECTION('',(-1.224646799147E-16,-1.110223024625E-16,-1.));
#6028 = ADVANCED_FACE('',(#6029),#6032,.T.);
#6029 = FACE_BOUND('',#6030,.T.);
#6030 = EDGE_LOOP('',(#6031));
#6031 = ORIENTED_EDGE('',*,*,#5860,.T.);
#6032 = PLANE('',#6033);
#6033 = AXIS2_PLACEMENT_3D('',#6034,#6035,#6036);
#6034 = CARTESIAN_POINT('',(146.5,254.5,279.64));
#6035 = DIRECTION('',(1.,0.,0.));
#6036 = DIRECTION('',(0.,-1.,1.110223024625E-16));
#6037 = ADVANCED_FACE('',(#6038),#6057,.T.);
#6038 = FACE_BOUND('',#6039,.T.);
#6039 = EDGE_LOOP('',(#6040,#6049,#6055,#6056));
#6040 = ORIENTED_EDGE('',*,*,#6041,.F.);
#6041 = EDGE_CURVE('',#6042,#6042,#6044,.T.);
#6042 = VERTEX_POINT('',#6043);
#6043 = CARTESIAN_POINT('',(122.,222.,279.64));
#6044 = CIRCLE('',#6045,10.);
#6045 = AXIS2_PLACEMENT_3D('',#6046,#6047,#6048);
#6046 = CARTESIAN_POINT('',(112.,222.,279.64));
#6047 = DIRECTION('',(0.,-1.,1.110223024625E-16));
#6048 = DIRECTION('',(1.,0.,0.));
#6049 = ORIENTED_EDGE('',*,*,#6050,.F.);
#6050 = EDGE_CURVE('',#5891,#6042,#6051,.T.);
#6051 = LINE('',#6052,#6053);
#6052 = CARTESIAN_POINT('',(122.,237.,279.64));
#6053 = VECTOR('',#6054,1.);
#6054 = DIRECTION('',(0.,-1.,1.110223024625E-16));
#6055 = ORIENTED_EDGE('',*,*,#5890,.T.);
#6056 = ORIENTED_EDGE('',*,*,#6050,.T.);
#6057 = CYLINDRICAL_SURFACE('',#6058,10.);
#6058 = AXIS2_PLACEMENT_3D('',#6059,#6060,#6061);
#6059 = CARTESIAN_POINT('',(112.,237.,279.64));
#6060 = DIRECTION('',(0.,-1.,1.110223024625E-16));
#6061 = DIRECTION('',(1.,0.,0.));
#6062 = ADVANCED_FACE('',(#6063),#6066,.T.);
#6063 = FACE_BOUND('',#6064,.T.);
#6064 = EDGE_LOOP('',(#6065));
#6065 = ORIENTED_EDGE('',*,*,#5915,.T.);
#6066 = PLANE('',#6067);
#6067 = AXIS2_PLACEMENT_3D('',#6068,#6069,#6070);
#6068 = CARTESIAN_POINT('',(129.25,254.5,309.51787643056));
#6069 = DIRECTION('',(0.5,9.614813431918E-17,0.866025403784));
#6070 = DIRECTION('',(0.866025403784,-5.551115123126E-17,-0.5));
#6071 = ADVANCED_FACE('',(#6072),#6075,.T.);
#6072 = FACE_BOUND('',#6073,.T.);
#6073 = EDGE_LOOP('',(#6074));
#6074 = ORIENTED_EDGE('',*,*,#5940,.T.);
#6075 = PLANE('',#6076);
#6076 = AXIS2_PLACEMENT_3D('',#6077,#6078,#6079);
#6077 = CARTESIAN_POINT('',(94.75,254.5,249.76212356943));
#6078 = DIRECTION('',(-0.5,-9.614813431918E-17,-0.866025403784));
#6079 = DIRECTION('',(-0.866025403784,5.551115123126E-17,0.5));
#6080 = ADVANCED_FACE('',(#6081),#6084,.T.);
#6081 = FACE_BOUND('',#6082,.T.);
#6082 = EDGE_LOOP('',(#6083));
#6083 = ORIENTED_EDGE('',*,*,#5965,.T.);
#6084 = PLANE('',#6085);
#6085 = AXIS2_PLACEMENT_3D('',#6086,#6087,#6088);
#6086 = CARTESIAN_POINT('',(129.25,254.5,249.76212356943));
#6087 = DIRECTION('',(0.5,-9.614813431918E-17,-0.866025403784));
#6088 = DIRECTION('',(-0.866025403784,-5.551115123126E-17,-0.5));
#6089 = ADVANCED_FACE('',(#6090),#6093,.T.);
#6090 = FACE_BOUND('',#6091,.T.);
#6091 = EDGE_LOOP('',(#6092));
#6092 = ORIENTED_EDGE('',*,*,#5990,.T.);
#6093 = PLANE('',#6094);
#6094 = AXIS2_PLACEMENT_3D('',#6095,#6096,#6097);
#6095 = CARTESIAN_POINT('',(94.75,254.5,309.51787643056));
#6096 = DIRECTION('',(-0.5,9.614813431918E-17,0.866025403784));
#6097 = DIRECTION('',(0.866025403784,5.551115123126E-17,0.5));
#6098 = ADVANCED_FACE('',(#6099),#6102,.T.);
#6099 = FACE_BOUND('',#6100,.T.);
#6100 = EDGE_LOOP('',(#6101));
#6101 = ORIENTED_EDGE('',*,*,#6015,.T.);
#6102 = PLANE('',#6103);
#6103 = AXIS2_PLACEMENT_3D('',#6104,#6105,#6106);
#6104 = CARTESIAN_POINT('',(77.5,254.5,279.64));
#6105 = DIRECTION('',(-1.,1.359631073447E-32,1.224646799147E-16));
#6106 = DIRECTION('',(-1.224646799147E-16,-1.110223024625E-16,-1.));
#6107 = ADVANCED_FACE('',(#6108),#6111,.T.);
#6108 = FACE_BOUND('',#6109,.T.);
#6109 = EDGE_LOOP('',(#6110));
#6110 = ORIENTED_EDGE('',*,*,#6041,.T.);
#6111 = PLANE('',#6112);
#6112 = AXIS2_PLACEMENT_3D('',#6113,#6114,#6115);
#6113 = CARTESIAN_POINT('',(112.,222.,279.64));
#6114 = DIRECTION('',(0.,-1.,1.110223024625E-16));
#6115 = DIRECTION('',(1.,0.,0.));
#6116 = MANIFOLD_SOLID_BREP('',#6117);
#6117 = CLOSED_SHELL('',(#6118,#6158,#6198,#6220,#6242,#6254));
#6118 = ADVANCED_FACE('',(#6119),#6153,.F.);
#6119 = FACE_BOUND('',#6120,.F.);
#6120 = EDGE_LOOP('',(#6121,#6131,#6139,#6147));
#6121 = ORIENTED_EDGE('',*,*,#6122,.F.);
#6122 = EDGE_CURVE('',#6123,#6125,#6127,.T.);
#6123 = VERTEX_POINT('',#6124);
#6124 = CARTESIAN_POINT('',(161.5,272.,249.64));
#6125 = VERTEX_POINT('',#6126);
#6126 = CARTESIAN_POINT('',(161.5,257.,249.64));
#6127 = LINE('',#6128,#6129);
#6128 = CARTESIAN_POINT('',(161.5,272.,249.64));
#6129 = VECTOR('',#6130,1.);
#6130 = DIRECTION('',(0.,-1.,1.110223024625E-16));
#6131 = ORIENTED_EDGE('',*,*,#6132,.T.);
#6132 = EDGE_CURVE('',#6123,#6133,#6135,.T.);
#6133 = VERTEX_POINT('',#6134);
#6134 = CARTESIAN_POINT('',(161.5,272.,309.64));
#6135 = LINE('',#6136,#6137);
#6136 = CARTESIAN_POINT('',(161.5,272.,249.64));
#6137 = VECTOR('',#6138,1.);
#6138 = DIRECTION('',(0.,1.110223024625E-16,1.));
#6139 = ORIENTED_EDGE('',*,*,#6140,.T.);
#6140 = EDGE_CURVE('',#6133,#6141,#6143,.T.);
#6141 = VERTEX_POINT('',#6142);
#6142 = CARTESIAN_POINT('',(161.5,257.,309.64));
#6143 = LINE('',#6144,#6145);
#6144 = CARTESIAN_POINT('',(161.5,272.,309.64));
#6145 = VECTOR('',#6146,1.);
#6146 = DIRECTION('',(0.,-1.,1.110223024625E-16));
#6147 = ORIENTED_EDGE('',*,*,#6148,.F.);
#6148 = EDGE_CURVE('',#6125,#6141,#6149,.T.);
#6149 = LINE('',#6150,#6151);
#6150 = CARTESIAN_POINT('',(161.5,257.,249.64));
#6151 = VECTOR('',#6152,1.);
#6152 = DIRECTION('',(0.,1.110223024625E-16,1.));
#6153 = PLANE('',#6154);
#6154 = AXIS2_PLACEMENT_3D('',#6155,#6156,#6157);
#6155 = CARTESIAN_POINT('',(161.5,272.,249.64));
#6156 = DIRECTION('',(1.,0.,0.));
#6157 = DIRECTION('',(0.,-1.,1.110223024625E-16));
#6158 = ADVANCED_FACE('',(#6159),#6193,.T.);
#6159 = FACE_BOUND('',#6160,.T.);
#6160 = EDGE_LOOP('',(#6161,#6171,#6179,#6187));
#6161 = ORIENTED_EDGE('',*,*,#6162,.F.);
#6162 = EDGE_CURVE('',#6163,#6165,#6167,.T.);
#6163 = VERTEX_POINT('',#6164);
#6164 = CARTESIAN_POINT('',(231.5,272.,249.64));
#6165 = VERTEX_POINT('',#6166);
#6166 = CARTESIAN_POINT('',(231.5,257.,249.64));
#6167 = LINE('',#6168,#6169);
#6168 = CARTESIAN_POINT('',(231.5,272.,249.64));
#6169 = VECTOR('',#6170,1.);
#6170 = DIRECTION('',(0.,-1.,1.110223024625E-16));
#6171 = ORIENTED_EDGE('',*,*,#6172,.T.);
#6172 = EDGE_CURVE('',#6163,#6173,#6175,.T.);
#6173 = VERTEX_POINT('',#6174);
#6174 = CARTESIAN_POINT('',(231.5,272.,309.64));
#6175 = LINE('',#6176,#6177);
#6176 = CARTESIAN_POINT('',(231.5,272.,249.64));
#6177 = VECTOR('',#6178,1.);
#6178 = DIRECTION('',(0.,1.110223024625E-16,1.));
#6179 = ORIENTED_EDGE('',*,*,#6180,.T.);
#6180 = EDGE_CURVE('',#6173,#6181,#6183,.T.);
#6181 = VERTEX_POINT('',#6182);
#6182 = CARTESIAN_POINT('',(231.5,257.,309.64));
#6183 = LINE('',#6184,#6185);
#6184 = CARTESIAN_POINT('',(231.5,272.,309.64));
#6185 = VECTOR('',#6186,1.);
#6186 = DIRECTION('',(0.,-1.,1.110223024625E-16));
#6187 = ORIENTED_EDGE('',*,*,#6188,.F.);
#6188 = EDGE_CURVE('',#6165,#6181,#6189,.T.);
#6189 = LINE('',#6190,#6191);
#6190 = CARTESIAN_POINT('',(231.5,257.,249.64));
#6191 = VECTOR('',#6192,1.);
#6192 = DIRECTION('',(0.,1.110223024625E-16,1.));
#6193 = PLANE('',#6194);
#6194 = AXIS2_PLACEMENT_3D('',#6195,#6196,#6197);
#6195 = CARTESIAN_POINT('',(231.5,272.,249.64));
#6196 = DIRECTION('',(1.,0.,0.));
#6197 = DIRECTION('',(0.,-1.,1.110223024625E-16));
#6198 = ADVANCED_FACE('',(#6199),#6215,.F.);
#6199 = FACE_BOUND('',#6200,.F.);
#6200 = EDGE_LOOP('',(#6201,#6207,#6208,#6214));
#6201 = ORIENTED_EDGE('',*,*,#6202,.F.);
#6202 = EDGE_CURVE('',#6123,#6163,#6203,.T.);
#6203 = LINE('',#6204,#6205);
#6204 = CARTESIAN_POINT('',(161.5,272.,249.64));
#6205 = VECTOR('',#6206,1.);
#6206 = DIRECTION('',(1.,0.,0.));
#6207 = ORIENTED_EDGE('',*,*,#6122,.T.);
#6208 = ORIENTED_EDGE('',*,*,#6209,.T.);
#6209 = EDGE_CURVE('',#6125,#6165,#6210,.T.);
#6210 = LINE('',#6211,#6212);
#6211 = CARTESIAN_POINT('',(161.5,257.,249.64));
#6212 = VECTOR('',#6213,1.);
#6213 = DIRECTION('',(1.,0.,0.));
#6214 = ORIENTED_EDGE('',*,*,#6162,.F.);
#6215 = PLANE('',#6216);
#6216 = AXIS2_PLACEMENT_3D('',#6217,#6218,#6219);
#6217 = CARTESIAN_POINT('',(161.5,272.,249.64));
#6218 = DIRECTION('',(0.,1.110223024625E-16,1.));
#6219 = DIRECTION('',(0.,-1.,1.110223024625E-16));
#6220 = ADVANCED_FACE('',(#6221),#6237,.T.);
#6221 = FACE_BOUND('',#6222,.T.);
#6222 = EDGE_LOOP('',(#6223,#6229,#6230,#6236));
#6223 = ORIENTED_EDGE('',*,*,#6224,.F.);
#6224 = EDGE_CURVE('',#6133,#6173,#6225,.T.);
#6225 = LINE('',#6226,#6227);
#6226 = CARTESIAN_POINT('',(161.5,272.,309.64));
#6227 = VECTOR('',#6228,1.);
#6228 = DIRECTION('',(1.,0.,0.));
#6229 = ORIENTED_EDGE('',*,*,#6140,.T.);
#6230 = ORIENTED_EDGE('',*,*,#6231,.T.);
#6231 = EDGE_CURVE('',#6141,#6181,#6232,.T.);
#6232 = LINE('',#6233,#6234);
#6233 = CARTESIAN_POINT('',(161.5,257.,309.64));
#6234 = VECTOR('',#6235,1.);
#6235 = DIRECTION('',(1.,0.,0.));
#6236 = ORIENTED_EDGE('',*,*,#6180,.F.);
#6237 = PLANE('',#6238);
#6238 = AXIS2_PLACEMENT_3D('',#6239,#6240,#6241);
#6239 = CARTESIAN_POINT('',(161.5,272.,309.64));
#6240 = DIRECTION('',(0.,1.110223024625E-16,1.));
#6241 = DIRECTION('',(0.,-1.,1.110223024625E-16));
#6242 = ADVANCED_FACE('',(#6243),#6249,.F.);
#6243 = FACE_BOUND('',#6244,.F.);
#6244 = EDGE_LOOP('',(#6245,#6246,#6247,#6248));
#6245 = ORIENTED_EDGE('',*,*,#6132,.F.);
#6246 = ORIENTED_EDGE('',*,*,#6202,.T.);
#6247 = ORIENTED_EDGE('',*,*,#6172,.T.);
#6248 = ORIENTED_EDGE('',*,*,#6224,.F.);
#6249 = PLANE('',#6250);
#6250 = AXIS2_PLACEMENT_3D('',#6251,#6252,#6253);
#6251 = CARTESIAN_POINT('',(161.5,272.,249.64));
#6252 = DIRECTION('',(0.,-1.,1.110223024625E-16));
#6253 = DIRECTION('',(1.,0.,0.));
#6254 = ADVANCED_FACE('',(#6255),#6261,.T.);
#6255 = FACE_BOUND('',#6256,.T.);
#6256 = EDGE_LOOP('',(#6257,#6258,#6259,#6260));
#6257 = ORIENTED_EDGE('',*,*,#6148,.F.);
#6258 = ORIENTED_EDGE('',*,*,#6209,.T.);
#6259 = ORIENTED_EDGE('',*,*,#6188,.T.);
#6260 = ORIENTED_EDGE('',*,*,#6231,.F.);
#6261 = PLANE('',#6262);
#6262 = AXIS2_PLACEMENT_3D('',#6263,#6264,#6265);
#6263 = CARTESIAN_POINT('',(161.5,257.,249.64));
#6264 = DIRECTION('',(0.,-1.,1.110223024625E-16));
#6265 = DIRECTION('',(1.,0.,0.));
#6266 = MANIFOLD_SOLID_BREP('',#6267);
#6267 = CLOSED_SHELL('',(#6268,#6300,#6331,#6362,#6420,#6451,#6482,#6506
    ,#6528,#6539,#6570,#6594,#6618,#6635,#6652,#6676,#6734,#6751,#6763,
    #6775,#6806,#6830,#6854,#6871));
#6268 = ADVANCED_FACE('',(#6269),#6295,.F.);
#6269 = FACE_BOUND('',#6270,.F.);
#6270 = EDGE_LOOP('',(#6271,#6281,#6289));
#6271 = ORIENTED_EDGE('',*,*,#6272,.T.);
#6272 = EDGE_CURVE('',#6273,#6275,#6277,.T.);
#6273 = VERTEX_POINT('',#6274);
#6274 = CARTESIAN_POINT('',(-272.,272.,7.));
#6275 = VERTEX_POINT('',#6276);
#6276 = CARTESIAN_POINT('',(-272.,28.,3.));
#6277 = LINE('',#6278,#6279);
#6278 = CARTESIAN_POINT('',(-272.,272.,7.));
#6279 = VECTOR('',#6280,1.);
#6280 = DIRECTION('',(0.,-0.999865654597,-1.63912402393E-02));
#6281 = ORIENTED_EDGE('',*,*,#6282,.T.);
#6282 = EDGE_CURVE('',#6275,#6283,#6285,.T.);
#6283 = VERTEX_POINT('',#6284);
#6284 = CARTESIAN_POINT('',(-272.,272.,3.));
#6285 = LINE('',#6286,#6287);
#6286 = CARTESIAN_POINT('',(-272.,28.,3.));
#6287 = VECTOR('',#6288,1.);
#6288 = DIRECTION('',(-0.,1.,0.));
#6289 = ORIENTED_EDGE('',*,*,#6290,.T.);
#6290 = EDGE_CURVE('',#6283,#6273,#6291,.T.);
#6291 = LINE('',#6292,#6293);
#6292 = CARTESIAN_POINT('',(-272.,272.,3.));
#6293 = VECTOR('',#6294,1.);
#6294 = DIRECTION('',(0.,0.,1.));
#6295 = PLANE('',#6296);
#6296 = AXIS2_PLACEMENT_3D('',#6297,#6298,#6299);
#6297 = CARTESIAN_POINT('',(-272.,28.,3.));
#6298 = DIRECTION('',(1.,0.,-0.));
#6299 = DIRECTION('',(0.,0.,1.));
#6300 = ADVANCED_FACE('',(#6301),#6326,.F.);
#6301 = FACE_BOUND('',#6302,.F.);
#6302 = EDGE_LOOP('',(#6303,#6311,#6312,#6320));
#6303 = ORIENTED_EDGE('',*,*,#6304,.F.);
#6304 = EDGE_CURVE('',#6275,#6305,#6307,.T.);
#6305 = VERTEX_POINT('',#6306);
#6306 = CARTESIAN_POINT('',(-272.,28.,7.));
#6307 = LINE('',#6308,#6309);
#6308 = CARTESIAN_POINT('',(-272.,28.,3.));
#6309 = VECTOR('',#6310,1.);
#6310 = DIRECTION('',(0.,0.,1.));
#6311 = ORIENTED_EDGE('',*,*,#6272,.F.);
#6312 = ORIENTED_EDGE('',*,*,#6313,.T.);
#6313 = EDGE_CURVE('',#6273,#6314,#6316,.T.);
#6314 = VERTEX_POINT('',#6315);
#6315 = CARTESIAN_POINT('',(-272.,272.,11.));
#6316 = LINE('',#6317,#6318);
#6317 = CARTESIAN_POINT('',(-272.,272.,3.));
#6318 = VECTOR('',#6319,1.);
#6319 = DIRECTION('',(0.,0.,1.));
#6320 = ORIENTED_EDGE('',*,*,#6321,.T.);
#6321 = EDGE_CURVE('',#6314,#6305,#6322,.T.);
#6322 = LINE('',#6323,#6324);
#6323 = CARTESIAN_POINT('',(-272.,272.,11.));
#6324 = VECTOR('',#6325,1.);
#6325 = DIRECTION('',(0.,-0.999865654597,-1.63912402393E-02));
#6326 = PLANE('',#6327);
#6327 = AXIS2_PLACEMENT_3D('',#6328,#6329,#6330);
#6328 = CARTESIAN_POINT('',(-272.,28.,3.));
#6329 = DIRECTION('',(1.,0.,-0.));
#6330 = DIRECTION('',(0.,0.,1.));
#6331 = ADVANCED_FACE('',(#6332),#6357,.T.);
#6332 = FACE_BOUND('',#6333,.T.);
#6333 = EDGE_LOOP('',(#6334,#6344,#6350,#6351));
#6334 = ORIENTED_EDGE('',*,*,#6335,.F.);
#6335 = EDGE_CURVE('',#6336,#6338,#6340,.T.);
#6336 = VERTEX_POINT('',#6337);
#6337 = CARTESIAN_POINT('',(272.,272.,3.));
#6338 = VERTEX_POINT('',#6339);
#6339 = CARTESIAN_POINT('',(272.,272.,11.));
#6340 = LINE('',#6341,#6342);
#6341 = CARTESIAN_POINT('',(272.,272.,3.));
#6342 = VECTOR('',#6343,1.);
#6343 = DIRECTION('',(0.,0.,1.));
#6344 = ORIENTED_EDGE('',*,*,#6345,.F.);
#6345 = EDGE_CURVE('',#6283,#6336,#6346,.T.);
#6346 = LINE('',#6347,#6348);
#6347 = CARTESIAN_POINT('',(-272.,272.,3.));
#6348 = VECTOR('',#6349,1.);
#6349 = DIRECTION('',(1.,0.,-0.));
#6350 = ORIENTED_EDGE('',*,*,#6290,.T.);
#6351 = ORIENTED_EDGE('',*,*,#6352,.F.);
#6352 = EDGE_CURVE('',#6338,#6273,#6353,.T.);
#6353 = LINE('',#6354,#6355);
#6354 = CARTESIAN_POINT('',(272.,272.,11.));
#6355 = VECTOR('',#6356,1.);
#6356 = DIRECTION('',(-0.999972968224,0.,-7.352742413413E-03));
#6357 = PLANE('',#6358);
#6358 = AXIS2_PLACEMENT_3D('',#6359,#6360,#6361);
#6359 = CARTESIAN_POINT('',(-272.,272.,3.));
#6360 = DIRECTION('',(-0.,1.,0.));
#6361 = DIRECTION('',(0.,0.,1.));
#6362 = ADVANCED_FACE('',(#6363,#6381),#6415,.F.);
#6363 = FACE_BOUND('',#6364,.F.);
#6364 = EDGE_LOOP('',(#6365,#6366,#6374,#6380));
#6365 = ORIENTED_EDGE('',*,*,#6282,.F.);
#6366 = ORIENTED_EDGE('',*,*,#6367,.T.);
#6367 = EDGE_CURVE('',#6275,#6368,#6370,.T.);
#6368 = VERTEX_POINT('',#6369);
#6369 = CARTESIAN_POINT('',(272.,28.,3.));
#6370 = LINE('',#6371,#6372);
#6371 = CARTESIAN_POINT('',(-272.,28.,3.));
#6372 = VECTOR('',#6373,1.);
#6373 = DIRECTION('',(1.,0.,-0.));
#6374 = ORIENTED_EDGE('',*,*,#6375,.T.);
#6375 = EDGE_CURVE('',#6368,#6336,#6376,.T.);
#6376 = LINE('',#6377,#6378);
#6377 = CARTESIAN_POINT('',(272.,28.,3.));
#6378 = VECTOR('',#6379,1.);
#6379 = DIRECTION('',(-0.,1.,0.));
#6380 = ORIENTED_EDGE('',*,*,#6345,.F.);
#6381 = FACE_BOUND('',#6382,.F.);
#6382 = EDGE_LOOP('',(#6383,#6393,#6401,#6409));
#6383 = ORIENTED_EDGE('',*,*,#6384,.T.);
#6384 = EDGE_CURVE('',#6385,#6387,#6389,.T.);
#6385 = VERTEX_POINT('',#6386);
#6386 = CARTESIAN_POINT('',(269.,31.,3.));
#6387 = VERTEX_POINT('',#6388);
#6388 = CARTESIAN_POINT('',(-269.,31.,3.));
#6389 = LINE('',#6390,#6391);
#6390 = CARTESIAN_POINT('',(-270.5,31.,3.));
#6391 = VECTOR('',#6392,1.);
#6392 = DIRECTION('',(-1.,-0.,0.));
#6393 = ORIENTED_EDGE('',*,*,#6394,.T.);
#6394 = EDGE_CURVE('',#6387,#6395,#6397,.T.);
#6395 = VERTEX_POINT('',#6396);
#6396 = CARTESIAN_POINT('',(-269.,269.,3.));
#6397 = LINE('',#6398,#6399);
#6398 = CARTESIAN_POINT('',(-269.,29.5,3.));
#6399 = VECTOR('',#6400,1.);
#6400 = DIRECTION('',(-0.,1.,0.));
#6401 = ORIENTED_EDGE('',*,*,#6402,.F.);
#6402 = EDGE_CURVE('',#6403,#6395,#6405,.T.);
#6403 = VERTEX_POINT('',#6404);
#6404 = CARTESIAN_POINT('',(269.,269.,3.));
#6405 = LINE('',#6406,#6407);
#6406 = CARTESIAN_POINT('',(-270.5,269.,3.));
#6407 = VECTOR('',#6408,1.);
#6408 = DIRECTION('',(-1.,-0.,0.));
#6409 = ORIENTED_EDGE('',*,*,#6410,.F.);
#6410 = EDGE_CURVE('',#6385,#6403,#6411,.T.);
#6411 = LINE('',#6412,#6413);
#6412 = CARTESIAN_POINT('',(269.,29.5,3.));
#6413 = VECTOR('',#6414,1.);
#6414 = DIRECTION('',(-0.,1.,0.));
#6415 = PLANE('',#6416);
#6416 = AXIS2_PLACEMENT_3D('',#6417,#6418,#6419);
#6417 = CARTESIAN_POINT('',(-272.,28.,3.));
#6418 = DIRECTION('',(0.,0.,1.));
#6419 = DIRECTION('',(1.,0.,-0.));
#6420 = ADVANCED_FACE('',(#6421),#6446,.F.);
#6421 = FACE_BOUND('',#6422,.F.);
#6422 = EDGE_LOOP('',(#6423,#6431,#6432,#6440));
#6423 = ORIENTED_EDGE('',*,*,#6424,.F.);
#6424 = EDGE_CURVE('',#6275,#6425,#6427,.T.);
#6425 = VERTEX_POINT('',#6426);
#6426 = CARTESIAN_POINT('',(272.,28.,7.));
#6427 = LINE('',#6428,#6429);
#6428 = CARTESIAN_POINT('',(-272.,28.,3.));
#6429 = VECTOR('',#6430,1.);
#6430 = DIRECTION('',(0.999972968224,0.,7.352742413413E-03));
#6431 = ORIENTED_EDGE('',*,*,#6304,.T.);
#6432 = ORIENTED_EDGE('',*,*,#6433,.T.);
#6433 = EDGE_CURVE('',#6305,#6434,#6436,.T.);
#6434 = VERTEX_POINT('',#6435);
#6435 = CARTESIAN_POINT('',(272.,28.,11.));
#6436 = LINE('',#6437,#6438);
#6437 = CARTESIAN_POINT('',(-272.,28.,7.));
#6438 = VECTOR('',#6439,1.);
#6439 = DIRECTION('',(0.999972968224,0.,7.352742413413E-03));
#6440 = ORIENTED_EDGE('',*,*,#6441,.F.);
#6441 = EDGE_CURVE('',#6425,#6434,#6442,.T.);
#6442 = LINE('',#6443,#6444);
#6443 = CARTESIAN_POINT('',(272.,28.,3.));
#6444 = VECTOR('',#6445,1.);
#6445 = DIRECTION('',(0.,0.,1.));
#6446 = PLANE('',#6447);
#6447 = AXIS2_PLACEMENT_3D('',#6448,#6449,#6450);
#6448 = CARTESIAN_POINT('',(-272.,28.,3.));
#6449 = DIRECTION('',(-0.,1.,0.));
#6450 = DIRECTION('',(0.,0.,1.));
#6451 = ADVANCED_FACE('',(#6452),#6477,.F.);
#6452 = FACE_BOUND('',#6453,.F.);
#6453 = EDGE_LOOP('',(#6454,#6462,#6463,#6471));
#6454 = ORIENTED_EDGE('',*,*,#6455,.F.);
#6455 = EDGE_CURVE('',#6305,#6456,#6458,.T.);
#6456 = VERTEX_POINT('',#6457);
#6457 = CARTESIAN_POINT('',(-272.,28.,23.));
#6458 = LINE('',#6459,#6460);
#6459 = CARTESIAN_POINT('',(-272.,28.,3.));
#6460 = VECTOR('',#6461,1.);
#6461 = DIRECTION('',(0.,0.,1.));
#6462 = ORIENTED_EDGE('',*,*,#6321,.F.);
#6463 = ORIENTED_EDGE('',*,*,#6464,.T.);
#6464 = EDGE_CURVE('',#6314,#6465,#6467,.T.);
#6465 = VERTEX_POINT('',#6466);
#6466 = CARTESIAN_POINT('',(-272.,272.,23.));
#6467 = LINE('',#6468,#6469);
#6468 = CARTESIAN_POINT('',(-272.,272.,3.));
#6469 = VECTOR('',#6470,1.);
#6470 = DIRECTION('',(0.,0.,1.));
#6471 = ORIENTED_EDGE('',*,*,#6472,.F.);
#6472 = EDGE_CURVE('',#6456,#6465,#6473,.T.);
#6473 = LINE('',#6474,#6475);
#6474 = CARTESIAN_POINT('',(-272.,28.,23.));
#6475 = VECTOR('',#6476,1.);
#6476 = DIRECTION('',(-0.,1.,0.));
#6477 = PLANE('',#6478);
#6478 = AXIS2_PLACEMENT_3D('',#6479,#6480,#6481);
#6479 = CARTESIAN_POINT('',(-272.,28.,3.));
#6480 = DIRECTION('',(1.,0.,-0.));
#6481 = DIRECTION('',(0.,0.,1.));
#6482 = ADVANCED_FACE('',(#6483),#6501,.T.);
#6483 = FACE_BOUND('',#6484,.T.);
#6484 = EDGE_LOOP('',(#6485,#6493,#6494,#6495));
#6485 = ORIENTED_EDGE('',*,*,#6486,.F.);
#6486 = EDGE_CURVE('',#6338,#6487,#6489,.T.);
#6487 = VERTEX_POINT('',#6488);
#6488 = CARTESIAN_POINT('',(272.,272.,15.));
#6489 = LINE('',#6490,#6491);
#6490 = CARTESIAN_POINT('',(272.,272.,3.));
#6491 = VECTOR('',#6492,1.);
#6492 = DIRECTION('',(0.,0.,1.));
#6493 = ORIENTED_EDGE('',*,*,#6352,.T.);
#6494 = ORIENTED_EDGE('',*,*,#6313,.T.);
#6495 = ORIENTED_EDGE('',*,*,#6496,.F.);
#6496 = EDGE_CURVE('',#6487,#6314,#6497,.T.);
#6497 = LINE('',#6498,#6499);
#6498 = CARTESIAN_POINT('',(272.,272.,15.));
#6499 = VECTOR('',#6500,1.);
#6500 = DIRECTION('',(-0.999972968224,0.,-7.352742413413E-03));
#6501 = PLANE('',#6502);
#6502 = AXIS2_PLACEMENT_3D('',#6503,#6504,#6505);
#6503 = CARTESIAN_POINT('',(-272.,272.,3.));
#6504 = DIRECTION('',(-0.,1.,0.));
#6505 = DIRECTION('',(0.,0.,1.));
#6506 = ADVANCED_FACE('',(#6507),#6523,.T.);
#6507 = FACE_BOUND('',#6508,.T.);
#6508 = EDGE_LOOP('',(#6509,#6515,#6516,#6517));
#6509 = ORIENTED_EDGE('',*,*,#6510,.F.);
#6510 = EDGE_CURVE('',#6368,#6425,#6511,.T.);
#6511 = LINE('',#6512,#6513);
#6512 = CARTESIAN_POINT('',(272.,28.,3.));
#6513 = VECTOR('',#6514,1.);
#6514 = DIRECTION('',(0.,0.,1.));
#6515 = ORIENTED_EDGE('',*,*,#6375,.T.);
#6516 = ORIENTED_EDGE('',*,*,#6335,.T.);
#6517 = ORIENTED_EDGE('',*,*,#6518,.F.);
#6518 = EDGE_CURVE('',#6425,#6338,#6519,.T.);
#6519 = LINE('',#6520,#6521);
#6520 = CARTESIAN_POINT('',(272.,28.,7.));
#6521 = VECTOR('',#6522,1.);
#6522 = DIRECTION('',(0.,0.999865654597,1.63912402393E-02));
#6523 = PLANE('',#6524);
#6524 = AXIS2_PLACEMENT_3D('',#6525,#6526,#6527);
#6525 = CARTESIAN_POINT('',(272.,28.,3.));
#6526 = DIRECTION('',(1.,0.,-0.));
#6527 = DIRECTION('',(0.,0.,1.));
#6528 = ADVANCED_FACE('',(#6529),#6534,.F.);
#6529 = FACE_BOUND('',#6530,.F.);
#6530 = EDGE_LOOP('',(#6531,#6532,#6533));
#6531 = ORIENTED_EDGE('',*,*,#6367,.F.);
#6532 = ORIENTED_EDGE('',*,*,#6424,.T.);
#6533 = ORIENTED_EDGE('',*,*,#6510,.F.);
#6534 = PLANE('',#6535);
#6535 = AXIS2_PLACEMENT_3D('',#6536,#6537,#6538);
#6536 = CARTESIAN_POINT('',(-272.,28.,3.));
#6537 = DIRECTION('',(-0.,1.,0.));
#6538 = DIRECTION('',(0.,0.,1.));
#6539 = ADVANCED_FACE('',(#6540),#6565,.T.);
#6540 = FACE_BOUND('',#6541,.T.);
#6541 = EDGE_LOOP('',(#6542,#6550,#6551,#6559));
#6542 = ORIENTED_EDGE('',*,*,#6543,.F.);
#6543 = EDGE_CURVE('',#6385,#6544,#6546,.T.);
#6544 = VERTEX_POINT('',#6545);
#6545 = CARTESIAN_POINT('',(269.,31.,7.027121504339));
#6546 = LINE('',#6547,#6548);
#6547 = CARTESIAN_POINT('',(269.,31.,2.5));
#6548 = VECTOR('',#6549,1.);
#6549 = DIRECTION('',(0.,0.,1.));
#6550 = ORIENTED_EDGE('',*,*,#6384,.T.);
#6551 = ORIENTED_EDGE('',*,*,#6552,.T.);
#6552 = EDGE_CURVE('',#6387,#6553,#6555,.T.);
#6553 = VERTEX_POINT('',#6554);
#6554 = CARTESIAN_POINT('',(-269.,31.,3.071239151398));
#6555 = LINE('',#6556,#6557);
#6556 = CARTESIAN_POINT('',(-269.,31.,2.5));
#6557 = VECTOR('',#6558,1.);
#6558 = DIRECTION('',(0.,0.,1.));
#6559 = ORIENTED_EDGE('',*,*,#6560,.T.);
#6560 = EDGE_CURVE('',#6553,#6544,#6561,.T.);
#6561 = LINE('',#6562,#6563);
#6562 = CARTESIAN_POINT('',(-134.4949282869,31.,4.060247031641));
#6563 = VECTOR('',#6564,1.);
#6564 = DIRECTION('',(0.999972968224,0.,7.352742413413E-03));
#6565 = PLANE('',#6566);
#6566 = AXIS2_PLACEMENT_3D('',#6567,#6568,#6569);
#6567 = CARTESIAN_POINT('',(-269.,31.,2.5));
#6568 = DIRECTION('',(-0.,1.,0.));
#6569 = DIRECTION('',(0.,0.,1.));
#6570 = ADVANCED_FACE('',(#6571),#6589,.F.);
#6571 = FACE_BOUND('',#6572,.F.);
#6572 = EDGE_LOOP('',(#6573,#6574,#6575,#6583));
#6573 = ORIENTED_EDGE('',*,*,#6543,.F.);
#6574 = ORIENTED_EDGE('',*,*,#6410,.T.);
#6575 = ORIENTED_EDGE('',*,*,#6576,.T.);
#6576 = EDGE_CURVE('',#6403,#6577,#6579,.T.);
#6577 = VERTEX_POINT('',#6578);
#6578 = CARTESIAN_POINT('',(269.,269.,10.928760848602));
#6579 = LINE('',#6580,#6581);
#6580 = CARTESIAN_POINT('',(269.,269.,2.5));
#6581 = VECTOR('',#6582,1.);
#6582 = DIRECTION('',(0.,0.,1.));
#6583 = ORIENTED_EDGE('',*,*,#6584,.T.);
#6584 = EDGE_CURVE('',#6577,#6544,#6585,.T.);
#6585 = LINE('',#6586,#6587);
#6586 = CARTESIAN_POINT('',(269.,90.446694139773,8.001657473844));
#6587 = VECTOR('',#6588,1.);
#6588 = DIRECTION('',(0.,-0.999865654597,-1.63912402393E-02));
#6589 = PLANE('',#6590);
#6590 = AXIS2_PLACEMENT_3D('',#6591,#6592,#6593);
#6591 = CARTESIAN_POINT('',(269.,31.,2.5));
#6592 = DIRECTION('',(1.,0.,-0.));
#6593 = DIRECTION('',(0.,0.,1.));
#6594 = ADVANCED_FACE('',(#6595),#6613,.F.);
#6595 = FACE_BOUND('',#6596,.F.);
#6596 = EDGE_LOOP('',(#6597,#6598,#6599,#6607));
#6597 = ORIENTED_EDGE('',*,*,#6576,.F.);
#6598 = ORIENTED_EDGE('',*,*,#6402,.T.);
#6599 = ORIENTED_EDGE('',*,*,#6600,.T.);
#6600 = EDGE_CURVE('',#6395,#6601,#6603,.T.);
#6601 = VERTEX_POINT('',#6602);
#6602 = CARTESIAN_POINT('',(-269.,269.,6.972878495661));
#6603 = LINE('',#6604,#6605);
#6604 = CARTESIAN_POINT('',(-269.,269.,2.5));
#6605 = VECTOR('',#6606,1.);
#6606 = DIRECTION('',(0.,0.,1.));
#6607 = ORIENTED_EDGE('',*,*,#6608,.T.);
#6608 = EDGE_CURVE('',#6601,#6577,#6609,.T.);
#6609 = LINE('',#6610,#6611);
#6610 = CARTESIAN_POINT('',(-134.5236152606,269.,7.961675442274));
#6611 = VECTOR('',#6612,1.);
#6612 = DIRECTION('',(0.999972968224,0.,7.352742413413E-03));
#6613 = PLANE('',#6614);
#6614 = AXIS2_PLACEMENT_3D('',#6615,#6616,#6617);
#6615 = CARTESIAN_POINT('',(-269.,269.,2.5));
#6616 = DIRECTION('',(-0.,1.,0.));
#6617 = DIRECTION('',(0.,0.,1.));
#6618 = ADVANCED_FACE('',(#6619),#6630,.T.);
#6619 = FACE_BOUND('',#6620,.T.);
#6620 = EDGE_LOOP('',(#6621,#6622,#6623,#6624));
#6621 = ORIENTED_EDGE('',*,*,#6552,.F.);
#6622 = ORIENTED_EDGE('',*,*,#6394,.T.);
#6623 = ORIENTED_EDGE('',*,*,#6600,.T.);
#6624 = ORIENTED_EDGE('',*,*,#6625,.T.);
#6625 = EDGE_CURVE('',#6601,#6553,#6626,.T.);
#6626 = LINE('',#6627,#6628);
#6627 = CARTESIAN_POINT('',(-269.,90.511527246578,4.046837958719));
#6628 = VECTOR('',#6629,1.);
#6629 = DIRECTION('',(0.,-0.999865654597,-1.63912402393E-02));
#6630 = PLANE('',#6631);
#6631 = AXIS2_PLACEMENT_3D('',#6632,#6633,#6634);
#6632 = CARTESIAN_POINT('',(-269.,31.,2.5));
#6633 = DIRECTION('',(1.,0.,-0.));
#6634 = DIRECTION('',(0.,0.,1.));
#6635 = ADVANCED_FACE('',(#6636),#6647,.T.);
#6636 = FACE_BOUND('',#6637,.T.);
#6637 = EDGE_LOOP('',(#6638,#6639,#6640,#6641));
#6638 = ORIENTED_EDGE('',*,*,#6441,.F.);
#6639 = ORIENTED_EDGE('',*,*,#6518,.T.);
#6640 = ORIENTED_EDGE('',*,*,#6486,.T.);
#6641 = ORIENTED_EDGE('',*,*,#6642,.F.);
#6642 = EDGE_CURVE('',#6434,#6487,#6643,.T.);
#6643 = LINE('',#6644,#6645);
#6644 = CARTESIAN_POINT('',(272.,28.,11.));
#6645 = VECTOR('',#6646,1.);
#6646 = DIRECTION('',(0.,0.999865654597,1.63912402393E-02));
#6647 = PLANE('',#6648);
#6648 = AXIS2_PLACEMENT_3D('',#6649,#6650,#6651);
#6649 = CARTESIAN_POINT('',(272.,28.,3.));
#6650 = DIRECTION('',(1.,0.,-0.));
#6651 = DIRECTION('',(0.,0.,1.));
#6652 = ADVANCED_FACE('',(#6653),#6671,.F.);
#6653 = FACE_BOUND('',#6654,.F.);
#6654 = EDGE_LOOP('',(#6655,#6656,#6657,#6665));
#6655 = ORIENTED_EDGE('',*,*,#6433,.F.);
#6656 = ORIENTED_EDGE('',*,*,#6455,.T.);
#6657 = ORIENTED_EDGE('',*,*,#6658,.T.);
#6658 = EDGE_CURVE('',#6456,#6659,#6661,.T.);
#6659 = VERTEX_POINT('',#6660);
#6660 = CARTESIAN_POINT('',(272.,28.,23.));
#6661 = LINE('',#6662,#6663);
#6662 = CARTESIAN_POINT('',(-272.,28.,23.));
#6663 = VECTOR('',#6664,1.);
#6664 = DIRECTION('',(1.,0.,-0.));
#6665 = ORIENTED_EDGE('',*,*,#6666,.F.);
#6666 = EDGE_CURVE('',#6434,#6659,#6667,.T.);
#6667 = LINE('',#6668,#6669);
#6668 = CARTESIAN_POINT('',(272.,28.,3.));
#6669 = VECTOR('',#6670,1.);
#6670 = DIRECTION('',(0.,0.,1.));
#6671 = PLANE('',#6672);
#6672 = AXIS2_PLACEMENT_3D('',#6673,#6674,#6675);
#6673 = CARTESIAN_POINT('',(-272.,28.,3.));
#6674 = DIRECTION('',(-0.,1.,0.));
#6675 = DIRECTION('',(0.,0.,1.));
#6676 = ADVANCED_FACE('',(#6677,#6695),#6729,.T.);
#6677 = FACE_BOUND('',#6678,.T.);
#6678 = EDGE_LOOP('',(#6679,#6680,#6681,#6689));
#6679 = ORIENTED_EDGE('',*,*,#6472,.F.);
#6680 = ORIENTED_EDGE('',*,*,#6658,.T.);
#6681 = ORIENTED_EDGE('',*,*,#6682,.T.);
#6682 = EDGE_CURVE('',#6659,#6683,#6685,.T.);
#6683 = VERTEX_POINT('',#6684);
#6684 = CARTESIAN_POINT('',(272.,272.,23.));
#6685 = LINE('',#6686,#6687);
#6686 = CARTESIAN_POINT('',(272.,28.,23.));
#6687 = VECTOR('',#6688,1.);
#6688 = DIRECTION('',(-0.,1.,0.));
#6689 = ORIENTED_EDGE('',*,*,#6690,.F.);
#6690 = EDGE_CURVE('',#6465,#6683,#6691,.T.);
#6691 = LINE('',#6692,#6693);
#6692 = CARTESIAN_POINT('',(-272.,272.,23.));
#6693 = VECTOR('',#6694,1.);
#6694 = DIRECTION('',(1.,0.,-0.));
#6695 = FACE_BOUND('',#6696,.T.);
#6696 = EDGE_LOOP('',(#6697,#6707,#6715,#6723));
#6697 = ORIENTED_EDGE('',*,*,#6698,.T.);
#6698 = EDGE_CURVE('',#6699,#6701,#6703,.T.);
#6699 = VERTEX_POINT('',#6700);
#6700 = CARTESIAN_POINT('',(269.,31.,23.));
#6701 = VERTEX_POINT('',#6702);
#6702 = CARTESIAN_POINT('',(-269.,31.,23.));
#6703 = LINE('',#6704,#6705);
#6704 = CARTESIAN_POINT('',(-270.5,31.,23.));
#6705 = VECTOR('',#6706,1.);
#6706 = DIRECTION('',(-1.,-0.,0.));
#6707 = ORIENTED_EDGE('',*,*,#6708,.T.);
#6708 = EDGE_CURVE('',#6701,#6709,#6711,.T.);
#6709 = VERTEX_POINT('',#6710);
#6710 = CARTESIAN_POINT('',(-269.,269.,23.));
#6711 = LINE('',#6712,#6713);
#6712 = CARTESIAN_POINT('',(-269.,29.5,23.));
#6713 = VECTOR('',#6714,1.);
#6714 = DIRECTION('',(-0.,1.,0.));
#6715 = ORIENTED_EDGE('',*,*,#6716,.F.);
#6716 = EDGE_CURVE('',#6717,#6709,#6719,.T.);
#6717 = VERTEX_POINT('',#6718);
#6718 = CARTESIAN_POINT('',(269.,269.,23.));
#6719 = LINE('',#6720,#6721);
#6720 = CARTESIAN_POINT('',(-270.5,269.,23.));
#6721 = VECTOR('',#6722,1.);
#6722 = DIRECTION('',(-1.,-0.,0.));
#6723 = ORIENTED_EDGE('',*,*,#6724,.F.);
#6724 = EDGE_CURVE('',#6699,#6717,#6725,.T.);
#6725 = LINE('',#6726,#6727);
#6726 = CARTESIAN_POINT('',(269.,29.5,23.));
#6727 = VECTOR('',#6728,1.);
#6728 = DIRECTION('',(-0.,1.,0.));
#6729 = PLANE('',#6730);
#6730 = AXIS2_PLACEMENT_3D('',#6731,#6732,#6733);
#6731 = CARTESIAN_POINT('',(-272.,28.,23.));
#6732 = DIRECTION('',(0.,0.,1.));
#6733 = DIRECTION('',(1.,0.,-0.));
#6734 = ADVANCED_FACE('',(#6735),#6746,.T.);
#6735 = FACE_BOUND('',#6736,.T.);
#6736 = EDGE_LOOP('',(#6737,#6743,#6744,#6745));
#6737 = ORIENTED_EDGE('',*,*,#6738,.F.);
#6738 = EDGE_CURVE('',#6487,#6683,#6739,.T.);
#6739 = LINE('',#6740,#6741);
#6740 = CARTESIAN_POINT('',(272.,272.,3.));
#6741 = VECTOR('',#6742,1.);
#6742 = DIRECTION('',(0.,0.,1.));
#6743 = ORIENTED_EDGE('',*,*,#6496,.T.);
#6744 = ORIENTED_EDGE('',*,*,#6464,.T.);
#6745 = ORIENTED_EDGE('',*,*,#6690,.T.);
#6746 = PLANE('',#6747);
#6747 = AXIS2_PLACEMENT_3D('',#6748,#6749,#6750);
#6748 = CARTESIAN_POINT('',(-272.,272.,3.));
#6749 = DIRECTION('',(-0.,1.,0.));
#6750 = DIRECTION('',(0.,0.,1.));
#6751 = ADVANCED_FACE('',(#6752),#6758,.F.);
#6752 = FACE_BOUND('',#6753,.F.);
#6753 = EDGE_LOOP('',(#6754,#6755,#6756,#6757));
#6754 = ORIENTED_EDGE('',*,*,#6625,.T.);
#6755 = ORIENTED_EDGE('',*,*,#6560,.T.);
#6756 = ORIENTED_EDGE('',*,*,#6584,.F.);
#6757 = ORIENTED_EDGE('',*,*,#6608,.F.);
#6758 = PLANE('',#6759);
#6759 = AXIS2_PLACEMENT_3D('',#6760,#6761,#6762);
#6760 = CARTESIAN_POINT('',(9.232892310591E-15,150.,7.));
#6761 = DIRECTION('',(-7.351754659666E-03,-1.639079727401E-02,
    0.999838633715));
#6762 = DIRECTION('',(-1.355252715607E-20,0.999865654597,
    1.63912402393E-02));
#6763 = ADVANCED_FACE('',(#6764),#6770,.T.);
#6764 = FACE_BOUND('',#6765,.T.);
#6765 = EDGE_LOOP('',(#6766,#6767,#6768,#6769));
#6766 = ORIENTED_EDGE('',*,*,#6666,.F.);
#6767 = ORIENTED_EDGE('',*,*,#6642,.T.);
#6768 = ORIENTED_EDGE('',*,*,#6738,.T.);
#6769 = ORIENTED_EDGE('',*,*,#6682,.F.);
#6770 = PLANE('',#6771);
#6771 = AXIS2_PLACEMENT_3D('',#6772,#6773,#6774);
#6772 = CARTESIAN_POINT('',(272.,28.,3.));
#6773 = DIRECTION('',(1.,0.,-0.));
#6774 = DIRECTION('',(0.,0.,1.));
#6775 = ADVANCED_FACE('',(#6776),#6801,.T.);
#6776 = FACE_BOUND('',#6777,.T.);
#6777 = EDGE_LOOP('',(#6778,#6786,#6794,#6800));
#6778 = ORIENTED_EDGE('',*,*,#6779,.F.);
#6779 = EDGE_CURVE('',#6780,#6699,#6782,.T.);
#6780 = VERTEX_POINT('',#6781);
#6781 = CARTESIAN_POINT('',(269.,31.,11.027121504339));
#6782 = LINE('',#6783,#6784);
#6783 = CARTESIAN_POINT('',(269.,31.,2.5));
#6784 = VECTOR('',#6785,1.);
#6785 = DIRECTION('',(0.,0.,1.));
#6786 = ORIENTED_EDGE('',*,*,#6787,.F.);
#6787 = EDGE_CURVE('',#6788,#6780,#6790,.T.);
#6788 = VERTEX_POINT('',#6789);
#6789 = CARTESIAN_POINT('',(-269.,31.,7.071239151398));
#6790 = LINE('',#6791,#6792);
#6791 = CARTESIAN_POINT('',(-134.5096333743,31.,8.060138905999));
#6792 = VECTOR('',#6793,1.);
#6793 = DIRECTION('',(0.999972968224,0.,7.352742413413E-03));
#6794 = ORIENTED_EDGE('',*,*,#6795,.T.);
#6795 = EDGE_CURVE('',#6788,#6701,#6796,.T.);
#6796 = LINE('',#6797,#6798);
#6797 = CARTESIAN_POINT('',(-269.,31.,2.5));
#6798 = VECTOR('',#6799,1.);
#6799 = DIRECTION('',(0.,0.,1.));
#6800 = ORIENTED_EDGE('',*,*,#6698,.F.);
#6801 = PLANE('',#6802);
#6802 = AXIS2_PLACEMENT_3D('',#6803,#6804,#6805);
#6803 = CARTESIAN_POINT('',(-269.,31.,2.5));
#6804 = DIRECTION('',(-0.,1.,0.));
#6805 = DIRECTION('',(0.,0.,1.));
#6806 = ADVANCED_FACE('',(#6807),#6825,.F.);
#6807 = FACE_BOUND('',#6808,.F.);
#6808 = EDGE_LOOP('',(#6809,#6810,#6818,#6824));
#6809 = ORIENTED_EDGE('',*,*,#6779,.F.);
#6810 = ORIENTED_EDGE('',*,*,#6811,.F.);
#6811 = EDGE_CURVE('',#6812,#6780,#6814,.T.);
#6812 = VERTEX_POINT('',#6813);
#6813 = CARTESIAN_POINT('',(269.,269.,14.928760848602));
#6814 = LINE('',#6815,#6816);
#6815 = CARTESIAN_POINT('',(269.,90.41391606347,12.001120128331));
#6816 = VECTOR('',#6817,1.);
#6817 = DIRECTION('',(0.,-0.999865654597,-1.63912402393E-02));
#6818 = ORIENTED_EDGE('',*,*,#6819,.T.);
#6819 = EDGE_CURVE('',#6812,#6717,#6820,.T.);
#6820 = LINE('',#6821,#6822);
#6821 = CARTESIAN_POINT('',(269.,269.,2.5));
#6822 = VECTOR('',#6823,1.);
#6823 = DIRECTION('',(0.,0.,1.));
#6824 = ORIENTED_EDGE('',*,*,#6724,.F.);
#6825 = PLANE('',#6826);
#6826 = AXIS2_PLACEMENT_3D('',#6827,#6828,#6829);
#6827 = CARTESIAN_POINT('',(269.,31.,2.5));
#6828 = DIRECTION('',(1.,0.,-0.));
#6829 = DIRECTION('',(0.,0.,1.));
#6830 = ADVANCED_FACE('',(#6831),#6849,.F.);
#6831 = FACE_BOUND('',#6832,.F.);
#6832 = EDGE_LOOP('',(#6833,#6834,#6842,#6848));
#6833 = ORIENTED_EDGE('',*,*,#6819,.F.);
#6834 = ORIENTED_EDGE('',*,*,#6835,.F.);
#6835 = EDGE_CURVE('',#6836,#6812,#6838,.T.);
#6836 = VERTEX_POINT('',#6837);
#6837 = CARTESIAN_POINT('',(-269.,269.,10.972878495661));
#6838 = LINE('',#6839,#6840);
#6839 = CARTESIAN_POINT('',(-134.5383203479,269.,11.961567316632));
#6840 = VECTOR('',#6841,1.);
#6841 = DIRECTION('',(0.999972968224,0.,7.352742413413E-03));
#6842 = ORIENTED_EDGE('',*,*,#6843,.T.);
#6843 = EDGE_CURVE('',#6836,#6709,#6844,.T.);
#6844 = LINE('',#6845,#6846);
#6845 = CARTESIAN_POINT('',(-269.,269.,2.5));
#6846 = VECTOR('',#6847,1.);
#6847 = DIRECTION('',(0.,0.,1.));
#6848 = ORIENTED_EDGE('',*,*,#6716,.F.);
#6849 = PLANE('',#6850);
#6850 = AXIS2_PLACEMENT_3D('',#6851,#6852,#6853);
#6851 = CARTESIAN_POINT('',(-269.,269.,2.5));
#6852 = DIRECTION('',(-0.,1.,0.));
#6853 = DIRECTION('',(0.,0.,1.));
#6854 = ADVANCED_FACE('',(#6855),#6866,.T.);
#6855 = FACE_BOUND('',#6856,.T.);
#6856 = EDGE_LOOP('',(#6857,#6858,#6864,#6865));
#6857 = ORIENTED_EDGE('',*,*,#6795,.F.);
#6858 = ORIENTED_EDGE('',*,*,#6859,.F.);
#6859 = EDGE_CURVE('',#6836,#6788,#6860,.T.);
#6860 = LINE('',#6861,#6862);
#6861 = CARTESIAN_POINT('',(-269.,90.478749170275,8.046300613206));
#6862 = VECTOR('',#6863,1.);
#6863 = DIRECTION('',(0.,-0.999865654597,-1.63912402393E-02));
#6864 = ORIENTED_EDGE('',*,*,#6843,.T.);
#6865 = ORIENTED_EDGE('',*,*,#6708,.F.);
#6866 = PLANE('',#6867);
#6867 = AXIS2_PLACEMENT_3D('',#6868,#6869,#6870);
#6868 = CARTESIAN_POINT('',(-269.,31.,2.5));
#6869 = DIRECTION('',(1.,0.,-0.));
#6870 = DIRECTION('',(0.,0.,1.));
#6871 = ADVANCED_FACE('',(#6872),#6878,.T.);
#6872 = FACE_BOUND('',#6873,.T.);
#6873 = EDGE_LOOP('',(#6874,#6875,#6876,#6877));
#6874 = ORIENTED_EDGE('',*,*,#6859,.T.);
#6875 = ORIENTED_EDGE('',*,*,#6787,.T.);
#6876 = ORIENTED_EDGE('',*,*,#6811,.F.);
#6877 = ORIENTED_EDGE('',*,*,#6835,.F.);
#6878 = PLANE('',#6879);
#6879 = AXIS2_PLACEMENT_3D('',#6880,#6881,#6882);
#6880 = CARTESIAN_POINT('',(9.232892310591E-15,150.,11.));
#6881 = DIRECTION('',(-7.351754659666E-03,-1.639079727401E-02,
    0.999838633715));
#6882 = DIRECTION('',(-1.355252715607E-20,0.999865654597,
    1.63912402393E-02));
#6883 = MANIFOLD_SOLID_BREP('',#6884);
#6884 = CLOSED_SHELL('',(#6885,#6918,#6927));
#6885 = ADVANCED_FACE('',(#6886),#6913,.T.);
#6886 = FACE_BOUND('',#6887,.T.);
#6887 = EDGE_LOOP('',(#6888,#6897,#6905,#6912));
#6888 = ORIENTED_EDGE('',*,*,#6889,.F.);
#6889 = EDGE_CURVE('',#6890,#6890,#6892,.T.);
#6890 = VERTEX_POINT('',#6891);
#6891 = CARTESIAN_POINT('',(-262.,28.,8.));
#6892 = CIRCLE('',#6893,10.);
#6893 = AXIS2_PLACEMENT_3D('',#6894,#6895,#6896);
#6894 = CARTESIAN_POINT('',(-272.,28.,8.));
#6895 = DIRECTION('',(0.,0.,1.));
#6896 = DIRECTION('',(1.,0.,-0.));
#6897 = ORIENTED_EDGE('',*,*,#6898,.F.);
#6898 = EDGE_CURVE('',#6899,#6890,#6901,.T.);
#6899 = VERTEX_POINT('',#6900);
#6900 = CARTESIAN_POINT('',(-262.,28.,7.));
#6901 = LINE('',#6902,#6903);
#6902 = CARTESIAN_POINT('',(-262.,28.,7.));
#6903 = VECTOR('',#6904,1.);
#6904 = DIRECTION('',(0.,0.,1.));
#6905 = ORIENTED_EDGE('',*,*,#6906,.T.);
#6906 = EDGE_CURVE('',#6899,#6899,#6907,.T.);
#6907 = CIRCLE('',#6908,10.);
#6908 = AXIS2_PLACEMENT_3D('',#6909,#6910,#6911);
#6909 = CARTESIAN_POINT('',(-272.,28.,7.));
#6910 = DIRECTION('',(0.,0.,1.));
#6911 = DIRECTION('',(1.,0.,-0.));
#6912 = ORIENTED_EDGE('',*,*,#6898,.T.);
#6913 = CYLINDRICAL_SURFACE('',#6914,10.);
#6914 = AXIS2_PLACEMENT_3D('',#6915,#6916,#6917);
#6915 = CARTESIAN_POINT('',(-272.,28.,7.));
#6916 = DIRECTION('',(0.,0.,1.));
#6917 = DIRECTION('',(1.,0.,-0.));
#6918 = ADVANCED_FACE('',(#6919),#6922,.T.);
#6919 = FACE_BOUND('',#6920,.T.);
#6920 = EDGE_LOOP('',(#6921));
#6921 = ORIENTED_EDGE('',*,*,#6889,.T.);
#6922 = PLANE('',#6923);
#6923 = AXIS2_PLACEMENT_3D('',#6924,#6925,#6926);
#6924 = CARTESIAN_POINT('',(-272.,28.,8.));
#6925 = DIRECTION('',(0.,0.,1.));
#6926 = DIRECTION('',(1.,0.,-0.));
#6927 = ADVANCED_FACE('',(#6928),#6931,.F.);
#6928 = FACE_BOUND('',#6929,.T.);
#6929 = EDGE_LOOP('',(#6930));
#6930 = ORIENTED_EDGE('',*,*,#6906,.F.);
#6931 = PLANE('',#6932);
#6932 = AXIS2_PLACEMENT_3D('',#6933,#6934,#6935);
#6933 = CARTESIAN_POINT('',(-272.,28.,7.));
#6934 = DIRECTION('',(0.,0.,1.));
#6935 = DIRECTION('',(1.,0.,-0.));
#6936 = MANIFOLD_SOLID_BREP('',#6937);
#6937 = CLOSED_SHELL('',(#6938,#6971,#6980));
#6938 = ADVANCED_FACE('',(#6939),#6966,.T.);
#6939 = FACE_BOUND('',#6940,.T.);
#6940 = EDGE_LOOP('',(#6941,#6950,#6958,#6965));
#6941 = ORIENTED_EDGE('',*,*,#6942,.F.);
#6942 = EDGE_CURVE('',#6943,#6943,#6945,.T.);
#6943 = VERTEX_POINT('',#6944);
#6944 = CARTESIAN_POINT('',(-164.,91.,155.));
#6945 = CIRCLE('',#6946,45.);
#6946 = AXIS2_PLACEMENT_3D('',#6947,#6948,#6949);
#6947 = CARTESIAN_POINT('',(-209.,91.,155.));
#6948 = DIRECTION('',(0.,0.,1.));
#6949 = DIRECTION('',(1.,0.,-0.));
#6950 = ORIENTED_EDGE('',*,*,#6951,.F.);
#6951 = EDGE_CURVE('',#6952,#6943,#6954,.T.);
#6952 = VERTEX_POINT('',#6953);
#6953 = CARTESIAN_POINT('',(-164.,91.,15.));
#6954 = LINE('',#6955,#6956);
#6955 = CARTESIAN_POINT('',(-164.,91.,15.));
#6956 = VECTOR('',#6957,1.);
#6957 = DIRECTION('',(0.,0.,1.));
#6958 = ORIENTED_EDGE('',*,*,#6959,.T.);
#6959 = EDGE_CURVE('',#6952,#6952,#6960,.T.);
#6960 = CIRCLE('',#6961,45.);
#6961 = AXIS2_PLACEMENT_3D('',#6962,#6963,#6964);
#6962 = CARTESIAN_POINT('',(-209.,91.,15.));
#6963 = DIRECTION('',(0.,0.,1.));
#6964 = DIRECTION('',(1.,0.,-0.));
#6965 = ORIENTED_EDGE('',*,*,#6951,.T.);
#6966 = CYLINDRICAL_SURFACE('',#6967,45.);
#6967 = AXIS2_PLACEMENT_3D('',#6968,#6969,#6970);
#6968 = CARTESIAN_POINT('',(-209.,91.,15.));
#6969 = DIRECTION('',(0.,0.,1.));
#6970 = DIRECTION('',(1.,0.,-0.));
#6971 = ADVANCED_FACE('',(#6972),#6975,.T.);
#6972 = FACE_BOUND('',#6973,.T.);
#6973 = EDGE_LOOP('',(#6974));
#6974 = ORIENTED_EDGE('',*,*,#6942,.T.);
#6975 = PLANE('',#6976);
#6976 = AXIS2_PLACEMENT_3D('',#6977,#6978,#6979);
#6977 = CARTESIAN_POINT('',(-209.,91.,155.));
#6978 = DIRECTION('',(0.,0.,1.));
#6979 = DIRECTION('',(1.,0.,-0.));
#6980 = ADVANCED_FACE('',(#6981),#6984,.F.);
#6981 = FACE_BOUND('',#6982,.T.);
#6982 = EDGE_LOOP('',(#6983));
#6983 = ORIENTED_EDGE('',*,*,#6959,.F.);
#6984 = PLANE('',#6985);
#6985 = AXIS2_PLACEMENT_3D('',#6986,#6987,#6988);
#6986 = CARTESIAN_POINT('',(-209.,91.,15.));
#6987 = DIRECTION('',(0.,0.,1.));
#6988 = DIRECTION('',(1.,0.,-0.));
#6989 = MANIFOLD_SOLID_BREP('',#6990);
#6990 = CLOSED_SHELL('',(#6991,#7024,#7033));
#6991 = ADVANCED_FACE('',(#6992),#7019,.T.);
#6992 = FACE_BOUND('',#6993,.T.);
#6993 = EDGE_LOOP('',(#6994,#7003,#7011,#7018));
#6994 = ORIENTED_EDGE('',*,*,#6995,.F.);
#6995 = EDGE_CURVE('',#6996,#6996,#6998,.T.);
#6996 = VERTEX_POINT('',#6997);
#6997 = CARTESIAN_POINT('',(-59.,91.,155.));
#6998 = CIRCLE('',#6999,45.);
#6999 = AXIS2_PLACEMENT_3D('',#7000,#7001,#7002);
#7000 = CARTESIAN_POINT('',(-104.,91.,155.));
#7001 = DIRECTION('',(0.,0.,1.));
#7002 = DIRECTION('',(1.,0.,-0.));
#7003 = ORIENTED_EDGE('',*,*,#7004,.F.);
#7004 = EDGE_CURVE('',#7005,#6996,#7007,.T.);
#7005 = VERTEX_POINT('',#7006);
#7006 = CARTESIAN_POINT('',(-59.,91.,15.));
#7007 = LINE('',#7008,#7009);
#7008 = CARTESIAN_POINT('',(-59.,91.,15.));
#7009 = VECTOR('',#7010,1.);
#7010 = DIRECTION('',(0.,0.,1.));
#7011 = ORIENTED_EDGE('',*,*,#7012,.T.);
#7012 = EDGE_CURVE('',#7005,#7005,#7013,.T.);
#7013 = CIRCLE('',#7014,45.);
#7014 = AXIS2_PLACEMENT_3D('',#7015,#7016,#7017);
#7015 = CARTESIAN_POINT('',(-104.,91.,15.));
#7016 = DIRECTION('',(0.,0.,1.));
#7017 = DIRECTION('',(1.,0.,-0.));
#7018 = ORIENTED_EDGE('',*,*,#7004,.T.);
#7019 = CYLINDRICAL_SURFACE('',#7020,45.);
#7020 = AXIS2_PLACEMENT_3D('',#7021,#7022,#7023);
#7021 = CARTESIAN_POINT('',(-104.,91.,15.));
#7022 = DIRECTION('',(0.,0.,1.));
#7023 = DIRECTION('',(1.,0.,-0.));
#7024 = ADVANCED_FACE('',(#7025),#7028,.T.);
#7025 = FACE_BOUND('',#7026,.T.);
#7026 = EDGE_LOOP('',(#7027));
#7027 = ORIENTED_EDGE('',*,*,#6995,.T.);
#7028 = PLANE('',#7029);
#7029 = AXIS2_PLACEMENT_3D('',#7030,#7031,#7032);
#7030 = CARTESIAN_POINT('',(-104.,91.,155.));
#7031 = DIRECTION('',(0.,0.,1.));
#7032 = DIRECTION('',(1.,0.,-0.));
#7033 = ADVANCED_FACE('',(#7034),#7037,.F.);
#7034 = FACE_BOUND('',#7035,.T.);
#7035 = EDGE_LOOP('',(#7036));
#7036 = ORIENTED_EDGE('',*,*,#7012,.F.);
#7037 = PLANE('',#7038);
#7038 = AXIS2_PLACEMENT_3D('',#7039,#7040,#7041);
#7039 = CARTESIAN_POINT('',(-104.,91.,15.));
#7040 = DIRECTION('',(0.,0.,1.));
#7041 = DIRECTION('',(1.,0.,-0.));
#7042 = MANIFOLD_SOLID_BREP('',#7043);
#7043 = CLOSED_SHELL('',(#7044,#7077,#7086));
#7044 = ADVANCED_FACE('',(#7045),#7072,.T.);
#7045 = FACE_BOUND('',#7046,.T.);
#7046 = EDGE_LOOP('',(#7047,#7056,#7064,#7071));
#7047 = ORIENTED_EDGE('',*,*,#7048,.F.);
#7048 = EDGE_CURVE('',#7049,#7049,#7051,.T.);
#7049 = VERTEX_POINT('',#7050);
#7050 = CARTESIAN_POINT('',(46.,91.,155.));
#7051 = CIRCLE('',#7052,45.);
#7052 = AXIS2_PLACEMENT_3D('',#7053,#7054,#7055);
#7053 = CARTESIAN_POINT('',(1.,91.,155.));
#7054 = DIRECTION('',(0.,0.,1.));
#7055 = DIRECTION('',(1.,0.,-0.));
#7056 = ORIENTED_EDGE('',*,*,#7057,.F.);
#7057 = EDGE_CURVE('',#7058,#7049,#7060,.T.);
#7058 = VERTEX_POINT('',#7059);
#7059 = CARTESIAN_POINT('',(46.,91.,15.));
#7060 = LINE('',#7061,#7062);
#7061 = CARTESIAN_POINT('',(46.,91.,15.));
#7062 = VECTOR('',#7063,1.);
#7063 = DIRECTION('',(0.,0.,1.));
#7064 = ORIENTED_EDGE('',*,*,#7065,.T.);
#7065 = EDGE_CURVE('',#7058,#7058,#7066,.T.);
#7066 = CIRCLE('',#7067,45.);
#7067 = AXIS2_PLACEMENT_3D('',#7068,#7069,#7070);
#7068 = CARTESIAN_POINT('',(1.,91.,15.));
#7069 = DIRECTION('',(0.,0.,1.));
#7070 = DIRECTION('',(1.,0.,-0.));
#7071 = ORIENTED_EDGE('',*,*,#7057,.T.);
#7072 = CYLINDRICAL_SURFACE('',#7073,45.);
#7073 = AXIS2_PLACEMENT_3D('',#7074,#7075,#7076);
#7074 = CARTESIAN_POINT('',(1.,91.,15.));
#7075 = DIRECTION('',(0.,0.,1.));
#7076 = DIRECTION('',(1.,0.,-0.));
#7077 = ADVANCED_FACE('',(#7078),#7081,.T.);
#7078 = FACE_BOUND('',#7079,.T.);
#7079 = EDGE_LOOP('',(#7080));
#7080 = ORIENTED_EDGE('',*,*,#7048,.T.);
#7081 = PLANE('',#7082);
#7082 = AXIS2_PLACEMENT_3D('',#7083,#7084,#7085);
#7083 = CARTESIAN_POINT('',(1.,91.,155.));
#7084 = DIRECTION('',(0.,0.,1.));
#7085 = DIRECTION('',(1.,0.,-0.));
#7086 = ADVANCED_FACE('',(#7087),#7090,.F.);
#7087 = FACE_BOUND('',#7088,.T.);
#7088 = EDGE_LOOP('',(#7089));
#7089 = ORIENTED_EDGE('',*,*,#7065,.F.);
#7090 = PLANE('',#7091);
#7091 = AXIS2_PLACEMENT_3D('',#7092,#7093,#7094);
#7092 = CARTESIAN_POINT('',(1.,91.,15.));
#7093 = DIRECTION('',(0.,0.,1.));
#7094 = DIRECTION('',(1.,0.,-0.));
#7095 = MANIFOLD_SOLID_BREP('',#7096);
#7096 = CLOSED_SHELL('',(#7097,#7130,#7139));
#7097 = ADVANCED_FACE('',(#7098),#7125,.T.);
#7098 = FACE_BOUND('',#7099,.T.);
#7099 = EDGE_LOOP('',(#7100,#7109,#7117,#7124));
#7100 = ORIENTED_EDGE('',*,*,#7101,.F.);
#7101 = EDGE_CURVE('',#7102,#7102,#7104,.T.);
#7102 = VERTEX_POINT('',#7103);
#7103 = CARTESIAN_POINT('',(254.,179.,195.));
#7104 = CIRCLE('',#7105,75.);
#7105 = AXIS2_PLACEMENT_3D('',#7106,#7107,#7108);
#7106 = CARTESIAN_POINT('',(179.,179.,195.));
#7107 = DIRECTION('',(0.,0.,1.));
#7108 = DIRECTION('',(1.,0.,-0.));
#7109 = ORIENTED_EDGE('',*,*,#7110,.F.);
#7110 = EDGE_CURVE('',#7111,#7102,#7113,.T.);
#7111 = VERTEX_POINT('',#7112);
#7112 = CARTESIAN_POINT('',(254.,179.,15.));
#7113 = LINE('',#7114,#7115);
#7114 = CARTESIAN_POINT('',(254.,179.,15.));
#7115 = VECTOR('',#7116,1.);
#7116 = DIRECTION('',(0.,0.,1.));
#7117 = ORIENTED_EDGE('',*,*,#7118,.T.);
#7118 = EDGE_CURVE('',#7111,#7111,#7119,.T.);
#7119 = CIRCLE('',#7120,75.);
#7120 = AXIS2_PLACEMENT_3D('',#7121,#7122,#7123);
#7121 = CARTESIAN_POINT('',(179.,179.,15.));
#7122 = DIRECTION('',(0.,0.,1.));
#7123 = DIRECTION('',(1.,0.,-0.));
#7124 = ORIENTED_EDGE('',*,*,#7110,.T.);
#7125 = CYLINDRICAL_SURFACE('',#7126,75.);
#7126 = AXIS2_PLACEMENT_3D('',#7127,#7128,#7129);
#7127 = CARTESIAN_POINT('',(179.,179.,15.));
#7128 = DIRECTION('',(0.,0.,1.));
#7129 = DIRECTION('',(1.,0.,-0.));
#7130 = ADVANCED_FACE('',(#7131),#7134,.T.);
#7131 = FACE_BOUND('',#7132,.T.);
#7132 = EDGE_LOOP('',(#7133));
#7133 = ORIENTED_EDGE('',*,*,#7101,.T.);
#7134 = PLANE('',#7135);
#7135 = AXIS2_PLACEMENT_3D('',#7136,#7137,#7138);
#7136 = CARTESIAN_POINT('',(179.,179.,195.));
#7137 = DIRECTION('',(0.,0.,1.));
#7138 = DIRECTION('',(1.,0.,-0.));
#7139 = ADVANCED_FACE('',(#7140),#7143,.F.);
#7140 = FACE_BOUND('',#7141,.T.);
#7141 = EDGE_LOOP('',(#7142));
#7142 = ORIENTED_EDGE('',*,*,#7118,.F.);
#7143 = PLANE('',#7144);
#7144 = AXIS2_PLACEMENT_3D('',#7145,#7146,#7147);
#7145 = CARTESIAN_POINT('',(179.,179.,15.));
#7146 = DIRECTION('',(0.,0.,1.));
#7147 = DIRECTION('',(1.,0.,-0.));
#7148 = ( GEOMETRIC_REPRESENTATION_CONTEXT(3) 
GLOBAL_UNCERTAINTY_ASSIGNED_CONTEXT((#7152)) 
GLOBAL_UNIT_ASSIGNED_CONTEXT((#7149,#7150,#7151)) REPRESENTATION_CONTEXT
('Context #1','3D Context with UNIT and UNCERTAINTY') );
#7149 = ( LENGTH_UNIT() NAMED_UNIT(*) SI_UNIT(.MILLI.,.METRE.) );
#7150 = ( NAMED_UNIT(*) PLANE_ANGLE_UNIT() SI_UNIT($,.RADIAN.) );
#7151 = ( NAMED_UNIT(*) SI_UNIT($,.STERADIAN.) SOLID_ANGLE_UNIT() );
#7152 = UNCERTAINTY_MEASURE_WITH_UNIT(LENGTH_MEASURE(1.E-07),#7149,
  'distance_accuracy_value','confusion accuracy');
#7153 = PRODUCT_RELATED_PRODUCT_CATEGORY('part',$,(#7));
ENDSEC;
END-ISO-10303-21;
