ISO-10303-21;
HEADER;
FILE_DESCRIPTION(('FreeCAD Model'),'2;1');
FILE_NAME('Open CASCADE Shape Model','2026-08-19T10:53:03',('FreeCAD'),(
    'FreeCAD'),'Open CASCADE STEP processor 7.8','FreeCAD','Unknown');
FILE_SCHEMA(('AUTOMOTIVE_DESIGN { 1 0 10303 214 1 1 1 1 }'));
ENDSEC;
DATA;
#1 = APPLICATION_PROTOCOL_DEFINITION('international standard',
  'automotive_design',2000,#2);
#2 = APPLICATION_CONTEXT(
  'core data for automotive mechanical design processes');
#3 = SHAPE_DEFINITION_REPRESENTATION(#4,#10);
#4 = PRODUCT_DEFINITION_SHAPE('','',#5);
#5 = PRODUCT_DEFINITION('design','',#6,#9);
#6 = PRODUCT_DEFINITION_FORMATION('','',#7);
#7 = PRODUCT('Open CASCADE STEP translator 7.8 2',
  'Open CASCADE STEP translator 7.8 2','',(#8));
#8 = PRODUCT_CONTEXT('',#2,'mechanical');
#9 = PRODUCT_DEFINITION_CONTEXT('part definition',#2,'design');
#10 = SHAPE_REPRESENTATION('',(#11,#15,#1289,#1342),#2616);
#11 = AXIS2_PLACEMENT_3D('',#12,#13,#14);
#12 = CARTESIAN_POINT('',(0.,0.,0.));
#13 = DIRECTION('',(0.,0.,1.));
#14 = DIRECTION('',(1.,0.,-0.));
#15 = MANIFOLD_SOLID_BREP('',#16);
#16 = CLOSED_SHELL('',(#17,#57,#88,#167,#191,#274,#286,#303,#320,#345,
    #362,#379,#404,#429,#449,#469,#489,#514,#557,#600,#781,#943,#974,
    #1005,#1028,#1045,#1064,#1082,#1101,#1118,#1135,#1152,#1169,#1186,
    #1205,#1222,#1241,#1259,#1276));
#17 = ADVANCED_FACE('',(#18),#52,.F.);
#18 = FACE_BOUND('',#19,.F.);
#19 = EDGE_LOOP('',(#20,#30,#38,#46));
#20 = ORIENTED_EDGE('',*,*,#21,.F.);
#21 = EDGE_CURVE('',#22,#24,#26,.T.);
#22 = VERTEX_POINT('',#23);
#23 = CARTESIAN_POINT('',(-35.,-30.,0.));
#24 = VERTEX_POINT('',#25);
#25 = CARTESIAN_POINT('',(-35.,-30.,15.));
#26 = LINE('',#27,#28);
#27 = CARTESIAN_POINT('',(-35.,-30.,0.));
#28 = VECTOR('',#29,1.);
#29 = DIRECTION('',(0.,0.,1.));
#30 = ORIENTED_EDGE('',*,*,#31,.T.);
#31 = EDGE_CURVE('',#22,#32,#34,.T.);
#32 = VERTEX_POINT('',#33);
#33 = CARTESIAN_POINT('',(-35.,30.,0.));
#34 = LINE('',#35,#36);
#35 = CARTESIAN_POINT('',(-35.,-30.,0.));
#36 = VECTOR('',#37,1.);
#37 = DIRECTION('',(-0.,1.,0.));
#38 = ORIENTED_EDGE('',*,*,#39,.T.);
#39 = EDGE_CURVE('',#32,#40,#42,.T.);
#40 = VERTEX_POINT('',#41);
#41 = CARTESIAN_POINT('',(-35.,30.,15.));
#42 = LINE('',#43,#44);
#43 = CARTESIAN_POINT('',(-35.,30.,0.));
#44 = VECTOR('',#45,1.);
#45 = DIRECTION('',(0.,0.,1.));
#46 = ORIENTED_EDGE('',*,*,#47,.F.);
#47 = EDGE_CURVE('',#24,#40,#48,.T.);
#48 = LINE('',#49,#50);
#49 = CARTESIAN_POINT('',(-35.,-30.,15.));
#50 = VECTOR('',#51,1.);
#51 = DIRECTION('',(-0.,1.,0.));
#52 = PLANE('',#53);
#53 = AXIS2_PLACEMENT_3D('',#54,#55,#56);
#54 = CARTESIAN_POINT('',(-35.,-30.,0.));
#55 = DIRECTION('',(1.,0.,-0.));
#56 = DIRECTION('',(0.,0.,1.));
#57 = ADVANCED_FACE('',(#58),#83,.F.);
#58 = FACE_BOUND('',#59,.F.);
#59 = EDGE_LOOP('',(#60,#68,#69,#77));
#60 = ORIENTED_EDGE('',*,*,#61,.F.);
#61 = EDGE_CURVE('',#22,#62,#64,.T.);
#62 = VERTEX_POINT('',#63);
#63 = CARTESIAN_POINT('',(35.,-30.,0.));
#64 = LINE('',#65,#66);
#65 = CARTESIAN_POINT('',(-35.,-30.,0.));
#66 = VECTOR('',#67,1.);
#67 = DIRECTION('',(1.,0.,-0.));
#68 = ORIENTED_EDGE('',*,*,#21,.T.);
#69 = ORIENTED_EDGE('',*,*,#70,.T.);
#70 = EDGE_CURVE('',#24,#71,#73,.T.);
#71 = VERTEX_POINT('',#72);
#72 = CARTESIAN_POINT('',(35.,-30.,15.));
#73 = LINE('',#74,#75);
#74 = CARTESIAN_POINT('',(-35.,-30.,15.));
#75 = VECTOR('',#76,1.);
#76 = DIRECTION('',(1.,0.,-0.));
#77 = ORIENTED_EDGE('',*,*,#78,.F.);
#78 = EDGE_CURVE('',#62,#71,#79,.T.);
#79 = LINE('',#80,#81);
#80 = CARTESIAN_POINT('',(35.,-30.,0.));
#81 = VECTOR('',#82,1.);
#82 = DIRECTION('',(0.,0.,1.));
#83 = PLANE('',#84);
#84 = AXIS2_PLACEMENT_3D('',#85,#86,#87);
#85 = CARTESIAN_POINT('',(-35.,-30.,0.));
#86 = DIRECTION('',(-0.,1.,0.));
#87 = DIRECTION('',(0.,0.,1.));
#88 = ADVANCED_FACE('',(#89,#107,#118,#129,#140,#151),#162,.T.);
#89 = FACE_BOUND('',#90,.T.);
#90 = EDGE_LOOP('',(#91,#92,#93,#101));
#91 = ORIENTED_EDGE('',*,*,#47,.F.);
#92 = ORIENTED_EDGE('',*,*,#70,.T.);
#93 = ORIENTED_EDGE('',*,*,#94,.T.);
#94 = EDGE_CURVE('',#71,#95,#97,.T.);
#95 = VERTEX_POINT('',#96);
#96 = CARTESIAN_POINT('',(35.,30.,15.));
#97 = LINE('',#98,#99);
#98 = CARTESIAN_POINT('',(35.,-30.,15.));
#99 = VECTOR('',#100,1.);
#100 = DIRECTION('',(-0.,1.,0.));
#101 = ORIENTED_EDGE('',*,*,#102,.F.);
#102 = EDGE_CURVE('',#40,#95,#103,.T.);
#103 = LINE('',#104,#105);
#104 = CARTESIAN_POINT('',(-35.,30.,15.));
#105 = VECTOR('',#106,1.);
#106 = DIRECTION('',(1.,0.,-0.));
#107 = FACE_BOUND('',#108,.T.);
#108 = EDGE_LOOP('',(#109));
#109 = ORIENTED_EDGE('',*,*,#110,.F.);
#110 = EDGE_CURVE('',#111,#111,#113,.T.);
#111 = VERTEX_POINT('',#112);
#112 = CARTESIAN_POINT('',(-26.85,-24.,15.));
#113 = CIRCLE('',#114,2.15);
#114 = AXIS2_PLACEMENT_3D('',#115,#116,#117);
#115 = CARTESIAN_POINT('',(-29.,-24.,15.));
#116 = DIRECTION('',(0.,0.,1.));
#117 = DIRECTION('',(1.,0.,-0.));
#118 = FACE_BOUND('',#119,.T.);
#119 = EDGE_LOOP('',(#120));
#120 = ORIENTED_EDGE('',*,*,#121,.F.);
#121 = EDGE_CURVE('',#122,#122,#124,.T.);
#122 = VERTEX_POINT('',#123);
#123 = CARTESIAN_POINT('',(31.15,-24.,15.));
#124 = CIRCLE('',#125,2.15);
#125 = AXIS2_PLACEMENT_3D('',#126,#127,#128);
#126 = CARTESIAN_POINT('',(29.,-24.,15.));
#127 = DIRECTION('',(0.,0.,1.));
#128 = DIRECTION('',(1.,0.,-0.));
#129 = FACE_BOUND('',#130,.T.);
#130 = EDGE_LOOP('',(#131));
#131 = ORIENTED_EDGE('',*,*,#132,.F.);
#132 = EDGE_CURVE('',#133,#133,#135,.T.);
#133 = VERTEX_POINT('',#134);
#134 = CARTESIAN_POINT('',(20.85,-5.106777152444E-15,15.));
#135 = CIRCLE('',#136,20.85);
#136 = AXIS2_PLACEMENT_3D('',#137,#138,#139);
#137 = CARTESIAN_POINT('',(0.,0.,15.));
#138 = DIRECTION('',(0.,0.,1.));
#139 = DIRECTION('',(1.,0.,-0.));
#140 = FACE_BOUND('',#141,.T.);
#141 = EDGE_LOOP('',(#142));
#142 = ORIENTED_EDGE('',*,*,#143,.F.);
#143 = EDGE_CURVE('',#144,#144,#146,.T.);
#144 = VERTEX_POINT('',#145);
#145 = CARTESIAN_POINT('',(-26.85,24.,15.));
#146 = CIRCLE('',#147,2.15);
#147 = AXIS2_PLACEMENT_3D('',#148,#149,#150);
#148 = CARTESIAN_POINT('',(-29.,24.,15.));
#149 = DIRECTION('',(0.,0.,1.));
#150 = DIRECTION('',(1.,0.,-0.));
#151 = FACE_BOUND('',#152,.T.);
#152 = EDGE_LOOP('',(#153));
#153 = ORIENTED_EDGE('',*,*,#154,.F.);
#154 = EDGE_CURVE('',#155,#155,#157,.T.);
#155 = VERTEX_POINT('',#156);
#156 = CARTESIAN_POINT('',(31.15,24.,15.));
#157 = CIRCLE('',#158,2.15);
#158 = AXIS2_PLACEMENT_3D('',#159,#160,#161);
#159 = CARTESIAN_POINT('',(29.,24.,15.));
#160 = DIRECTION('',(0.,0.,1.));
#161 = DIRECTION('',(1.,0.,-0.));
#162 = PLANE('',#163);
#163 = AXIS2_PLACEMENT_3D('',#164,#165,#166);
#164 = CARTESIAN_POINT('',(-35.,-30.,15.));
#165 = DIRECTION('',(0.,0.,1.));
#166 = DIRECTION('',(1.,0.,-0.));
#167 = ADVANCED_FACE('',(#168),#186,.T.);
#168 = FACE_BOUND('',#169,.T.);
#169 = EDGE_LOOP('',(#170,#178,#179,#180));
#170 = ORIENTED_EDGE('',*,*,#171,.F.);
#171 = EDGE_CURVE('',#32,#172,#174,.T.);
#172 = VERTEX_POINT('',#173);
#173 = CARTESIAN_POINT('',(35.,30.,0.));
#174 = LINE('',#175,#176);
#175 = CARTESIAN_POINT('',(-35.,30.,0.));
#176 = VECTOR('',#177,1.);
#177 = DIRECTION('',(1.,0.,-0.));
#178 = ORIENTED_EDGE('',*,*,#39,.T.);
#179 = ORIENTED_EDGE('',*,*,#102,.T.);
#180 = ORIENTED_EDGE('',*,*,#181,.F.);
#181 = EDGE_CURVE('',#172,#95,#182,.T.);
#182 = LINE('',#183,#184);
#183 = CARTESIAN_POINT('',(35.,30.,0.));
#184 = VECTOR('',#185,1.);
#185 = DIRECTION('',(0.,0.,1.));
#186 = PLANE('',#187);
#187 = AXIS2_PLACEMENT_3D('',#188,#189,#190);
#188 = CARTESIAN_POINT('',(-35.,30.,0.));
#189 = DIRECTION('',(-0.,1.,0.));
#190 = DIRECTION('',(0.,0.,1.));
#191 = ADVANCED_FACE('',(#192,#203,#214,#225,#236,#247,#258),#269,.F.);
#192 = FACE_BOUND('',#193,.F.);
#193 = EDGE_LOOP('',(#194,#195,#196,#202));
#194 = ORIENTED_EDGE('',*,*,#31,.F.);
#195 = ORIENTED_EDGE('',*,*,#61,.T.);
#196 = ORIENTED_EDGE('',*,*,#197,.T.);
#197 = EDGE_CURVE('',#62,#172,#198,.T.);
#198 = LINE('',#199,#200);
#199 = CARTESIAN_POINT('',(35.,-30.,0.));
#200 = VECTOR('',#201,1.);
#201 = DIRECTION('',(-0.,1.,0.));
#202 = ORIENTED_EDGE('',*,*,#171,.F.);
#203 = FACE_BOUND('',#204,.F.);
#204 = EDGE_LOOP('',(#205));
#205 = ORIENTED_EDGE('',*,*,#206,.F.);
#206 = EDGE_CURVE('',#207,#207,#209,.T.);
#207 = VERTEX_POINT('',#208);
#208 = CARTESIAN_POINT('',(-26.85,-24.,0.));
#209 = CIRCLE('',#210,2.15);
#210 = AXIS2_PLACEMENT_3D('',#211,#212,#213);
#211 = CARTESIAN_POINT('',(-29.,-24.,0.));
#212 = DIRECTION('',(0.,0.,1.));
#213 = DIRECTION('',(1.,0.,-0.));
#214 = FACE_BOUND('',#215,.F.);
#215 = EDGE_LOOP('',(#216));
#216 = ORIENTED_EDGE('',*,*,#217,.F.);
#217 = EDGE_CURVE('',#218,#218,#220,.T.);
#218 = VERTEX_POINT('',#219);
#219 = CARTESIAN_POINT('',(-3.255,-7.5,0.));
#220 = CIRCLE('',#221,2.8);
#221 = AXIS2_PLACEMENT_3D('',#222,#223,#224);
#222 = CARTESIAN_POINT('',(-6.055,-7.5,0.));
#223 = DIRECTION('',(0.,0.,1.));
#224 = DIRECTION('',(1.,0.,-0.));
#225 = FACE_BOUND('',#226,.F.);
#226 = EDGE_LOOP('',(#227));
#227 = ORIENTED_EDGE('',*,*,#228,.F.);
#228 = EDGE_CURVE('',#229,#229,#231,.T.);
#229 = VERTEX_POINT('',#230);
#230 = CARTESIAN_POINT('',(31.15,-24.,0.));
#231 = CIRCLE('',#232,2.15);
#232 = AXIS2_PLACEMENT_3D('',#233,#234,#235);
#233 = CARTESIAN_POINT('',(29.,-24.,0.));
#234 = DIRECTION('',(0.,0.,1.));
#235 = DIRECTION('',(1.,0.,-0.));
#236 = FACE_BOUND('',#237,.F.);
#237 = EDGE_LOOP('',(#238));
#238 = ORIENTED_EDGE('',*,*,#239,.F.);
#239 = EDGE_CURVE('',#240,#240,#242,.T.);
#240 = VERTEX_POINT('',#241);
#241 = CARTESIAN_POINT('',(-3.255,7.5,0.));
#242 = CIRCLE('',#243,2.8);
#243 = AXIS2_PLACEMENT_3D('',#244,#245,#246);
#244 = CARTESIAN_POINT('',(-6.055,7.5,0.));
#245 = DIRECTION('',(0.,0.,1.));
#246 = DIRECTION('',(1.,0.,-0.));
#247 = FACE_BOUND('',#248,.F.);
#248 = EDGE_LOOP('',(#249));
#249 = ORIENTED_EDGE('',*,*,#250,.F.);
#250 = EDGE_CURVE('',#251,#251,#253,.T.);
#251 = VERTEX_POINT('',#252);
#252 = CARTESIAN_POINT('',(-26.85,24.,0.));
#253 = CIRCLE('',#254,2.15);
#254 = AXIS2_PLACEMENT_3D('',#255,#256,#257);
#255 = CARTESIAN_POINT('',(-29.,24.,0.));
#256 = DIRECTION('',(0.,0.,1.));
#257 = DIRECTION('',(1.,0.,-0.));
#258 = FACE_BOUND('',#259,.F.);
#259 = EDGE_LOOP('',(#260));
#260 = ORIENTED_EDGE('',*,*,#261,.F.);
#261 = EDGE_CURVE('',#262,#262,#264,.T.);
#262 = VERTEX_POINT('',#263);
#263 = CARTESIAN_POINT('',(31.15,24.,0.));
#264 = CIRCLE('',#265,2.15);
#265 = AXIS2_PLACEMENT_3D('',#266,#267,#268);
#266 = CARTESIAN_POINT('',(29.,24.,0.));
#267 = DIRECTION('',(0.,0.,1.));
#268 = DIRECTION('',(1.,0.,-0.));
#269 = PLANE('',#270);
#270 = AXIS2_PLACEMENT_3D('',#271,#272,#273);
#271 = CARTESIAN_POINT('',(-35.,-30.,0.));
#272 = DIRECTION('',(0.,0.,1.));
#273 = DIRECTION('',(1.,0.,-0.));
#274 = ADVANCED_FACE('',(#275),#281,.T.);
#275 = FACE_BOUND('',#276,.T.);
#276 = EDGE_LOOP('',(#277,#278,#279,#280));
#277 = ORIENTED_EDGE('',*,*,#78,.F.);
#278 = ORIENTED_EDGE('',*,*,#197,.T.);
#279 = ORIENTED_EDGE('',*,*,#181,.T.);
#280 = ORIENTED_EDGE('',*,*,#94,.F.);
#281 = PLANE('',#282);
#282 = AXIS2_PLACEMENT_3D('',#283,#284,#285);
#283 = CARTESIAN_POINT('',(35.,-30.,0.));
#284 = DIRECTION('',(1.,0.,-0.));
#285 = DIRECTION('',(0.,0.,1.));
#286 = ADVANCED_FACE('',(#287),#298,.F.);
#287 = FACE_BOUND('',#288,.F.);
#288 = EDGE_LOOP('',(#289,#290,#296,#297));
#289 = ORIENTED_EDGE('',*,*,#110,.F.);
#290 = ORIENTED_EDGE('',*,*,#291,.F.);
#291 = EDGE_CURVE('',#207,#111,#292,.T.);
#292 = LINE('',#293,#294);
#293 = CARTESIAN_POINT('',(-26.85,-24.,-1.));
#294 = VECTOR('',#295,1.);
#295 = DIRECTION('',(0.,0.,1.));
#296 = ORIENTED_EDGE('',*,*,#206,.T.);
#297 = ORIENTED_EDGE('',*,*,#291,.T.);
#298 = CYLINDRICAL_SURFACE('',#299,2.15);
#299 = AXIS2_PLACEMENT_3D('',#300,#301,#302);
#300 = CARTESIAN_POINT('',(-29.,-24.,-1.));
#301 = DIRECTION('',(0.,0.,1.));
#302 = DIRECTION('',(1.,0.,-0.));
#303 = ADVANCED_FACE('',(#304),#315,.F.);
#304 = FACE_BOUND('',#305,.F.);
#305 = EDGE_LOOP('',(#306,#307,#313,#314));
#306 = ORIENTED_EDGE('',*,*,#121,.F.);
#307 = ORIENTED_EDGE('',*,*,#308,.F.);
#308 = EDGE_CURVE('',#229,#122,#309,.T.);
#309 = LINE('',#310,#311);
#310 = CARTESIAN_POINT('',(31.15,-24.,-1.));
#311 = VECTOR('',#312,1.);
#312 = DIRECTION('',(0.,0.,1.));
#313 = ORIENTED_EDGE('',*,*,#228,.T.);
#314 = ORIENTED_EDGE('',*,*,#308,.T.);
#315 = CYLINDRICAL_SURFACE('',#316,2.15);
#316 = AXIS2_PLACEMENT_3D('',#317,#318,#319);
#317 = CARTESIAN_POINT('',(29.,-24.,-1.));
#318 = DIRECTION('',(0.,0.,1.));
#319 = DIRECTION('',(1.,0.,-0.));
#320 = ADVANCED_FACE('',(#321),#340,.F.);
#321 = FACE_BOUND('',#322,.F.);
#322 = EDGE_LOOP('',(#323,#324,#332,#339));
#323 = ORIENTED_EDGE('',*,*,#132,.F.);
#324 = ORIENTED_EDGE('',*,*,#325,.F.);
#325 = EDGE_CURVE('',#326,#133,#328,.T.);
#326 = VERTEX_POINT('',#327);
#327 = CARTESIAN_POINT('',(20.85,-5.106777152444E-15,13.875));
#328 = LINE('',#329,#330);
#329 = CARTESIAN_POINT('',(20.85,-5.106777152444E-15,13.875));
#330 = VECTOR('',#331,1.);
#331 = DIRECTION('',(0.,0.,1.));
#332 = ORIENTED_EDGE('',*,*,#333,.T.);
#333 = EDGE_CURVE('',#326,#326,#334,.T.);
#334 = CIRCLE('',#335,20.85);
#335 = AXIS2_PLACEMENT_3D('',#336,#337,#338);
#336 = CARTESIAN_POINT('',(0.,0.,13.875));
#337 = DIRECTION('',(0.,0.,1.));
#338 = DIRECTION('',(1.,0.,-0.));
#339 = ORIENTED_EDGE('',*,*,#325,.T.);
#340 = CYLINDRICAL_SURFACE('',#341,20.85);
#341 = AXIS2_PLACEMENT_3D('',#342,#343,#344);
#342 = CARTESIAN_POINT('',(0.,0.,13.875));
#343 = DIRECTION('',(0.,0.,1.));
#344 = DIRECTION('',(1.,0.,-0.));
#345 = ADVANCED_FACE('',(#346),#357,.F.);
#346 = FACE_BOUND('',#347,.F.);
#347 = EDGE_LOOP('',(#348,#349,#355,#356));
#348 = ORIENTED_EDGE('',*,*,#143,.F.);
#349 = ORIENTED_EDGE('',*,*,#350,.F.);
#350 = EDGE_CURVE('',#251,#144,#351,.T.);
#351 = LINE('',#352,#353);
#352 = CARTESIAN_POINT('',(-26.85,24.,-1.));
#353 = VECTOR('',#354,1.);
#354 = DIRECTION('',(0.,0.,1.));
#355 = ORIENTED_EDGE('',*,*,#250,.T.);
#356 = ORIENTED_EDGE('',*,*,#350,.T.);
#357 = CYLINDRICAL_SURFACE('',#358,2.15);
#358 = AXIS2_PLACEMENT_3D('',#359,#360,#361);
#359 = CARTESIAN_POINT('',(-29.,24.,-1.));
#360 = DIRECTION('',(0.,0.,1.));
#361 = DIRECTION('',(1.,0.,-0.));
#362 = ADVANCED_FACE('',(#363),#374,.F.);
#363 = FACE_BOUND('',#364,.F.);
#364 = EDGE_LOOP('',(#365,#366,#372,#373));
#365 = ORIENTED_EDGE('',*,*,#154,.F.);
#366 = ORIENTED_EDGE('',*,*,#367,.F.);
#367 = EDGE_CURVE('',#262,#155,#368,.T.);
#368 = LINE('',#369,#370);
#369 = CARTESIAN_POINT('',(31.15,24.,-1.));
#370 = VECTOR('',#371,1.);
#371 = DIRECTION('',(0.,0.,1.));
#372 = ORIENTED_EDGE('',*,*,#261,.T.);
#373 = ORIENTED_EDGE('',*,*,#367,.T.);
#374 = CYLINDRICAL_SURFACE('',#375,2.15);
#375 = AXIS2_PLACEMENT_3D('',#376,#377,#378);
#376 = CARTESIAN_POINT('',(29.,24.,-1.));
#377 = DIRECTION('',(0.,0.,1.));
#378 = DIRECTION('',(1.,0.,-0.));
#379 = ADVANCED_FACE('',(#380),#399,.F.);
#380 = FACE_BOUND('',#381,.F.);
#381 = EDGE_LOOP('',(#382,#391,#397,#398));
#382 = ORIENTED_EDGE('',*,*,#383,.F.);
#383 = EDGE_CURVE('',#384,#384,#386,.T.);
#384 = VERTEX_POINT('',#385);
#385 = CARTESIAN_POINT('',(-3.255,-7.5,8.));
#386 = CIRCLE('',#387,2.8);
#387 = AXIS2_PLACEMENT_3D('',#388,#389,#390);
#388 = CARTESIAN_POINT('',(-6.055,-7.5,8.));
#389 = DIRECTION('',(0.,0.,1.));
#390 = DIRECTION('',(1.,0.,-0.));
#391 = ORIENTED_EDGE('',*,*,#392,.F.);
#392 = EDGE_CURVE('',#218,#384,#393,.T.);
#393 = LINE('',#394,#395);
#394 = CARTESIAN_POINT('',(-3.255,-7.5,0.));
#395 = VECTOR('',#396,1.);
#396 = DIRECTION('',(0.,0.,1.));
#397 = ORIENTED_EDGE('',*,*,#217,.T.);
#398 = ORIENTED_EDGE('',*,*,#392,.T.);
#399 = CYLINDRICAL_SURFACE('',#400,2.8);
#400 = AXIS2_PLACEMENT_3D('',#401,#402,#403);
#401 = CARTESIAN_POINT('',(-6.055,-7.5,0.));
#402 = DIRECTION('',(0.,0.,1.));
#403 = DIRECTION('',(1.,0.,-0.));
#404 = ADVANCED_FACE('',(#405),#424,.F.);
#405 = FACE_BOUND('',#406,.F.);
#406 = EDGE_LOOP('',(#407,#416,#422,#423));
#407 = ORIENTED_EDGE('',*,*,#408,.F.);
#408 = EDGE_CURVE('',#409,#409,#411,.T.);
#409 = VERTEX_POINT('',#410);
#410 = CARTESIAN_POINT('',(-3.255,7.5,8.));
#411 = CIRCLE('',#412,2.8);
#412 = AXIS2_PLACEMENT_3D('',#413,#414,#415);
#413 = CARTESIAN_POINT('',(-6.055,7.5,8.));
#414 = DIRECTION('',(0.,0.,1.));
#415 = DIRECTION('',(1.,0.,-0.));
#416 = ORIENTED_EDGE('',*,*,#417,.F.);
#417 = EDGE_CURVE('',#240,#409,#418,.T.);
#418 = LINE('',#419,#420);
#419 = CARTESIAN_POINT('',(-3.255,7.5,0.));
#420 = VECTOR('',#421,1.);
#421 = DIRECTION('',(0.,0.,1.));
#422 = ORIENTED_EDGE('',*,*,#239,.T.);
#423 = ORIENTED_EDGE('',*,*,#417,.T.);
#424 = CYLINDRICAL_SURFACE('',#425,2.8);
#425 = AXIS2_PLACEMENT_3D('',#426,#427,#428);
#426 = CARTESIAN_POINT('',(-6.055,7.5,0.));
#427 = DIRECTION('',(0.,0.,1.));
#428 = DIRECTION('',(1.,0.,-0.));
#429 = ADVANCED_FACE('',(#430,#433),#444,.T.);
#430 = FACE_BOUND('',#431,.T.);
#431 = EDGE_LOOP('',(#432));
#432 = ORIENTED_EDGE('',*,*,#333,.T.);
#433 = FACE_BOUND('',#434,.T.);
#434 = EDGE_LOOP('',(#435));
#435 = ORIENTED_EDGE('',*,*,#436,.F.);
#436 = EDGE_CURVE('',#437,#437,#439,.T.);
#437 = VERTEX_POINT('',#438);
#438 = CARTESIAN_POINT('',(19.15,-4.690397240734E-15,13.875));
#439 = CIRCLE('',#440,19.15);
#440 = AXIS2_PLACEMENT_3D('',#441,#442,#443);
#441 = CARTESIAN_POINT('',(0.,0.,13.875));
#442 = DIRECTION('',(0.,0.,1.));
#443 = DIRECTION('',(1.,0.,-0.));
#444 = PLANE('',#445);
#445 = AXIS2_PLACEMENT_3D('',#446,#447,#448);
#446 = CARTESIAN_POINT('',(0.,0.,13.875));
#447 = DIRECTION('',(0.,0.,1.));
#448 = DIRECTION('',(1.,0.,-0.));
#449 = ADVANCED_FACE('',(#450,#453),#464,.F.);
#450 = FACE_BOUND('',#451,.F.);
#451 = EDGE_LOOP('',(#452));
#452 = ORIENTED_EDGE('',*,*,#383,.T.);
#453 = FACE_BOUND('',#454,.F.);
#454 = EDGE_LOOP('',(#455));
#455 = ORIENTED_EDGE('',*,*,#456,.F.);
#456 = EDGE_CURVE('',#457,#457,#459,.T.);
#457 = VERTEX_POINT('',#458);
#458 = CARTESIAN_POINT('',(-4.855,-7.5,8.));
#459 = CIRCLE('',#460,1.2);
#460 = AXIS2_PLACEMENT_3D('',#461,#462,#463);
#461 = CARTESIAN_POINT('',(-6.055,-7.5,8.));
#462 = DIRECTION('',(0.,0.,1.));
#463 = DIRECTION('',(1.,0.,-0.));
#464 = PLANE('',#465);
#465 = AXIS2_PLACEMENT_3D('',#466,#467,#468);
#466 = CARTESIAN_POINT('',(-6.055,-7.5,8.));
#467 = DIRECTION('',(0.,0.,1.));
#468 = DIRECTION('',(1.,0.,-0.));
#469 = ADVANCED_FACE('',(#470,#473),#484,.F.);
#470 = FACE_BOUND('',#471,.F.);
#471 = EDGE_LOOP('',(#472));
#472 = ORIENTED_EDGE('',*,*,#408,.T.);
#473 = FACE_BOUND('',#474,.F.);
#474 = EDGE_LOOP('',(#475));
#475 = ORIENTED_EDGE('',*,*,#476,.F.);
#476 = EDGE_CURVE('',#477,#477,#479,.T.);
#477 = VERTEX_POINT('',#478);
#478 = CARTESIAN_POINT('',(-4.855,7.5,8.));
#479 = CIRCLE('',#480,1.2);
#480 = AXIS2_PLACEMENT_3D('',#481,#482,#483);
#481 = CARTESIAN_POINT('',(-6.055,7.5,8.));
#482 = DIRECTION('',(0.,0.,1.));
#483 = DIRECTION('',(1.,0.,-0.));
#484 = PLANE('',#485);
#485 = AXIS2_PLACEMENT_3D('',#486,#487,#488);
#486 = CARTESIAN_POINT('',(-6.055,7.5,8.));
#487 = DIRECTION('',(0.,0.,1.));
#488 = DIRECTION('',(1.,0.,-0.));
#489 = ADVANCED_FACE('',(#490),#509,.T.);
#490 = FACE_BOUND('',#491,.T.);
#491 = EDGE_LOOP('',(#492,#501,#507,#508));
#492 = ORIENTED_EDGE('',*,*,#493,.F.);
#493 = EDGE_CURVE('',#494,#494,#496,.T.);
#494 = VERTEX_POINT('',#495);
#495 = CARTESIAN_POINT('',(19.15,-4.690397240734E-15,15.));
#496 = CIRCLE('',#497,19.15);
#497 = AXIS2_PLACEMENT_3D('',#498,#499,#500);
#498 = CARTESIAN_POINT('',(0.,0.,15.));
#499 = DIRECTION('',(0.,0.,1.));
#500 = DIRECTION('',(1.,0.,-0.));
#501 = ORIENTED_EDGE('',*,*,#502,.F.);
#502 = EDGE_CURVE('',#437,#494,#503,.T.);
#503 = LINE('',#504,#505);
#504 = CARTESIAN_POINT('',(19.15,-4.690397240734E-15,13.875));
#505 = VECTOR('',#506,1.);
#506 = DIRECTION('',(0.,0.,1.));
#507 = ORIENTED_EDGE('',*,*,#436,.T.);
#508 = ORIENTED_EDGE('',*,*,#502,.T.);
#509 = CYLINDRICAL_SURFACE('',#510,19.15);
#510 = AXIS2_PLACEMENT_3D('',#511,#512,#513);
#511 = CARTESIAN_POINT('',(0.,0.,13.875));
#512 = DIRECTION('',(0.,0.,1.));
#513 = DIRECTION('',(1.,0.,-0.));
#514 = ADVANCED_FACE('',(#515),#552,.F.);
#515 = FACE_BOUND('',#516,.F.);
#516 = EDGE_LOOP('',(#517,#525,#534,#543,#550,#551));
#517 = ORIENTED_EDGE('',*,*,#518,.T.);
#518 = EDGE_CURVE('',#457,#519,#521,.T.);
#519 = VERTEX_POINT('',#520);
#520 = CARTESIAN_POINT('',(-4.855,-7.5,14.5));
#521 = LINE('',#522,#523);
#522 = CARTESIAN_POINT('',(-4.855,-7.5,8.));
#523 = VECTOR('',#524,1.);
#524 = DIRECTION('',(0.,0.,1.));
#525 = ORIENTED_EDGE('',*,*,#526,.F.);
#526 = EDGE_CURVE('',#527,#519,#529,.T.);
#527 = VERTEX_POINT('',#528);
#528 = CARTESIAN_POINT('',(-4.964128788536,-8.,14.5));
#529 = CIRCLE('',#530,1.2);
#530 = AXIS2_PLACEMENT_3D('',#531,#532,#533);
#531 = CARTESIAN_POINT('',(-6.055,-7.5,14.5));
#532 = DIRECTION('',(0.,0.,1.));
#533 = DIRECTION('',(1.,0.,-0.));
#534 = ORIENTED_EDGE('',*,*,#535,.F.);
#535 = EDGE_CURVE('',#536,#527,#538,.T.);
#536 = VERTEX_POINT('',#537);
#537 = CARTESIAN_POINT('',(-4.964128788536,-7.,14.5));
#538 = CIRCLE('',#539,1.2);
#539 = AXIS2_PLACEMENT_3D('',#540,#541,#542);
#540 = CARTESIAN_POINT('',(-6.055,-7.5,14.5));
#541 = DIRECTION('',(0.,0.,1.));
#542 = DIRECTION('',(1.,0.,-0.));
#543 = ORIENTED_EDGE('',*,*,#544,.F.);
#544 = EDGE_CURVE('',#519,#536,#545,.T.);
#545 = CIRCLE('',#546,1.2);
#546 = AXIS2_PLACEMENT_3D('',#547,#548,#549);
#547 = CARTESIAN_POINT('',(-6.055,-7.5,14.5));
#548 = DIRECTION('',(0.,0.,1.));
#549 = DIRECTION('',(1.,0.,-0.));
#550 = ORIENTED_EDGE('',*,*,#518,.F.);
#551 = ORIENTED_EDGE('',*,*,#456,.T.);
#552 = CYLINDRICAL_SURFACE('',#553,1.2);
#553 = AXIS2_PLACEMENT_3D('',#554,#555,#556);
#554 = CARTESIAN_POINT('',(-6.055,-7.5,8.));
#555 = DIRECTION('',(0.,0.,1.));
#556 = DIRECTION('',(1.,0.,-0.));
#557 = ADVANCED_FACE('',(#558),#595,.F.);
#558 = FACE_BOUND('',#559,.F.);
#559 = EDGE_LOOP('',(#560,#568,#577,#586,#593,#594));
#560 = ORIENTED_EDGE('',*,*,#561,.T.);
#561 = EDGE_CURVE('',#477,#562,#564,.T.);
#562 = VERTEX_POINT('',#563);
#563 = CARTESIAN_POINT('',(-4.855,7.5,14.5));
#564 = LINE('',#565,#566);
#565 = CARTESIAN_POINT('',(-4.855,7.5,8.));
#566 = VECTOR('',#567,1.);
#567 = DIRECTION('',(0.,0.,1.));
#568 = ORIENTED_EDGE('',*,*,#569,.F.);
#569 = EDGE_CURVE('',#570,#562,#572,.T.);
#570 = VERTEX_POINT('',#571);
#571 = CARTESIAN_POINT('',(-4.964128788536,7.,14.5));
#572 = CIRCLE('',#573,1.2);
#573 = AXIS2_PLACEMENT_3D('',#574,#575,#576);
#574 = CARTESIAN_POINT('',(-6.055,7.5,14.5));
#575 = DIRECTION('',(0.,0.,1.));
#576 = DIRECTION('',(1.,0.,-0.));
#577 = ORIENTED_EDGE('',*,*,#578,.F.);
#578 = EDGE_CURVE('',#579,#570,#581,.T.);
#579 = VERTEX_POINT('',#580);
#580 = CARTESIAN_POINT('',(-4.964128788536,8.,14.5));
#581 = CIRCLE('',#582,1.2);
#582 = AXIS2_PLACEMENT_3D('',#583,#584,#585);
#583 = CARTESIAN_POINT('',(-6.055,7.5,14.5));
#584 = DIRECTION('',(0.,0.,1.));
#585 = DIRECTION('',(1.,0.,-0.));
#586 = ORIENTED_EDGE('',*,*,#587,.F.);
#587 = EDGE_CURVE('',#562,#579,#588,.T.);
#588 = CIRCLE('',#589,1.2);
#589 = AXIS2_PLACEMENT_3D('',#590,#591,#592);
#590 = CARTESIAN_POINT('',(-6.055,7.5,14.5));
#591 = DIRECTION('',(0.,0.,1.));
#592 = DIRECTION('',(1.,0.,-0.));
#593 = ORIENTED_EDGE('',*,*,#561,.F.);
#594 = ORIENTED_EDGE('',*,*,#476,.T.);
#595 = CYLINDRICAL_SURFACE('',#596,1.2);
#596 = AXIS2_PLACEMENT_3D('',#597,#598,#599);
#597 = CARTESIAN_POINT('',(-6.055,7.5,8.));
#598 = DIRECTION('',(0.,0.,1.));
#599 = DIRECTION('',(1.,0.,-0.));
#600 = ADVANCED_FACE('',(#601,#604),#776,.T.);
#601 = FACE_BOUND('',#602,.T.);
#602 = EDGE_LOOP('',(#603));
#603 = ORIENTED_EDGE('',*,*,#493,.T.);
#604 = FACE_BOUND('',#605,.T.);
#605 = EDGE_LOOP('',(#606,#616,#624,#632,#641,#650,#658,#667,#675,#684,
    #693,#701,#709,#717,#726,#735,#743,#752,#760,#769));
#606 = ORIENTED_EDGE('',*,*,#607,.F.);
#607 = EDGE_CURVE('',#608,#610,#612,.T.);
#608 = VERTEX_POINT('',#609);
#609 = CARTESIAN_POINT('',(-7.055,-8.,15.));
#610 = VERTEX_POINT('',#611);
#611 = CARTESIAN_POINT('',(7.055,-8.,15.));
#612 = LINE('',#613,#614);
#613 = CARTESIAN_POINT('',(-7.055,-8.,15.));
#614 = VECTOR('',#615,1.);
#615 = DIRECTION('',(1.,0.,-0.));
#616 = ORIENTED_EDGE('',*,*,#617,.T.);
#617 = EDGE_CURVE('',#608,#618,#620,.T.);
#618 = VERTEX_POINT('',#619);
#619 = CARTESIAN_POINT('',(-7.055,-7.,15.));
#620 = LINE('',#621,#622);
#621 = CARTESIAN_POINT('',(-7.055,-8.,15.));
#622 = VECTOR('',#623,1.);
#623 = DIRECTION('',(-0.,1.,0.));
#624 = ORIENTED_EDGE('',*,*,#625,.T.);
#625 = EDGE_CURVE('',#618,#626,#628,.T.);
#626 = VERTEX_POINT('',#627);
#627 = CARTESIAN_POINT('',(7.055,-7.,15.));
#628 = LINE('',#629,#630);
#629 = CARTESIAN_POINT('',(-7.055,-7.,15.));
#630 = VECTOR('',#631,1.);
#631 = DIRECTION('',(1.,0.,-0.));
#632 = ORIENTED_EDGE('',*,*,#633,.T.);
#633 = EDGE_CURVE('',#626,#634,#636,.T.);
#634 = VERTEX_POINT('',#635);
#635 = CARTESIAN_POINT('',(9.055,-5.,15.));
#636 = CIRCLE('',#637,2.);
#637 = AXIS2_PLACEMENT_3D('',#638,#639,#640);
#638 = CARTESIAN_POINT('',(7.055,-5.,15.));
#639 = DIRECTION('',(0.,0.,1.));
#640 = DIRECTION('',(1.,0.,-0.));
#641 = ORIENTED_EDGE('',*,*,#642,.T.);
#642 = EDGE_CURVE('',#634,#643,#645,.T.);
#643 = VERTEX_POINT('',#644);
#644 = CARTESIAN_POINT('',(7.055,-3.,15.));
#645 = CIRCLE('',#646,2.);
#646 = AXIS2_PLACEMENT_3D('',#647,#648,#649);
#647 = CARTESIAN_POINT('',(7.055,-5.,15.));
#648 = DIRECTION('',(0.,0.,1.));
#649 = DIRECTION('',(1.,0.,-0.));
#650 = ORIENTED_EDGE('',*,*,#651,.F.);
#651 = EDGE_CURVE('',#652,#643,#654,.T.);
#652 = VERTEX_POINT('',#653);
#653 = CARTESIAN_POINT('',(-7.055,-3.,15.));
#654 = LINE('',#655,#656);
#655 = CARTESIAN_POINT('',(-7.055,-3.,15.));
#656 = VECTOR('',#657,1.);
#657 = DIRECTION('',(1.,0.,-0.));
#658 = ORIENTED_EDGE('',*,*,#659,.F.);
#659 = EDGE_CURVE('',#660,#652,#662,.T.);
#660 = VERTEX_POINT('',#661);
#661 = CARTESIAN_POINT('',(-7.055,3.,15.));
#662 = CIRCLE('',#663,3.);
#663 = AXIS2_PLACEMENT_3D('',#664,#665,#666);
#664 = CARTESIAN_POINT('',(-7.055,0.,15.));
#665 = DIRECTION('',(0.,0.,1.));
#666 = DIRECTION('',(1.,0.,-0.));
#667 = ORIENTED_EDGE('',*,*,#668,.T.);
#668 = EDGE_CURVE('',#660,#669,#671,.T.);
#669 = VERTEX_POINT('',#670);
#670 = CARTESIAN_POINT('',(7.055,3.,15.));
#671 = LINE('',#672,#673);
#672 = CARTESIAN_POINT('',(-7.055,3.,15.));
#673 = VECTOR('',#674,1.);
#674 = DIRECTION('',(1.,0.,-0.));
#675 = ORIENTED_EDGE('',*,*,#676,.T.);
#676 = EDGE_CURVE('',#669,#677,#679,.T.);
#677 = VERTEX_POINT('',#678);
#678 = CARTESIAN_POINT('',(9.055,5.,15.));
#679 = CIRCLE('',#680,2.);
#680 = AXIS2_PLACEMENT_3D('',#681,#682,#683);
#681 = CARTESIAN_POINT('',(7.055,5.,15.));
#682 = DIRECTION('',(0.,0.,1.));
#683 = DIRECTION('',(1.,0.,-0.));
#684 = ORIENTED_EDGE('',*,*,#685,.T.);
#685 = EDGE_CURVE('',#677,#686,#688,.T.);
#686 = VERTEX_POINT('',#687);
#687 = CARTESIAN_POINT('',(7.055,7.,15.));
#688 = CIRCLE('',#689,2.);
#689 = AXIS2_PLACEMENT_3D('',#690,#691,#692);
#690 = CARTESIAN_POINT('',(7.055,5.,15.));
#691 = DIRECTION('',(0.,0.,1.));
#692 = DIRECTION('',(1.,0.,-0.));
#693 = ORIENTED_EDGE('',*,*,#694,.F.);
#694 = EDGE_CURVE('',#695,#686,#697,.T.);
#695 = VERTEX_POINT('',#696);
#696 = CARTESIAN_POINT('',(-7.055,7.,15.));
#697 = LINE('',#698,#699);
#698 = CARTESIAN_POINT('',(-7.055,7.,15.));
#699 = VECTOR('',#700,1.);
#700 = DIRECTION('',(1.,0.,-0.));
#701 = ORIENTED_EDGE('',*,*,#702,.T.);
#702 = EDGE_CURVE('',#695,#703,#705,.T.);
#703 = VERTEX_POINT('',#704);
#704 = CARTESIAN_POINT('',(-7.055,8.,15.));
#705 = LINE('',#706,#707);
#706 = CARTESIAN_POINT('',(-7.055,7.,15.));
#707 = VECTOR('',#708,1.);
#708 = DIRECTION('',(-0.,1.,0.));
#709 = ORIENTED_EDGE('',*,*,#710,.T.);
#710 = EDGE_CURVE('',#703,#711,#713,.T.);
#711 = VERTEX_POINT('',#712);
#712 = CARTESIAN_POINT('',(7.055,8.,15.));
#713 = LINE('',#714,#715);
#714 = CARTESIAN_POINT('',(-7.055,8.,15.));
#715 = VECTOR('',#716,1.);
#716 = DIRECTION('',(1.,0.,-0.));
#717 = ORIENTED_EDGE('',*,*,#718,.F.);
#718 = EDGE_CURVE('',#719,#711,#721,.T.);
#719 = VERTEX_POINT('',#720);
#720 = CARTESIAN_POINT('',(10.055,5.,15.));
#721 = CIRCLE('',#722,3.);
#722 = AXIS2_PLACEMENT_3D('',#723,#724,#725);
#723 = CARTESIAN_POINT('',(7.055,5.,15.));
#724 = DIRECTION('',(0.,0.,1.));
#725 = DIRECTION('',(1.,0.,-0.));
#726 = ORIENTED_EDGE('',*,*,#727,.F.);
#727 = EDGE_CURVE('',#728,#719,#730,.T.);
#728 = VERTEX_POINT('',#729);
#729 = CARTESIAN_POINT('',(7.055,2.,15.));
#730 = CIRCLE('',#731,3.);
#731 = AXIS2_PLACEMENT_3D('',#732,#733,#734);
#732 = CARTESIAN_POINT('',(7.055,5.,15.));
#733 = DIRECTION('',(0.,0.,1.));
#734 = DIRECTION('',(1.,0.,-0.));
#735 = ORIENTED_EDGE('',*,*,#736,.F.);
#736 = EDGE_CURVE('',#737,#728,#739,.T.);
#737 = VERTEX_POINT('',#738);
#738 = CARTESIAN_POINT('',(-7.055,2.,15.));
#739 = LINE('',#740,#741);
#740 = CARTESIAN_POINT('',(-7.055,2.,15.));
#741 = VECTOR('',#742,1.);
#742 = DIRECTION('',(1.,0.,-0.));
#743 = ORIENTED_EDGE('',*,*,#744,.T.);
#744 = EDGE_CURVE('',#737,#745,#747,.T.);
#745 = VERTEX_POINT('',#746);
#746 = CARTESIAN_POINT('',(-7.055,-2.,15.));
#747 = CIRCLE('',#748,2.);
#748 = AXIS2_PLACEMENT_3D('',#749,#750,#751);
#749 = CARTESIAN_POINT('',(-7.055,0.,15.));
#750 = DIRECTION('',(0.,0.,1.));
#751 = DIRECTION('',(1.,0.,-0.));
#752 = ORIENTED_EDGE('',*,*,#753,.T.);
#753 = EDGE_CURVE('',#745,#754,#756,.T.);
#754 = VERTEX_POINT('',#755);
#755 = CARTESIAN_POINT('',(7.055,-2.,15.));
#756 = LINE('',#757,#758);
#757 = CARTESIAN_POINT('',(-7.055,-2.,15.));
#758 = VECTOR('',#759,1.);
#759 = DIRECTION('',(1.,0.,-0.));
#760 = ORIENTED_EDGE('',*,*,#761,.F.);
#761 = EDGE_CURVE('',#762,#754,#764,.T.);
#762 = VERTEX_POINT('',#763);
#763 = CARTESIAN_POINT('',(10.055,-5.,15.));
#764 = CIRCLE('',#765,3.);
#765 = AXIS2_PLACEMENT_3D('',#766,#767,#768);
#766 = CARTESIAN_POINT('',(7.055,-5.,15.));
#767 = DIRECTION('',(0.,0.,1.));
#768 = DIRECTION('',(1.,0.,-0.));
#769 = ORIENTED_EDGE('',*,*,#770,.F.);
#770 = EDGE_CURVE('',#610,#762,#771,.T.);
#771 = CIRCLE('',#772,3.);
#772 = AXIS2_PLACEMENT_3D('',#773,#774,#775);
#773 = CARTESIAN_POINT('',(7.055,-5.,15.));
#774 = DIRECTION('',(0.,0.,1.));
#775 = DIRECTION('',(1.,0.,-0.));
#776 = PLANE('',#777);
#777 = AXIS2_PLACEMENT_3D('',#778,#779,#780);
#778 = CARTESIAN_POINT('',(-35.,-30.,15.));
#779 = DIRECTION('',(0.,0.,1.));
#780 = DIRECTION('',(1.,0.,-0.));
#781 = ADVANCED_FACE('',(#782),#938,.F.);
#782 = FACE_BOUND('',#783,.F.);
#783 = EDGE_LOOP('',(#784,#792,#793,#794,#802,#811,#820,#828,#837,#845,
    #854,#863,#869,#870,#871,#879,#888,#897,#905,#914,#922,#931));
#784 = ORIENTED_EDGE('',*,*,#785,.F.);
#785 = EDGE_CURVE('',#527,#786,#788,.T.);
#786 = VERTEX_POINT('',#787);
#787 = CARTESIAN_POINT('',(7.055,-8.,14.5));
#788 = LINE('',#789,#790);
#789 = CARTESIAN_POINT('',(-7.055,-8.,14.5));
#790 = VECTOR('',#791,1.);
#791 = DIRECTION('',(1.,0.,-0.));
#792 = ORIENTED_EDGE('',*,*,#526,.T.);
#793 = ORIENTED_EDGE('',*,*,#544,.T.);
#794 = ORIENTED_EDGE('',*,*,#795,.T.);
#795 = EDGE_CURVE('',#536,#796,#798,.T.);
#796 = VERTEX_POINT('',#797);
#797 = CARTESIAN_POINT('',(7.055,-7.,14.5));
#798 = LINE('',#799,#800);
#799 = CARTESIAN_POINT('',(-7.055,-7.,14.5));
#800 = VECTOR('',#801,1.);
#801 = DIRECTION('',(1.,0.,-0.));
#802 = ORIENTED_EDGE('',*,*,#803,.T.);
#803 = EDGE_CURVE('',#796,#804,#806,.T.);
#804 = VERTEX_POINT('',#805);
#805 = CARTESIAN_POINT('',(9.055,-5.,14.5));
#806 = CIRCLE('',#807,2.);
#807 = AXIS2_PLACEMENT_3D('',#808,#809,#810);
#808 = CARTESIAN_POINT('',(7.055,-5.,14.5));
#809 = DIRECTION('',(0.,0.,1.));
#810 = DIRECTION('',(1.,0.,-0.));
#811 = ORIENTED_EDGE('',*,*,#812,.T.);
#812 = EDGE_CURVE('',#804,#813,#815,.T.);
#813 = VERTEX_POINT('',#814);
#814 = CARTESIAN_POINT('',(7.055,-3.,14.5));
#815 = CIRCLE('',#816,2.);
#816 = AXIS2_PLACEMENT_3D('',#817,#818,#819);
#817 = CARTESIAN_POINT('',(7.055,-5.,14.5));
#818 = DIRECTION('',(0.,0.,1.));
#819 = DIRECTION('',(1.,0.,-0.));
#820 = ORIENTED_EDGE('',*,*,#821,.F.);
#821 = EDGE_CURVE('',#822,#813,#824,.T.);
#822 = VERTEX_POINT('',#823);
#823 = CARTESIAN_POINT('',(-7.055,-3.,14.5));
#824 = LINE('',#825,#826);
#825 = CARTESIAN_POINT('',(-7.055,-3.,14.5));
#826 = VECTOR('',#827,1.);
#827 = DIRECTION('',(1.,0.,-0.));
#828 = ORIENTED_EDGE('',*,*,#829,.F.);
#829 = EDGE_CURVE('',#830,#822,#832,.T.);
#830 = VERTEX_POINT('',#831);
#831 = CARTESIAN_POINT('',(-7.055,3.,14.5));
#832 = CIRCLE('',#833,3.);
#833 = AXIS2_PLACEMENT_3D('',#834,#835,#836);
#834 = CARTESIAN_POINT('',(-7.055,0.,14.5));
#835 = DIRECTION('',(0.,0.,1.));
#836 = DIRECTION('',(1.,0.,-0.));
#837 = ORIENTED_EDGE('',*,*,#838,.T.);
#838 = EDGE_CURVE('',#830,#839,#841,.T.);
#839 = VERTEX_POINT('',#840);
#840 = CARTESIAN_POINT('',(7.055,3.,14.5));
#841 = LINE('',#842,#843);
#842 = CARTESIAN_POINT('',(-7.055,3.,14.5));
#843 = VECTOR('',#844,1.);
#844 = DIRECTION('',(1.,0.,-0.));
#845 = ORIENTED_EDGE('',*,*,#846,.T.);
#846 = EDGE_CURVE('',#839,#847,#849,.T.);
#847 = VERTEX_POINT('',#848);
#848 = CARTESIAN_POINT('',(9.055,5.,14.5));
#849 = CIRCLE('',#850,2.);
#850 = AXIS2_PLACEMENT_3D('',#851,#852,#853);
#851 = CARTESIAN_POINT('',(7.055,5.,14.5));
#852 = DIRECTION('',(0.,0.,1.));
#853 = DIRECTION('',(1.,0.,-0.));
#854 = ORIENTED_EDGE('',*,*,#855,.T.);
#855 = EDGE_CURVE('',#847,#856,#858,.T.);
#856 = VERTEX_POINT('',#857);
#857 = CARTESIAN_POINT('',(7.055,7.,14.5));
#858 = CIRCLE('',#859,2.);
#859 = AXIS2_PLACEMENT_3D('',#860,#861,#862);
#860 = CARTESIAN_POINT('',(7.055,5.,14.5));
#861 = DIRECTION('',(0.,0.,1.));
#862 = DIRECTION('',(1.,0.,-0.));
#863 = ORIENTED_EDGE('',*,*,#864,.F.);
#864 = EDGE_CURVE('',#570,#856,#865,.T.);
#865 = LINE('',#866,#867);
#866 = CARTESIAN_POINT('',(-7.055,7.,14.5));
#867 = VECTOR('',#868,1.);
#868 = DIRECTION('',(1.,0.,-0.));
#869 = ORIENTED_EDGE('',*,*,#569,.T.);
#870 = ORIENTED_EDGE('',*,*,#587,.T.);
#871 = ORIENTED_EDGE('',*,*,#872,.T.);
#872 = EDGE_CURVE('',#579,#873,#875,.T.);
#873 = VERTEX_POINT('',#874);
#874 = CARTESIAN_POINT('',(7.055,8.,14.5));
#875 = LINE('',#876,#877);
#876 = CARTESIAN_POINT('',(-7.055,8.,14.5));
#877 = VECTOR('',#878,1.);
#878 = DIRECTION('',(1.,0.,-0.));
#879 = ORIENTED_EDGE('',*,*,#880,.F.);
#880 = EDGE_CURVE('',#881,#873,#883,.T.);
#881 = VERTEX_POINT('',#882);
#882 = CARTESIAN_POINT('',(10.055,5.,14.5));
#883 = CIRCLE('',#884,3.);
#884 = AXIS2_PLACEMENT_3D('',#885,#886,#887);
#885 = CARTESIAN_POINT('',(7.055,5.,14.5));
#886 = DIRECTION('',(0.,0.,1.));
#887 = DIRECTION('',(1.,0.,-0.));
#888 = ORIENTED_EDGE('',*,*,#889,.F.);
#889 = EDGE_CURVE('',#890,#881,#892,.T.);
#890 = VERTEX_POINT('',#891);
#891 = CARTESIAN_POINT('',(7.055,2.,14.5));
#892 = CIRCLE('',#893,3.);
#893 = AXIS2_PLACEMENT_3D('',#894,#895,#896);
#894 = CARTESIAN_POINT('',(7.055,5.,14.5));
#895 = DIRECTION('',(0.,0.,1.));
#896 = DIRECTION('',(1.,0.,-0.));
#897 = ORIENTED_EDGE('',*,*,#898,.F.);
#898 = EDGE_CURVE('',#899,#890,#901,.T.);
#899 = VERTEX_POINT('',#900);
#900 = CARTESIAN_POINT('',(-7.055,2.,14.5));
#901 = LINE('',#902,#903);
#902 = CARTESIAN_POINT('',(-7.055,2.,14.5));
#903 = VECTOR('',#904,1.);
#904 = DIRECTION('',(1.,0.,-0.));
#905 = ORIENTED_EDGE('',*,*,#906,.T.);
#906 = EDGE_CURVE('',#899,#907,#909,.T.);
#907 = VERTEX_POINT('',#908);
#908 = CARTESIAN_POINT('',(-7.055,-2.,14.5));
#909 = CIRCLE('',#910,2.);
#910 = AXIS2_PLACEMENT_3D('',#911,#912,#913);
#911 = CARTESIAN_POINT('',(-7.055,0.,14.5));
#912 = DIRECTION('',(0.,0.,1.));
#913 = DIRECTION('',(1.,0.,-0.));
#914 = ORIENTED_EDGE('',*,*,#915,.T.);
#915 = EDGE_CURVE('',#907,#916,#918,.T.);
#916 = VERTEX_POINT('',#917);
#917 = CARTESIAN_POINT('',(7.055,-2.,14.5));
#918 = LINE('',#919,#920);
#919 = CARTESIAN_POINT('',(-7.055,-2.,14.5));
#920 = VECTOR('',#921,1.);
#921 = DIRECTION('',(1.,0.,-0.));
#922 = ORIENTED_EDGE('',*,*,#923,.F.);
#923 = EDGE_CURVE('',#924,#916,#926,.T.);
#924 = VERTEX_POINT('',#925);
#925 = CARTESIAN_POINT('',(10.055,-5.,14.5));
#926 = CIRCLE('',#927,3.);
#927 = AXIS2_PLACEMENT_3D('',#928,#929,#930);
#928 = CARTESIAN_POINT('',(7.055,-5.,14.5));
#929 = DIRECTION('',(0.,0.,1.));
#930 = DIRECTION('',(1.,0.,-0.));
#931 = ORIENTED_EDGE('',*,*,#932,.F.);
#932 = EDGE_CURVE('',#786,#924,#933,.T.);
#933 = CIRCLE('',#934,3.);
#934 = AXIS2_PLACEMENT_3D('',#935,#936,#937);
#935 = CARTESIAN_POINT('',(7.055,-5.,14.5));
#936 = DIRECTION('',(0.,0.,1.));
#937 = DIRECTION('',(1.,0.,-0.));
#938 = PLANE('',#939);
#939 = AXIS2_PLACEMENT_3D('',#940,#941,#942);
#940 = CARTESIAN_POINT('',(0.788455560635,8.830002555822E-17,14.5));
#941 = DIRECTION('',(-0.,-0.,-1.));
#942 = DIRECTION('',(-1.,0.,0.));
#943 = ADVANCED_FACE('',(#944),#969,.F.);
#944 = FACE_BOUND('',#945,.F.);
#945 = EDGE_LOOP('',(#946,#954,#955,#963));
#946 = ORIENTED_EDGE('',*,*,#947,.T.);
#947 = EDGE_CURVE('',#948,#536,#950,.T.);
#948 = VERTEX_POINT('',#949);
#949 = CARTESIAN_POINT('',(-7.055,-7.,14.5));
#950 = LINE('',#951,#952);
#951 = CARTESIAN_POINT('',(-7.055,-7.,14.5));
#952 = VECTOR('',#953,1.);
#953 = DIRECTION('',(1.,0.,-0.));
#954 = ORIENTED_EDGE('',*,*,#535,.T.);
#955 = ORIENTED_EDGE('',*,*,#956,.F.);
#956 = EDGE_CURVE('',#957,#527,#959,.T.);
#957 = VERTEX_POINT('',#958);
#958 = CARTESIAN_POINT('',(-7.055,-8.,14.5));
#959 = LINE('',#960,#961);
#960 = CARTESIAN_POINT('',(-7.055,-8.,14.5));
#961 = VECTOR('',#962,1.);
#962 = DIRECTION('',(1.,0.,-0.));
#963 = ORIENTED_EDGE('',*,*,#964,.T.);
#964 = EDGE_CURVE('',#957,#948,#965,.T.);
#965 = LINE('',#966,#967);
#966 = CARTESIAN_POINT('',(-7.055,-8.,14.5));
#967 = VECTOR('',#968,1.);
#968 = DIRECTION('',(-0.,1.,0.));
#969 = PLANE('',#970);
#970 = AXIS2_PLACEMENT_3D('',#971,#972,#973);
#971 = CARTESIAN_POINT('',(-6.055,-7.5,14.5));
#972 = DIRECTION('',(0.,0.,1.));
#973 = DIRECTION('',(1.,0.,-0.));
#974 = ADVANCED_FACE('',(#975),#1000,.F.);
#975 = FACE_BOUND('',#976,.F.);
#976 = EDGE_LOOP('',(#977,#985,#986,#994));
#977 = ORIENTED_EDGE('',*,*,#978,.T.);
#978 = EDGE_CURVE('',#979,#579,#981,.T.);
#979 = VERTEX_POINT('',#980);
#980 = CARTESIAN_POINT('',(-7.055,8.,14.5));
#981 = LINE('',#982,#983);
#982 = CARTESIAN_POINT('',(-7.055,8.,14.5));
#983 = VECTOR('',#984,1.);
#984 = DIRECTION('',(1.,0.,-0.));
#985 = ORIENTED_EDGE('',*,*,#578,.T.);
#986 = ORIENTED_EDGE('',*,*,#987,.F.);
#987 = EDGE_CURVE('',#988,#570,#990,.T.);
#988 = VERTEX_POINT('',#989);
#989 = CARTESIAN_POINT('',(-7.055,7.,14.5));
#990 = LINE('',#991,#992);
#991 = CARTESIAN_POINT('',(-7.055,7.,14.5));
#992 = VECTOR('',#993,1.);
#993 = DIRECTION('',(1.,0.,-0.));
#994 = ORIENTED_EDGE('',*,*,#995,.T.);
#995 = EDGE_CURVE('',#988,#979,#996,.T.);
#996 = LINE('',#997,#998);
#997 = CARTESIAN_POINT('',(-7.055,7.,14.5));
#998 = VECTOR('',#999,1.);
#999 = DIRECTION('',(-0.,1.,0.));
#1000 = PLANE('',#1001);
#1001 = AXIS2_PLACEMENT_3D('',#1002,#1003,#1004);
#1002 = CARTESIAN_POINT('',(-6.055,7.5,14.5));
#1003 = DIRECTION('',(0.,0.,1.));
#1004 = DIRECTION('',(1.,0.,-0.));
#1005 = ADVANCED_FACE('',(#1006),#1023,.T.);
#1006 = FACE_BOUND('',#1007,.T.);
#1007 = EDGE_LOOP('',(#1008,#1009,#1015,#1016,#1022));
#1008 = ORIENTED_EDGE('',*,*,#956,.F.);
#1009 = ORIENTED_EDGE('',*,*,#1010,.T.);
#1010 = EDGE_CURVE('',#957,#608,#1011,.T.);
#1011 = LINE('',#1012,#1013);
#1012 = CARTESIAN_POINT('',(-7.055,-8.,14.5));
#1013 = VECTOR('',#1014,1.);
#1014 = DIRECTION('',(0.,0.,1.));
#1015 = ORIENTED_EDGE('',*,*,#607,.T.);
#1016 = ORIENTED_EDGE('',*,*,#1017,.F.);
#1017 = EDGE_CURVE('',#786,#610,#1018,.T.);
#1018 = LINE('',#1019,#1020);
#1019 = CARTESIAN_POINT('',(7.055,-8.,14.5));
#1020 = VECTOR('',#1021,1.);
#1021 = DIRECTION('',(0.,0.,1.));
#1022 = ORIENTED_EDGE('',*,*,#785,.F.);
#1023 = PLANE('',#1024);
#1024 = AXIS2_PLACEMENT_3D('',#1025,#1026,#1027);
#1025 = CARTESIAN_POINT('',(-7.055,-8.,14.5));
#1026 = DIRECTION('',(-0.,1.,0.));
#1027 = DIRECTION('',(0.,0.,1.));
#1028 = ADVANCED_FACE('',(#1029),#1040,.T.);
#1029 = FACE_BOUND('',#1030,.T.);
#1030 = EDGE_LOOP('',(#1031,#1032,#1033,#1039));
#1031 = ORIENTED_EDGE('',*,*,#1010,.F.);
#1032 = ORIENTED_EDGE('',*,*,#964,.T.);
#1033 = ORIENTED_EDGE('',*,*,#1034,.T.);
#1034 = EDGE_CURVE('',#948,#618,#1035,.T.);
#1035 = LINE('',#1036,#1037);
#1036 = CARTESIAN_POINT('',(-7.055,-7.,14.5));
#1037 = VECTOR('',#1038,1.);
#1038 = DIRECTION('',(0.,0.,1.));
#1039 = ORIENTED_EDGE('',*,*,#617,.F.);
#1040 = PLANE('',#1041);
#1041 = AXIS2_PLACEMENT_3D('',#1042,#1043,#1044);
#1042 = CARTESIAN_POINT('',(-7.055,-8.,14.5));
#1043 = DIRECTION('',(1.,0.,-0.));
#1044 = DIRECTION('',(0.,0.,1.));
#1045 = ADVANCED_FACE('',(#1046),#1059,.F.);
#1046 = FACE_BOUND('',#1047,.F.);
#1047 = EDGE_LOOP('',(#1048,#1049,#1055,#1056,#1057,#1058));
#1048 = ORIENTED_EDGE('',*,*,#923,.T.);
#1049 = ORIENTED_EDGE('',*,*,#1050,.T.);
#1050 = EDGE_CURVE('',#916,#754,#1051,.T.);
#1051 = LINE('',#1052,#1053);
#1052 = CARTESIAN_POINT('',(7.055,-2.,14.5));
#1053 = VECTOR('',#1054,1.);
#1054 = DIRECTION('',(0.,0.,1.));
#1055 = ORIENTED_EDGE('',*,*,#761,.F.);
#1056 = ORIENTED_EDGE('',*,*,#770,.F.);
#1057 = ORIENTED_EDGE('',*,*,#1017,.F.);
#1058 = ORIENTED_EDGE('',*,*,#932,.T.);
#1059 = CYLINDRICAL_SURFACE('',#1060,3.);
#1060 = AXIS2_PLACEMENT_3D('',#1061,#1062,#1063);
#1061 = CARTESIAN_POINT('',(7.055,-5.,14.5));
#1062 = DIRECTION('',(0.,0.,1.));
#1063 = DIRECTION('',(1.,0.,-0.));
#1064 = ADVANCED_FACE('',(#1065),#1077,.F.);
#1065 = FACE_BOUND('',#1066,.F.);
#1066 = EDGE_LOOP('',(#1067,#1068,#1069,#1070,#1076));
#1067 = ORIENTED_EDGE('',*,*,#947,.F.);
#1068 = ORIENTED_EDGE('',*,*,#1034,.T.);
#1069 = ORIENTED_EDGE('',*,*,#625,.T.);
#1070 = ORIENTED_EDGE('',*,*,#1071,.F.);
#1071 = EDGE_CURVE('',#796,#626,#1072,.T.);
#1072 = LINE('',#1073,#1074);
#1073 = CARTESIAN_POINT('',(7.055,-7.,14.5));
#1074 = VECTOR('',#1075,1.);
#1075 = DIRECTION('',(0.,0.,1.));
#1076 = ORIENTED_EDGE('',*,*,#795,.F.);
#1077 = PLANE('',#1078);
#1078 = AXIS2_PLACEMENT_3D('',#1079,#1080,#1081);
#1079 = CARTESIAN_POINT('',(-7.055,-7.,14.5));
#1080 = DIRECTION('',(-0.,1.,0.));
#1081 = DIRECTION('',(0.,0.,1.));
#1082 = ADVANCED_FACE('',(#1083),#1096,.T.);
#1083 = FACE_BOUND('',#1084,.T.);
#1084 = EDGE_LOOP('',(#1085,#1091,#1092,#1093,#1094,#1095));
#1085 = ORIENTED_EDGE('',*,*,#1086,.T.);
#1086 = EDGE_CURVE('',#813,#643,#1087,.T.);
#1087 = LINE('',#1088,#1089);
#1088 = CARTESIAN_POINT('',(7.055,-3.,14.5));
#1089 = VECTOR('',#1090,1.);
#1090 = DIRECTION('',(0.,0.,1.));
#1091 = ORIENTED_EDGE('',*,*,#642,.F.);
#1092 = ORIENTED_EDGE('',*,*,#633,.F.);
#1093 = ORIENTED_EDGE('',*,*,#1071,.F.);
#1094 = ORIENTED_EDGE('',*,*,#803,.T.);
#1095 = ORIENTED_EDGE('',*,*,#812,.T.);
#1096 = CYLINDRICAL_SURFACE('',#1097,2.);
#1097 = AXIS2_PLACEMENT_3D('',#1098,#1099,#1100);
#1098 = CARTESIAN_POINT('',(7.055,-5.,14.5));
#1099 = DIRECTION('',(0.,0.,1.));
#1100 = DIRECTION('',(1.,0.,-0.));
#1101 = ADVANCED_FACE('',(#1102),#1113,.F.);
#1102 = FACE_BOUND('',#1103,.F.);
#1103 = EDGE_LOOP('',(#1104,#1105,#1111,#1112));
#1104 = ORIENTED_EDGE('',*,*,#915,.F.);
#1105 = ORIENTED_EDGE('',*,*,#1106,.T.);
#1106 = EDGE_CURVE('',#907,#745,#1107,.T.);
#1107 = LINE('',#1108,#1109);
#1108 = CARTESIAN_POINT('',(-7.055,-2.,14.5));
#1109 = VECTOR('',#1110,1.);
#1110 = DIRECTION('',(0.,0.,1.));
#1111 = ORIENTED_EDGE('',*,*,#753,.T.);
#1112 = ORIENTED_EDGE('',*,*,#1050,.F.);
#1113 = PLANE('',#1114);
#1114 = AXIS2_PLACEMENT_3D('',#1115,#1116,#1117);
#1115 = CARTESIAN_POINT('',(-7.055,-2.,14.5));
#1116 = DIRECTION('',(-0.,1.,0.));
#1117 = DIRECTION('',(0.,0.,1.));
#1118 = ADVANCED_FACE('',(#1119),#1130,.T.);
#1119 = FACE_BOUND('',#1120,.T.);
#1120 = EDGE_LOOP('',(#1121,#1122,#1128,#1129));
#1121 = ORIENTED_EDGE('',*,*,#744,.F.);
#1122 = ORIENTED_EDGE('',*,*,#1123,.F.);
#1123 = EDGE_CURVE('',#899,#737,#1124,.T.);
#1124 = LINE('',#1125,#1126);
#1125 = CARTESIAN_POINT('',(-7.055,2.,14.5));
#1126 = VECTOR('',#1127,1.);
#1127 = DIRECTION('',(0.,0.,1.));
#1128 = ORIENTED_EDGE('',*,*,#906,.T.);
#1129 = ORIENTED_EDGE('',*,*,#1106,.T.);
#1130 = CYLINDRICAL_SURFACE('',#1131,2.);
#1131 = AXIS2_PLACEMENT_3D('',#1132,#1133,#1134);
#1132 = CARTESIAN_POINT('',(-7.055,0.,14.5));
#1133 = DIRECTION('',(0.,0.,1.));
#1134 = DIRECTION('',(1.,0.,-0.));
#1135 = ADVANCED_FACE('',(#1136),#1147,.T.);
#1136 = FACE_BOUND('',#1137,.T.);
#1137 = EDGE_LOOP('',(#1138,#1139,#1145,#1146));
#1138 = ORIENTED_EDGE('',*,*,#821,.F.);
#1139 = ORIENTED_EDGE('',*,*,#1140,.T.);
#1140 = EDGE_CURVE('',#822,#652,#1141,.T.);
#1141 = LINE('',#1142,#1143);
#1142 = CARTESIAN_POINT('',(-7.055,-3.,14.5));
#1143 = VECTOR('',#1144,1.);
#1144 = DIRECTION('',(0.,0.,1.));
#1145 = ORIENTED_EDGE('',*,*,#651,.T.);
#1146 = ORIENTED_EDGE('',*,*,#1086,.F.);
#1147 = PLANE('',#1148);
#1148 = AXIS2_PLACEMENT_3D('',#1149,#1150,#1151);
#1149 = CARTESIAN_POINT('',(-7.055,-3.,14.5));
#1150 = DIRECTION('',(-0.,1.,0.));
#1151 = DIRECTION('',(0.,0.,1.));
#1152 = ADVANCED_FACE('',(#1153),#1164,.T.);
#1153 = FACE_BOUND('',#1154,.T.);
#1154 = EDGE_LOOP('',(#1155,#1156,#1157,#1158));
#1155 = ORIENTED_EDGE('',*,*,#898,.F.);
#1156 = ORIENTED_EDGE('',*,*,#1123,.T.);
#1157 = ORIENTED_EDGE('',*,*,#736,.T.);
#1158 = ORIENTED_EDGE('',*,*,#1159,.F.);
#1159 = EDGE_CURVE('',#890,#728,#1160,.T.);
#1160 = LINE('',#1161,#1162);
#1161 = CARTESIAN_POINT('',(7.055,2.,14.5));
#1162 = VECTOR('',#1163,1.);
#1163 = DIRECTION('',(0.,0.,1.));
#1164 = PLANE('',#1165);
#1165 = AXIS2_PLACEMENT_3D('',#1166,#1167,#1168);
#1166 = CARTESIAN_POINT('',(-7.055,2.,14.5));
#1167 = DIRECTION('',(-0.,1.,0.));
#1168 = DIRECTION('',(0.,0.,1.));
#1169 = ADVANCED_FACE('',(#1170),#1181,.F.);
#1170 = FACE_BOUND('',#1171,.F.);
#1171 = EDGE_LOOP('',(#1172,#1173,#1179,#1180));
#1172 = ORIENTED_EDGE('',*,*,#659,.F.);
#1173 = ORIENTED_EDGE('',*,*,#1174,.F.);
#1174 = EDGE_CURVE('',#830,#660,#1175,.T.);
#1175 = LINE('',#1176,#1177);
#1176 = CARTESIAN_POINT('',(-7.055,3.,14.5));
#1177 = VECTOR('',#1178,1.);
#1178 = DIRECTION('',(0.,0.,1.));
#1179 = ORIENTED_EDGE('',*,*,#829,.T.);
#1180 = ORIENTED_EDGE('',*,*,#1140,.T.);
#1181 = CYLINDRICAL_SURFACE('',#1182,3.);
#1182 = AXIS2_PLACEMENT_3D('',#1183,#1184,#1185);
#1183 = CARTESIAN_POINT('',(-7.055,0.,14.5));
#1184 = DIRECTION('',(0.,0.,1.));
#1185 = DIRECTION('',(1.,0.,-0.));
#1186 = ADVANCED_FACE('',(#1187),#1200,.F.);
#1187 = FACE_BOUND('',#1188,.F.);
#1188 = EDGE_LOOP('',(#1189,#1190,#1196,#1197,#1198,#1199));
#1189 = ORIENTED_EDGE('',*,*,#880,.T.);
#1190 = ORIENTED_EDGE('',*,*,#1191,.T.);
#1191 = EDGE_CURVE('',#873,#711,#1192,.T.);
#1192 = LINE('',#1193,#1194);
#1193 = CARTESIAN_POINT('',(7.055,8.,14.5));
#1194 = VECTOR('',#1195,1.);
#1195 = DIRECTION('',(0.,0.,1.));
#1196 = ORIENTED_EDGE('',*,*,#718,.F.);
#1197 = ORIENTED_EDGE('',*,*,#727,.F.);
#1198 = ORIENTED_EDGE('',*,*,#1159,.F.);
#1199 = ORIENTED_EDGE('',*,*,#889,.T.);
#1200 = CYLINDRICAL_SURFACE('',#1201,3.);
#1201 = AXIS2_PLACEMENT_3D('',#1202,#1203,#1204);
#1202 = CARTESIAN_POINT('',(7.055,5.,14.5));
#1203 = DIRECTION('',(0.,0.,1.));
#1204 = DIRECTION('',(1.,0.,-0.));
#1205 = ADVANCED_FACE('',(#1206),#1217,.F.);
#1206 = FACE_BOUND('',#1207,.F.);
#1207 = EDGE_LOOP('',(#1208,#1209,#1210,#1211));
#1208 = ORIENTED_EDGE('',*,*,#838,.F.);
#1209 = ORIENTED_EDGE('',*,*,#1174,.T.);
#1210 = ORIENTED_EDGE('',*,*,#668,.T.);
#1211 = ORIENTED_EDGE('',*,*,#1212,.F.);
#1212 = EDGE_CURVE('',#839,#669,#1213,.T.);
#1213 = LINE('',#1214,#1215);
#1214 = CARTESIAN_POINT('',(7.055,3.,14.5));
#1215 = VECTOR('',#1216,1.);
#1216 = DIRECTION('',(0.,0.,1.));
#1217 = PLANE('',#1218);
#1218 = AXIS2_PLACEMENT_3D('',#1219,#1220,#1221);
#1219 = CARTESIAN_POINT('',(-7.055,3.,14.5));
#1220 = DIRECTION('',(-0.,1.,0.));
#1221 = DIRECTION('',(0.,0.,1.));
#1222 = ADVANCED_FACE('',(#1223),#1236,.T.);
#1223 = FACE_BOUND('',#1224,.T.);
#1224 = EDGE_LOOP('',(#1225,#1231,#1232,#1233,#1234,#1235));
#1225 = ORIENTED_EDGE('',*,*,#1226,.T.);
#1226 = EDGE_CURVE('',#856,#686,#1227,.T.);
#1227 = LINE('',#1228,#1229);
#1228 = CARTESIAN_POINT('',(7.055,7.,14.5));
#1229 = VECTOR('',#1230,1.);
#1230 = DIRECTION('',(0.,0.,1.));
#1231 = ORIENTED_EDGE('',*,*,#685,.F.);
#1232 = ORIENTED_EDGE('',*,*,#676,.F.);
#1233 = ORIENTED_EDGE('',*,*,#1212,.F.);
#1234 = ORIENTED_EDGE('',*,*,#846,.T.);
#1235 = ORIENTED_EDGE('',*,*,#855,.T.);
#1236 = CYLINDRICAL_SURFACE('',#1237,2.);
#1237 = AXIS2_PLACEMENT_3D('',#1238,#1239,#1240);
#1238 = CARTESIAN_POINT('',(7.055,5.,14.5));
#1239 = DIRECTION('',(0.,0.,1.));
#1240 = DIRECTION('',(1.,0.,-0.));
#1241 = ADVANCED_FACE('',(#1242),#1254,.F.);
#1242 = FACE_BOUND('',#1243,.F.);
#1243 = EDGE_LOOP('',(#1244,#1245,#1251,#1252,#1253));
#1244 = ORIENTED_EDGE('',*,*,#978,.F.);
#1245 = ORIENTED_EDGE('',*,*,#1246,.T.);
#1246 = EDGE_CURVE('',#979,#703,#1247,.T.);
#1247 = LINE('',#1248,#1249);
#1248 = CARTESIAN_POINT('',(-7.055,8.,14.5));
#1249 = VECTOR('',#1250,1.);
#1250 = DIRECTION('',(0.,0.,1.));
#1251 = ORIENTED_EDGE('',*,*,#710,.T.);
#1252 = ORIENTED_EDGE('',*,*,#1191,.F.);
#1253 = ORIENTED_EDGE('',*,*,#872,.F.);
#1254 = PLANE('',#1255);
#1255 = AXIS2_PLACEMENT_3D('',#1256,#1257,#1258);
#1256 = CARTESIAN_POINT('',(-7.055,8.,14.5));
#1257 = DIRECTION('',(-0.,1.,0.));
#1258 = DIRECTION('',(0.,0.,1.));
#1259 = ADVANCED_FACE('',(#1260),#1271,.T.);
#1260 = FACE_BOUND('',#1261,.T.);
#1261 = EDGE_LOOP('',(#1262,#1268,#1269,#1270));
#1262 = ORIENTED_EDGE('',*,*,#1263,.F.);
#1263 = EDGE_CURVE('',#988,#695,#1264,.T.);
#1264 = LINE('',#1265,#1266);
#1265 = CARTESIAN_POINT('',(-7.055,7.,14.5));
#1266 = VECTOR('',#1267,1.);
#1267 = DIRECTION('',(0.,0.,1.));
#1268 = ORIENTED_EDGE('',*,*,#995,.T.);
#1269 = ORIENTED_EDGE('',*,*,#1246,.T.);
#1270 = ORIENTED_EDGE('',*,*,#702,.F.);
#1271 = PLANE('',#1272);
#1272 = AXIS2_PLACEMENT_3D('',#1273,#1274,#1275);
#1273 = CARTESIAN_POINT('',(-7.055,7.,14.5));
#1274 = DIRECTION('',(1.,0.,-0.));
#1275 = DIRECTION('',(0.,0.,1.));
#1276 = ADVANCED_FACE('',(#1277),#1284,.T.);
#1277 = FACE_BOUND('',#1278,.T.);
#1278 = EDGE_LOOP('',(#1279,#1280,#1281,#1282,#1283));
#1279 = ORIENTED_EDGE('',*,*,#987,.F.);
#1280 = ORIENTED_EDGE('',*,*,#1263,.T.);
#1281 = ORIENTED_EDGE('',*,*,#694,.T.);
#1282 = ORIENTED_EDGE('',*,*,#1226,.F.);
#1283 = ORIENTED_EDGE('',*,*,#864,.F.);
#1284 = PLANE('',#1285);
#1285 = AXIS2_PLACEMENT_3D('',#1286,#1287,#1288);
#1286 = CARTESIAN_POINT('',(-7.055,7.,14.5));
#1287 = DIRECTION('',(-0.,1.,0.));
#1288 = DIRECTION('',(0.,0.,1.));
#1289 = MANIFOLD_SOLID_BREP('',#1290);
#1290 = CLOSED_SHELL('',(#1291,#1324,#1333));
#1291 = ADVANCED_FACE('',(#1292),#1319,.T.);
#1292 = FACE_BOUND('',#1293,.T.);
#1293 = EDGE_LOOP('',(#1294,#1303,#1311,#1318));
#1294 = ORIENTED_EDGE('',*,*,#1295,.F.);
#1295 = EDGE_CURVE('',#1296,#1296,#1298,.T.);
#1296 = VERTEX_POINT('',#1297);
#1297 = CARTESIAN_POINT('',(23.5,-5.755839955993E-15,15.15));
#1298 = CIRCLE('',#1299,23.5);
#1299 = AXIS2_PLACEMENT_3D('',#1300,#1301,#1302);
#1300 = CARTESIAN_POINT('',(0.,0.,15.15));
#1301 = DIRECTION('',(0.,0.,1.));
#1302 = DIRECTION('',(1.,0.,-0.));
#1303 = ORIENTED_EDGE('',*,*,#1304,.F.);
#1304 = EDGE_CURVE('',#1305,#1296,#1307,.T.);
#1305 = VERTEX_POINT('',#1306);
#1306 = CARTESIAN_POINT('',(23.5,-5.755839955993E-15,15.));
#1307 = LINE('',#1308,#1309);
#1308 = CARTESIAN_POINT('',(23.5,-5.755839955993E-15,15.));
#1309 = VECTOR('',#1310,1.);
#1310 = DIRECTION('',(0.,0.,1.));
#1311 = ORIENTED_EDGE('',*,*,#1312,.T.);
#1312 = EDGE_CURVE('',#1305,#1305,#1313,.T.);
#1313 = CIRCLE('',#1314,23.5);
#1314 = AXIS2_PLACEMENT_3D('',#1315,#1316,#1317);
#1315 = CARTESIAN_POINT('',(0.,0.,15.));
#1316 = DIRECTION('',(0.,0.,1.));
#1317 = DIRECTION('',(1.,0.,-0.));
#1318 = ORIENTED_EDGE('',*,*,#1304,.T.);
#1319 = CYLINDRICAL_SURFACE('',#1320,23.5);
#1320 = AXIS2_PLACEMENT_3D('',#1321,#1322,#1323);
#1321 = CARTESIAN_POINT('',(0.,0.,15.));
#1322 = DIRECTION('',(0.,0.,1.));
#1323 = DIRECTION('',(1.,0.,-0.));
#1324 = ADVANCED_FACE('',(#1325),#1328,.T.);
#1325 = FACE_BOUND('',#1326,.T.);
#1326 = EDGE_LOOP('',(#1327));
#1327 = ORIENTED_EDGE('',*,*,#1295,.T.);
#1328 = PLANE('',#1329);
#1329 = AXIS2_PLACEMENT_3D('',#1330,#1331,#1332);
#1330 = CARTESIAN_POINT('',(0.,0.,15.15));
#1331 = DIRECTION('',(0.,0.,1.));
#1332 = DIRECTION('',(1.,0.,-0.));
#1333 = ADVANCED_FACE('',(#1334),#1337,.F.);
#1334 = FACE_BOUND('',#1335,.T.);
#1335 = EDGE_LOOP('',(#1336));
#1336 = ORIENTED_EDGE('',*,*,#1312,.F.);
#1337 = PLANE('',#1338);
#1338 = AXIS2_PLACEMENT_3D('',#1339,#1340,#1341);
#1339 = CARTESIAN_POINT('',(0.,0.,15.));
#1340 = DIRECTION('',(0.,0.,1.));
#1341 = DIRECTION('',(1.,0.,-0.));
#1342 = MANIFOLD_SOLID_BREP('',#1343);
#1343 = CLOSED_SHELL('',(#1344,#1384,#1415,#1494,#1518,#1601,#1613,#1630
    ,#1647,#1672,#1689,#1706,#1731,#1756,#1776,#1796,#1816,#1841,#1884,
    #1927,#2108,#2270,#2301,#2332,#2355,#2372,#2391,#2409,#2428,#2445,
    #2462,#2479,#2496,#2513,#2532,#2549,#2568,#2586,#2603));
#1344 = ADVANCED_FACE('',(#1345),#1379,.F.);
#1345 = FACE_BOUND('',#1346,.F.);
#1346 = EDGE_LOOP('',(#1347,#1357,#1365,#1373));
#1347 = ORIENTED_EDGE('',*,*,#1348,.F.);
#1348 = EDGE_CURVE('',#1349,#1351,#1353,.T.);
#1349 = VERTEX_POINT('',#1350);
#1350 = CARTESIAN_POINT('',(-35.,30.,30.15));
#1351 = VERTEX_POINT('',#1352);
#1352 = CARTESIAN_POINT('',(-35.,30.,15.15));
#1353 = LINE('',#1354,#1355);
#1354 = CARTESIAN_POINT('',(-35.,30.,30.15));
#1355 = VECTOR('',#1356,1.);
#1356 = DIRECTION('',(0.,-1.224646799147E-16,-1.));
#1357 = ORIENTED_EDGE('',*,*,#1358,.T.);
#1358 = EDGE_CURVE('',#1349,#1359,#1361,.T.);
#1359 = VERTEX_POINT('',#1360);
#1360 = CARTESIAN_POINT('',(-35.,-30.,30.15));
#1361 = LINE('',#1362,#1363);
#1362 = CARTESIAN_POINT('',(-35.,30.,30.15));
#1363 = VECTOR('',#1364,1.);
#1364 = DIRECTION('',(0.,-1.,1.224646799147E-16));
#1365 = ORIENTED_EDGE('',*,*,#1366,.T.);
#1366 = EDGE_CURVE('',#1359,#1367,#1369,.T.);
#1367 = VERTEX_POINT('',#1368);
#1368 = CARTESIAN_POINT('',(-35.,-30.,15.15));
#1369 = LINE('',#1370,#1371);
#1370 = CARTESIAN_POINT('',(-35.,-30.,30.15));
#1371 = VECTOR('',#1372,1.);
#1372 = DIRECTION('',(0.,-1.224646799147E-16,-1.));
#1373 = ORIENTED_EDGE('',*,*,#1374,.F.);
#1374 = EDGE_CURVE('',#1351,#1367,#1375,.T.);
#1375 = LINE('',#1376,#1377);
#1376 = CARTESIAN_POINT('',(-35.,30.,15.15));
#1377 = VECTOR('',#1378,1.);
#1378 = DIRECTION('',(0.,-1.,1.224646799147E-16));
#1379 = PLANE('',#1380);
#1380 = AXIS2_PLACEMENT_3D('',#1381,#1382,#1383);
#1381 = CARTESIAN_POINT('',(-35.,30.,30.15));
#1382 = DIRECTION('',(1.,0.,0.));
#1383 = DIRECTION('',(0.,-1.224646799147E-16,-1.));
#1384 = ADVANCED_FACE('',(#1385),#1410,.F.);
#1385 = FACE_BOUND('',#1386,.F.);
#1386 = EDGE_LOOP('',(#1387,#1395,#1396,#1404));
#1387 = ORIENTED_EDGE('',*,*,#1388,.F.);
#1388 = EDGE_CURVE('',#1349,#1389,#1391,.T.);
#1389 = VERTEX_POINT('',#1390);
#1390 = CARTESIAN_POINT('',(35.,30.,30.15));
#1391 = LINE('',#1392,#1393);
#1392 = CARTESIAN_POINT('',(-35.,30.,30.15));
#1393 = VECTOR('',#1394,1.);
#1394 = DIRECTION('',(1.,0.,0.));
#1395 = ORIENTED_EDGE('',*,*,#1348,.T.);
#1396 = ORIENTED_EDGE('',*,*,#1397,.T.);
#1397 = EDGE_CURVE('',#1351,#1398,#1400,.T.);
#1398 = VERTEX_POINT('',#1399);
#1399 = CARTESIAN_POINT('',(35.,30.,15.15));
#1400 = LINE('',#1401,#1402);
#1401 = CARTESIAN_POINT('',(-35.,30.,15.15));
#1402 = VECTOR('',#1403,1.);
#1403 = DIRECTION('',(1.,0.,0.));
#1404 = ORIENTED_EDGE('',*,*,#1405,.F.);
#1405 = EDGE_CURVE('',#1389,#1398,#1406,.T.);
#1406 = LINE('',#1407,#1408);
#1407 = CARTESIAN_POINT('',(35.,30.,30.15));
#1408 = VECTOR('',#1409,1.);
#1409 = DIRECTION('',(0.,-1.224646799147E-16,-1.));
#1410 = PLANE('',#1411);
#1411 = AXIS2_PLACEMENT_3D('',#1412,#1413,#1414);
#1412 = CARTESIAN_POINT('',(-35.,30.,30.15));
#1413 = DIRECTION('',(0.,-1.,1.224646799147E-16));
#1414 = DIRECTION('',(0.,-1.224646799147E-16,-1.));
#1415 = ADVANCED_FACE('',(#1416,#1434,#1445,#1456,#1467,#1478),#1489,.T.
  );
#1416 = FACE_BOUND('',#1417,.T.);
#1417 = EDGE_LOOP('',(#1418,#1419,#1420,#1428));
#1418 = ORIENTED_EDGE('',*,*,#1374,.F.);
#1419 = ORIENTED_EDGE('',*,*,#1397,.T.);
#1420 = ORIENTED_EDGE('',*,*,#1421,.T.);
#1421 = EDGE_CURVE('',#1398,#1422,#1424,.T.);
#1422 = VERTEX_POINT('',#1423);
#1423 = CARTESIAN_POINT('',(35.,-30.,15.15));
#1424 = LINE('',#1425,#1426);
#1425 = CARTESIAN_POINT('',(35.,30.,15.15));
#1426 = VECTOR('',#1427,1.);
#1427 = DIRECTION('',(0.,-1.,1.224646799147E-16));
#1428 = ORIENTED_EDGE('',*,*,#1429,.F.);
#1429 = EDGE_CURVE('',#1367,#1422,#1430,.T.);
#1430 = LINE('',#1431,#1432);
#1431 = CARTESIAN_POINT('',(-35.,-30.,15.15));
#1432 = VECTOR('',#1433,1.);
#1433 = DIRECTION('',(1.,0.,0.));
#1434 = FACE_BOUND('',#1435,.T.);
#1435 = EDGE_LOOP('',(#1436));
#1436 = ORIENTED_EDGE('',*,*,#1437,.F.);
#1437 = EDGE_CURVE('',#1438,#1438,#1440,.T.);
#1438 = VERTEX_POINT('',#1439);
#1439 = CARTESIAN_POINT('',(-26.85,24.,15.15));
#1440 = CIRCLE('',#1441,2.15);
#1441 = AXIS2_PLACEMENT_3D('',#1442,#1443,#1444);
#1442 = CARTESIAN_POINT('',(-29.,24.,15.15));
#1443 = DIRECTION('',(0.,-1.224646799147E-16,-1.));
#1444 = DIRECTION('',(1.,0.,0.));
#1445 = FACE_BOUND('',#1446,.T.);
#1446 = EDGE_LOOP('',(#1447));
#1447 = ORIENTED_EDGE('',*,*,#1448,.F.);
#1448 = EDGE_CURVE('',#1449,#1449,#1451,.T.);
#1449 = VERTEX_POINT('',#1450);
#1450 = CARTESIAN_POINT('',(31.15,24.,15.15));
#1451 = CIRCLE('',#1452,2.15);
#1452 = AXIS2_PLACEMENT_3D('',#1453,#1454,#1455);
#1453 = CARTESIAN_POINT('',(29.,24.,15.15));
#1454 = DIRECTION('',(0.,-1.224646799147E-16,-1.));
#1455 = DIRECTION('',(1.,0.,0.));
#1456 = FACE_BOUND('',#1457,.T.);
#1457 = EDGE_LOOP('',(#1458));
#1458 = ORIENTED_EDGE('',*,*,#1459,.F.);
#1459 = EDGE_CURVE('',#1460,#1460,#1462,.T.);
#1460 = VERTEX_POINT('',#1461);
#1461 = CARTESIAN_POINT('',(20.85,3.269806953723E-15,15.15));
#1462 = CIRCLE('',#1463,20.85);
#1463 = AXIS2_PLACEMENT_3D('',#1464,#1465,#1466);
#1464 = CARTESIAN_POINT('',(0.,-1.836970198721E-15,15.15));
#1465 = DIRECTION('',(0.,-1.224646799147E-16,-1.));
#1466 = DIRECTION('',(1.,0.,0.));
#1467 = FACE_BOUND('',#1468,.T.);
#1468 = EDGE_LOOP('',(#1469));
#1469 = ORIENTED_EDGE('',*,*,#1470,.F.);
#1470 = EDGE_CURVE('',#1471,#1471,#1473,.T.);
#1471 = VERTEX_POINT('',#1472);
#1472 = CARTESIAN_POINT('',(-26.85,-24.,15.15));
#1473 = CIRCLE('',#1474,2.15);
#1474 = AXIS2_PLACEMENT_3D('',#1475,#1476,#1477);
#1475 = CARTESIAN_POINT('',(-29.,-24.,15.15));
#1476 = DIRECTION('',(0.,-1.224646799147E-16,-1.));
#1477 = DIRECTION('',(1.,0.,0.));
#1478 = FACE_BOUND('',#1479,.T.);
#1479 = EDGE_LOOP('',(#1480));
#1480 = ORIENTED_EDGE('',*,*,#1481,.F.);
#1481 = EDGE_CURVE('',#1482,#1482,#1484,.T.);
#1482 = VERTEX_POINT('',#1483);
#1483 = CARTESIAN_POINT('',(31.15,-24.,15.15));
#1484 = CIRCLE('',#1485,2.15);
#1485 = AXIS2_PLACEMENT_3D('',#1486,#1487,#1488);
#1486 = CARTESIAN_POINT('',(29.,-24.,15.15));
#1487 = DIRECTION('',(0.,-1.224646799147E-16,-1.));
#1488 = DIRECTION('',(1.,0.,0.));
#1489 = PLANE('',#1490);
#1490 = AXIS2_PLACEMENT_3D('',#1491,#1492,#1493);
#1491 = CARTESIAN_POINT('',(-35.,30.,15.15));
#1492 = DIRECTION('',(0.,-1.224646799147E-16,-1.));
#1493 = DIRECTION('',(1.,0.,0.));
#1494 = ADVANCED_FACE('',(#1495),#1513,.T.);
#1495 = FACE_BOUND('',#1496,.T.);
#1496 = EDGE_LOOP('',(#1497,#1505,#1506,#1507));
#1497 = ORIENTED_EDGE('',*,*,#1498,.F.);
#1498 = EDGE_CURVE('',#1359,#1499,#1501,.T.);
#1499 = VERTEX_POINT('',#1500);
#1500 = CARTESIAN_POINT('',(35.,-30.,30.15));
#1501 = LINE('',#1502,#1503);
#1502 = CARTESIAN_POINT('',(-35.,-30.,30.15));
#1503 = VECTOR('',#1504,1.);
#1504 = DIRECTION('',(1.,0.,0.));
#1505 = ORIENTED_EDGE('',*,*,#1366,.T.);
#1506 = ORIENTED_EDGE('',*,*,#1429,.T.);
#1507 = ORIENTED_EDGE('',*,*,#1508,.F.);
#1508 = EDGE_CURVE('',#1499,#1422,#1509,.T.);
#1509 = LINE('',#1510,#1511);
#1510 = CARTESIAN_POINT('',(35.,-30.,30.15));
#1511 = VECTOR('',#1512,1.);
#1512 = DIRECTION('',(0.,-1.224646799147E-16,-1.));
#1513 = PLANE('',#1514);
#1514 = AXIS2_PLACEMENT_3D('',#1515,#1516,#1517);
#1515 = CARTESIAN_POINT('',(-35.,-30.,30.15));
#1516 = DIRECTION('',(0.,-1.,1.224646799147E-16));
#1517 = DIRECTION('',(0.,-1.224646799147E-16,-1.));
#1518 = ADVANCED_FACE('',(#1519,#1530,#1541,#1552,#1563,#1574,#1585),
  #1596,.F.);
#1519 = FACE_BOUND('',#1520,.F.);
#1520 = EDGE_LOOP('',(#1521,#1522,#1523,#1529));
#1521 = ORIENTED_EDGE('',*,*,#1358,.F.);
#1522 = ORIENTED_EDGE('',*,*,#1388,.T.);
#1523 = ORIENTED_EDGE('',*,*,#1524,.T.);
#1524 = EDGE_CURVE('',#1389,#1499,#1525,.T.);
#1525 = LINE('',#1526,#1527);
#1526 = CARTESIAN_POINT('',(35.,30.,30.15));
#1527 = VECTOR('',#1528,1.);
#1528 = DIRECTION('',(0.,-1.,1.224646799147E-16));
#1529 = ORIENTED_EDGE('',*,*,#1498,.F.);
#1530 = FACE_BOUND('',#1531,.F.);
#1531 = EDGE_LOOP('',(#1532));
#1532 = ORIENTED_EDGE('',*,*,#1533,.F.);
#1533 = EDGE_CURVE('',#1534,#1534,#1536,.T.);
#1534 = VERTEX_POINT('',#1535);
#1535 = CARTESIAN_POINT('',(-26.85,24.,30.15));
#1536 = CIRCLE('',#1537,2.15);
#1537 = AXIS2_PLACEMENT_3D('',#1538,#1539,#1540);
#1538 = CARTESIAN_POINT('',(-29.,24.,30.15));
#1539 = DIRECTION('',(0.,-1.224646799147E-16,-1.));
#1540 = DIRECTION('',(1.,0.,0.));
#1541 = FACE_BOUND('',#1542,.F.);
#1542 = EDGE_LOOP('',(#1543));
#1543 = ORIENTED_EDGE('',*,*,#1544,.F.);
#1544 = EDGE_CURVE('',#1545,#1545,#1547,.T.);
#1545 = VERTEX_POINT('',#1546);
#1546 = CARTESIAN_POINT('',(-3.255,7.5,30.15));
#1547 = CIRCLE('',#1548,2.8);
#1548 = AXIS2_PLACEMENT_3D('',#1549,#1550,#1551);
#1549 = CARTESIAN_POINT('',(-6.055,7.5,30.15));
#1550 = DIRECTION('',(0.,-1.224646799147E-16,-1.));
#1551 = DIRECTION('',(1.,0.,0.));
#1552 = FACE_BOUND('',#1553,.F.);
#1553 = EDGE_LOOP('',(#1554));
#1554 = ORIENTED_EDGE('',*,*,#1555,.F.);
#1555 = EDGE_CURVE('',#1556,#1556,#1558,.T.);
#1556 = VERTEX_POINT('',#1557);
#1557 = CARTESIAN_POINT('',(31.15,24.,30.15));
#1558 = CIRCLE('',#1559,2.15);
#1559 = AXIS2_PLACEMENT_3D('',#1560,#1561,#1562);
#1560 = CARTESIAN_POINT('',(29.,24.,30.15));
#1561 = DIRECTION('',(0.,-1.224646799147E-16,-1.));
#1562 = DIRECTION('',(1.,0.,0.));
#1563 = FACE_BOUND('',#1564,.F.);
#1564 = EDGE_LOOP('',(#1565));
#1565 = ORIENTED_EDGE('',*,*,#1566,.F.);
#1566 = EDGE_CURVE('',#1567,#1567,#1569,.T.);
#1567 = VERTEX_POINT('',#1568);
#1568 = CARTESIAN_POINT('',(-3.255,-7.5,30.15));
#1569 = CIRCLE('',#1570,2.8);
#1570 = AXIS2_PLACEMENT_3D('',#1571,#1572,#1573);
#1571 = CARTESIAN_POINT('',(-6.055,-7.5,30.15));
#1572 = DIRECTION('',(0.,-1.224646799147E-16,-1.));
#1573 = DIRECTION('',(1.,0.,0.));
#1574 = FACE_BOUND('',#1575,.F.);
#1575 = EDGE_LOOP('',(#1576));
#1576 = ORIENTED_EDGE('',*,*,#1577,.F.);
#1577 = EDGE_CURVE('',#1578,#1578,#1580,.T.);
#1578 = VERTEX_POINT('',#1579);
#1579 = CARTESIAN_POINT('',(-26.85,-24.,30.15));
#1580 = CIRCLE('',#1581,2.15);
#1581 = AXIS2_PLACEMENT_3D('',#1582,#1583,#1584);
#1582 = CARTESIAN_POINT('',(-29.,-24.,30.15));
#1583 = DIRECTION('',(0.,-1.224646799147E-16,-1.));
#1584 = DIRECTION('',(1.,0.,0.));
#1585 = FACE_BOUND('',#1586,.F.);
#1586 = EDGE_LOOP('',(#1587));
#1587 = ORIENTED_EDGE('',*,*,#1588,.F.);
#1588 = EDGE_CURVE('',#1589,#1589,#1591,.T.);
#1589 = VERTEX_POINT('',#1590);
#1590 = CARTESIAN_POINT('',(31.15,-24.,30.15));
#1591 = CIRCLE('',#1592,2.15);
#1592 = AXIS2_PLACEMENT_3D('',#1593,#1594,#1595);
#1593 = CARTESIAN_POINT('',(29.,-24.,30.15));
#1594 = DIRECTION('',(0.,-1.224646799147E-16,-1.));
#1595 = DIRECTION('',(1.,0.,0.));
#1596 = PLANE('',#1597);
#1597 = AXIS2_PLACEMENT_3D('',#1598,#1599,#1600);
#1598 = CARTESIAN_POINT('',(-35.,30.,30.15));
#1599 = DIRECTION('',(0.,-1.224646799147E-16,-1.));
#1600 = DIRECTION('',(1.,0.,0.));
#1601 = ADVANCED_FACE('',(#1602),#1608,.T.);
#1602 = FACE_BOUND('',#1603,.T.);
#1603 = EDGE_LOOP('',(#1604,#1605,#1606,#1607));
#1604 = ORIENTED_EDGE('',*,*,#1405,.F.);
#1605 = ORIENTED_EDGE('',*,*,#1524,.T.);
#1606 = ORIENTED_EDGE('',*,*,#1508,.T.);
#1607 = ORIENTED_EDGE('',*,*,#1421,.F.);
#1608 = PLANE('',#1609);
#1609 = AXIS2_PLACEMENT_3D('',#1610,#1611,#1612);
#1610 = CARTESIAN_POINT('',(35.,30.,30.15));
#1611 = DIRECTION('',(1.,0.,0.));
#1612 = DIRECTION('',(0.,-1.224646799147E-16,-1.));
#1613 = ADVANCED_FACE('',(#1614),#1625,.F.);
#1614 = FACE_BOUND('',#1615,.F.);
#1615 = EDGE_LOOP('',(#1616,#1617,#1623,#1624));
#1616 = ORIENTED_EDGE('',*,*,#1437,.F.);
#1617 = ORIENTED_EDGE('',*,*,#1618,.F.);
#1618 = EDGE_CURVE('',#1534,#1438,#1619,.T.);
#1619 = LINE('',#1620,#1621);
#1620 = CARTESIAN_POINT('',(-26.85,24.,31.15));
#1621 = VECTOR('',#1622,1.);
#1622 = DIRECTION('',(0.,-1.224646799147E-16,-1.));
#1623 = ORIENTED_EDGE('',*,*,#1533,.T.);
#1624 = ORIENTED_EDGE('',*,*,#1618,.T.);
#1625 = CYLINDRICAL_SURFACE('',#1626,2.15);
#1626 = AXIS2_PLACEMENT_3D('',#1627,#1628,#1629);
#1627 = CARTESIAN_POINT('',(-29.,24.,31.15));
#1628 = DIRECTION('',(0.,-1.224646799147E-16,-1.));
#1629 = DIRECTION('',(1.,0.,0.));
#1630 = ADVANCED_FACE('',(#1631),#1642,.F.);
#1631 = FACE_BOUND('',#1632,.F.);
#1632 = EDGE_LOOP('',(#1633,#1634,#1640,#1641));
#1633 = ORIENTED_EDGE('',*,*,#1448,.F.);
#1634 = ORIENTED_EDGE('',*,*,#1635,.F.);
#1635 = EDGE_CURVE('',#1556,#1449,#1636,.T.);
#1636 = LINE('',#1637,#1638);
#1637 = CARTESIAN_POINT('',(31.15,24.,31.15));
#1638 = VECTOR('',#1639,1.);
#1639 = DIRECTION('',(0.,-1.224646799147E-16,-1.));
#1640 = ORIENTED_EDGE('',*,*,#1555,.T.);
#1641 = ORIENTED_EDGE('',*,*,#1635,.T.);
#1642 = CYLINDRICAL_SURFACE('',#1643,2.15);
#1643 = AXIS2_PLACEMENT_3D('',#1644,#1645,#1646);
#1644 = CARTESIAN_POINT('',(29.,24.,31.15));
#1645 = DIRECTION('',(0.,-1.224646799147E-16,-1.));
#1646 = DIRECTION('',(1.,0.,0.));
#1647 = ADVANCED_FACE('',(#1648),#1667,.F.);
#1648 = FACE_BOUND('',#1649,.F.);
#1649 = EDGE_LOOP('',(#1650,#1651,#1659,#1666));
#1650 = ORIENTED_EDGE('',*,*,#1459,.F.);
#1651 = ORIENTED_EDGE('',*,*,#1652,.F.);
#1652 = EDGE_CURVE('',#1653,#1460,#1655,.T.);
#1653 = VERTEX_POINT('',#1654);
#1654 = CARTESIAN_POINT('',(20.85,3.407579718628E-15,16.275));
#1655 = LINE('',#1656,#1657);
#1656 = CARTESIAN_POINT('',(20.85,3.407579718628E-15,16.275));
#1657 = VECTOR('',#1658,1.);
#1658 = DIRECTION('',(0.,-1.224646799147E-16,-1.));
#1659 = ORIENTED_EDGE('',*,*,#1660,.T.);
#1660 = EDGE_CURVE('',#1653,#1653,#1661,.T.);
#1661 = CIRCLE('',#1662,20.85);
#1662 = AXIS2_PLACEMENT_3D('',#1663,#1664,#1665);
#1663 = CARTESIAN_POINT('',(0.,-1.699197433817E-15,16.275));
#1664 = DIRECTION('',(0.,-1.224646799147E-16,-1.));
#1665 = DIRECTION('',(1.,0.,0.));
#1666 = ORIENTED_EDGE('',*,*,#1652,.T.);
#1667 = CYLINDRICAL_SURFACE('',#1668,20.85);
#1668 = AXIS2_PLACEMENT_3D('',#1669,#1670,#1671);
#1669 = CARTESIAN_POINT('',(0.,-1.699197433817E-15,16.275));
#1670 = DIRECTION('',(0.,-1.224646799147E-16,-1.));
#1671 = DIRECTION('',(1.,0.,0.));
#1672 = ADVANCED_FACE('',(#1673),#1684,.F.);
#1673 = FACE_BOUND('',#1674,.F.);
#1674 = EDGE_LOOP('',(#1675,#1676,#1682,#1683));
#1675 = ORIENTED_EDGE('',*,*,#1470,.F.);
#1676 = ORIENTED_EDGE('',*,*,#1677,.F.);
#1677 = EDGE_CURVE('',#1578,#1471,#1678,.T.);
#1678 = LINE('',#1679,#1680);
#1679 = CARTESIAN_POINT('',(-26.85,-24.,31.15));
#1680 = VECTOR('',#1681,1.);
#1681 = DIRECTION('',(0.,-1.224646799147E-16,-1.));
#1682 = ORIENTED_EDGE('',*,*,#1577,.T.);
#1683 = ORIENTED_EDGE('',*,*,#1677,.T.);
#1684 = CYLINDRICAL_SURFACE('',#1685,2.15);
#1685 = AXIS2_PLACEMENT_3D('',#1686,#1687,#1688);
#1686 = CARTESIAN_POINT('',(-29.,-24.,31.15));
#1687 = DIRECTION('',(0.,-1.224646799147E-16,-1.));
#1688 = DIRECTION('',(1.,0.,0.));
#1689 = ADVANCED_FACE('',(#1690),#1701,.F.);
#1690 = FACE_BOUND('',#1691,.F.);
#1691 = EDGE_LOOP('',(#1692,#1693,#1699,#1700));
#1692 = ORIENTED_EDGE('',*,*,#1481,.F.);
#1693 = ORIENTED_EDGE('',*,*,#1694,.F.);
#1694 = EDGE_CURVE('',#1589,#1482,#1695,.T.);
#1695 = LINE('',#1696,#1697);
#1696 = CARTESIAN_POINT('',(31.15,-24.,31.15));
#1697 = VECTOR('',#1698,1.);
#1698 = DIRECTION('',(0.,-1.224646799147E-16,-1.));
#1699 = ORIENTED_EDGE('',*,*,#1588,.T.);
#1700 = ORIENTED_EDGE('',*,*,#1694,.T.);
#1701 = CYLINDRICAL_SURFACE('',#1702,2.15);
#1702 = AXIS2_PLACEMENT_3D('',#1703,#1704,#1705);
#1703 = CARTESIAN_POINT('',(29.,-24.,31.15));
#1704 = DIRECTION('',(0.,-1.224646799147E-16,-1.));
#1705 = DIRECTION('',(1.,0.,0.));
#1706 = ADVANCED_FACE('',(#1707),#1726,.F.);
#1707 = FACE_BOUND('',#1708,.F.);
#1708 = EDGE_LOOP('',(#1709,#1718,#1724,#1725));
#1709 = ORIENTED_EDGE('',*,*,#1710,.F.);
#1710 = EDGE_CURVE('',#1711,#1711,#1713,.T.);
#1711 = VERTEX_POINT('',#1712);
#1712 = CARTESIAN_POINT('',(-3.255,7.5,22.15));
#1713 = CIRCLE('',#1714,2.8);
#1714 = AXIS2_PLACEMENT_3D('',#1715,#1716,#1717);
#1715 = CARTESIAN_POINT('',(-6.055,7.5,22.15));
#1716 = DIRECTION('',(0.,-1.224646799147E-16,-1.));
#1717 = DIRECTION('',(1.,0.,0.));
#1718 = ORIENTED_EDGE('',*,*,#1719,.F.);
#1719 = EDGE_CURVE('',#1545,#1711,#1720,.T.);
#1720 = LINE('',#1721,#1722);
#1721 = CARTESIAN_POINT('',(-3.255,7.5,30.15));
#1722 = VECTOR('',#1723,1.);
#1723 = DIRECTION('',(0.,-1.224646799147E-16,-1.));
#1724 = ORIENTED_EDGE('',*,*,#1544,.T.);
#1725 = ORIENTED_EDGE('',*,*,#1719,.T.);
#1726 = CYLINDRICAL_SURFACE('',#1727,2.8);
#1727 = AXIS2_PLACEMENT_3D('',#1728,#1729,#1730);
#1728 = CARTESIAN_POINT('',(-6.055,7.5,30.15));
#1729 = DIRECTION('',(0.,-1.224646799147E-16,-1.));
#1730 = DIRECTION('',(1.,0.,0.));
#1731 = ADVANCED_FACE('',(#1732),#1751,.F.);
#1732 = FACE_BOUND('',#1733,.F.);
#1733 = EDGE_LOOP('',(#1734,#1743,#1749,#1750));
#1734 = ORIENTED_EDGE('',*,*,#1735,.F.);
#1735 = EDGE_CURVE('',#1736,#1736,#1738,.T.);
#1736 = VERTEX_POINT('',#1737);
#1737 = CARTESIAN_POINT('',(-3.255,-7.5,22.15));
#1738 = CIRCLE('',#1739,2.8);
#1739 = AXIS2_PLACEMENT_3D('',#1740,#1741,#1742);
#1740 = CARTESIAN_POINT('',(-6.055,-7.5,22.15));
#1741 = DIRECTION('',(0.,-1.224646799147E-16,-1.));
#1742 = DIRECTION('',(1.,0.,0.));
#1743 = ORIENTED_EDGE('',*,*,#1744,.F.);
#1744 = EDGE_CURVE('',#1567,#1736,#1745,.T.);
#1745 = LINE('',#1746,#1747);
#1746 = CARTESIAN_POINT('',(-3.255,-7.5,30.15));
#1747 = VECTOR('',#1748,1.);
#1748 = DIRECTION('',(0.,-1.224646799147E-16,-1.));
#1749 = ORIENTED_EDGE('',*,*,#1566,.T.);
#1750 = ORIENTED_EDGE('',*,*,#1744,.T.);
#1751 = CYLINDRICAL_SURFACE('',#1752,2.8);
#1752 = AXIS2_PLACEMENT_3D('',#1753,#1754,#1755);
#1753 = CARTESIAN_POINT('',(-6.055,-7.5,30.15));
#1754 = DIRECTION('',(0.,-1.224646799147E-16,-1.));
#1755 = DIRECTION('',(1.,0.,0.));
#1756 = ADVANCED_FACE('',(#1757,#1760),#1771,.T.);
#1757 = FACE_BOUND('',#1758,.T.);
#1758 = EDGE_LOOP('',(#1759));
#1759 = ORIENTED_EDGE('',*,*,#1660,.T.);
#1760 = FACE_BOUND('',#1761,.T.);
#1761 = EDGE_LOOP('',(#1762));
#1762 = ORIENTED_EDGE('',*,*,#1763,.F.);
#1763 = EDGE_CURVE('',#1764,#1764,#1766,.T.);
#1764 = VERTEX_POINT('',#1765);
#1765 = CARTESIAN_POINT('',(19.15,2.991199806917E-15,16.275));
#1766 = CIRCLE('',#1767,19.15);
#1767 = AXIS2_PLACEMENT_3D('',#1768,#1769,#1770);
#1768 = CARTESIAN_POINT('',(0.,-1.699197433817E-15,16.275));
#1769 = DIRECTION('',(0.,-1.224646799147E-16,-1.));
#1770 = DIRECTION('',(1.,0.,0.));
#1771 = PLANE('',#1772);
#1772 = AXIS2_PLACEMENT_3D('',#1773,#1774,#1775);
#1773 = CARTESIAN_POINT('',(0.,-1.699197433817E-15,16.275));
#1774 = DIRECTION('',(0.,-1.224646799147E-16,-1.));
#1775 = DIRECTION('',(1.,0.,0.));
#1776 = ADVANCED_FACE('',(#1777,#1780),#1791,.F.);
#1777 = FACE_BOUND('',#1778,.F.);
#1778 = EDGE_LOOP('',(#1779));
#1779 = ORIENTED_EDGE('',*,*,#1710,.T.);
#1780 = FACE_BOUND('',#1781,.F.);
#1781 = EDGE_LOOP('',(#1782));
#1782 = ORIENTED_EDGE('',*,*,#1783,.F.);
#1783 = EDGE_CURVE('',#1784,#1784,#1786,.T.);
#1784 = VERTEX_POINT('',#1785);
#1785 = CARTESIAN_POINT('',(-4.855,7.5,22.15));
#1786 = CIRCLE('',#1787,1.2);
#1787 = AXIS2_PLACEMENT_3D('',#1788,#1789,#1790);
#1788 = CARTESIAN_POINT('',(-6.055,7.5,22.15));
#1789 = DIRECTION('',(0.,-1.224646799147E-16,-1.));
#1790 = DIRECTION('',(1.,0.,0.));
#1791 = PLANE('',#1792);
#1792 = AXIS2_PLACEMENT_3D('',#1793,#1794,#1795);
#1793 = CARTESIAN_POINT('',(-6.055,7.5,22.15));
#1794 = DIRECTION('',(0.,-1.224646799147E-16,-1.));
#1795 = DIRECTION('',(1.,0.,0.));
#1796 = ADVANCED_FACE('',(#1797,#1800),#1811,.F.);
#1797 = FACE_BOUND('',#1798,.F.);
#1798 = EDGE_LOOP('',(#1799));
#1799 = ORIENTED_EDGE('',*,*,#1735,.T.);
#1800 = FACE_BOUND('',#1801,.F.);
#1801 = EDGE_LOOP('',(#1802));
#1802 = ORIENTED_EDGE('',*,*,#1803,.F.);
#1803 = EDGE_CURVE('',#1804,#1804,#1806,.T.);
#1804 = VERTEX_POINT('',#1805);
#1805 = CARTESIAN_POINT('',(-4.855,-7.5,22.15));
#1806 = CIRCLE('',#1807,1.2);
#1807 = AXIS2_PLACEMENT_3D('',#1808,#1809,#1810);
#1808 = CARTESIAN_POINT('',(-6.055,-7.5,22.15));
#1809 = DIRECTION('',(0.,-1.224646799147E-16,-1.));
#1810 = DIRECTION('',(1.,0.,0.));
#1811 = PLANE('',#1812);
#1812 = AXIS2_PLACEMENT_3D('',#1813,#1814,#1815);
#1813 = CARTESIAN_POINT('',(-6.055,-7.5,22.15));
#1814 = DIRECTION('',(0.,-1.224646799147E-16,-1.));
#1815 = DIRECTION('',(1.,0.,0.));
#1816 = ADVANCED_FACE('',(#1817),#1836,.T.);
#1817 = FACE_BOUND('',#1818,.T.);
#1818 = EDGE_LOOP('',(#1819,#1828,#1834,#1835));
#1819 = ORIENTED_EDGE('',*,*,#1820,.F.);
#1820 = EDGE_CURVE('',#1821,#1821,#1823,.T.);
#1821 = VERTEX_POINT('',#1822);
#1822 = CARTESIAN_POINT('',(19.15,2.853427042013E-15,15.15));
#1823 = CIRCLE('',#1824,19.15);
#1824 = AXIS2_PLACEMENT_3D('',#1825,#1826,#1827);
#1825 = CARTESIAN_POINT('',(0.,-1.836970198721E-15,15.15));
#1826 = DIRECTION('',(0.,-1.224646799147E-16,-1.));
#1827 = DIRECTION('',(1.,0.,0.));
#1828 = ORIENTED_EDGE('',*,*,#1829,.F.);
#1829 = EDGE_CURVE('',#1764,#1821,#1830,.T.);
#1830 = LINE('',#1831,#1832);
#1831 = CARTESIAN_POINT('',(19.15,2.991199806917E-15,16.275));
#1832 = VECTOR('',#1833,1.);
#1833 = DIRECTION('',(0.,-1.224646799147E-16,-1.));
#1834 = ORIENTED_EDGE('',*,*,#1763,.T.);
#1835 = ORIENTED_EDGE('',*,*,#1829,.T.);
#1836 = CYLINDRICAL_SURFACE('',#1837,19.15);
#1837 = AXIS2_PLACEMENT_3D('',#1838,#1839,#1840);
#1838 = CARTESIAN_POINT('',(0.,-1.699197433817E-15,16.275));
#1839 = DIRECTION('',(0.,-1.224646799147E-16,-1.));
#1840 = DIRECTION('',(1.,0.,0.));
#1841 = ADVANCED_FACE('',(#1842),#1879,.F.);
#1842 = FACE_BOUND('',#1843,.F.);
#1843 = EDGE_LOOP('',(#1844,#1852,#1861,#1870,#1877,#1878));
#1844 = ORIENTED_EDGE('',*,*,#1845,.T.);
#1845 = EDGE_CURVE('',#1784,#1846,#1848,.T.);
#1846 = VERTEX_POINT('',#1847);
#1847 = CARTESIAN_POINT('',(-4.855,7.5,15.65));
#1848 = LINE('',#1849,#1850);
#1849 = CARTESIAN_POINT('',(-4.855,7.5,22.15));
#1850 = VECTOR('',#1851,1.);
#1851 = DIRECTION('',(0.,-1.224646799147E-16,-1.));
#1852 = ORIENTED_EDGE('',*,*,#1853,.F.);
#1853 = EDGE_CURVE('',#1854,#1846,#1856,.T.);
#1854 = VERTEX_POINT('',#1855);
#1855 = CARTESIAN_POINT('',(-4.964128788536,8.,15.65));
#1856 = CIRCLE('',#1857,1.2);
#1857 = AXIS2_PLACEMENT_3D('',#1858,#1859,#1860);
#1858 = CARTESIAN_POINT('',(-6.055,7.5,15.65));
#1859 = DIRECTION('',(0.,-1.224646799147E-16,-1.));
#1860 = DIRECTION('',(1.,0.,0.));
#1861 = ORIENTED_EDGE('',*,*,#1862,.F.);
#1862 = EDGE_CURVE('',#1863,#1854,#1865,.T.);
#1863 = VERTEX_POINT('',#1864);
#1864 = CARTESIAN_POINT('',(-4.964128788536,7.,15.65));
#1865 = CIRCLE('',#1866,1.2);
#1866 = AXIS2_PLACEMENT_3D('',#1867,#1868,#1869);
#1867 = CARTESIAN_POINT('',(-6.055,7.5,15.65));
#1868 = DIRECTION('',(0.,-1.224646799147E-16,-1.));
#1869 = DIRECTION('',(1.,0.,0.));
#1870 = ORIENTED_EDGE('',*,*,#1871,.F.);
#1871 = EDGE_CURVE('',#1846,#1863,#1872,.T.);
#1872 = CIRCLE('',#1873,1.2);
#1873 = AXIS2_PLACEMENT_3D('',#1874,#1875,#1876);
#1874 = CARTESIAN_POINT('',(-6.055,7.5,15.65));
#1875 = DIRECTION('',(0.,-1.224646799147E-16,-1.));
#1876 = DIRECTION('',(1.,0.,0.));
#1877 = ORIENTED_EDGE('',*,*,#1845,.F.);
#1878 = ORIENTED_EDGE('',*,*,#1783,.T.);
#1879 = CYLINDRICAL_SURFACE('',#1880,1.2);
#1880 = AXIS2_PLACEMENT_3D('',#1881,#1882,#1883);
#1881 = CARTESIAN_POINT('',(-6.055,7.5,22.15));
#1882 = DIRECTION('',(0.,-1.224646799147E-16,-1.));
#1883 = DIRECTION('',(1.,0.,0.));
#1884 = ADVANCED_FACE('',(#1885),#1922,.F.);
#1885 = FACE_BOUND('',#1886,.F.);
#1886 = EDGE_LOOP('',(#1887,#1895,#1904,#1913,#1920,#1921));
#1887 = ORIENTED_EDGE('',*,*,#1888,.T.);
#1888 = EDGE_CURVE('',#1804,#1889,#1891,.T.);
#1889 = VERTEX_POINT('',#1890);
#1890 = CARTESIAN_POINT('',(-4.855,-7.5,15.65));
#1891 = LINE('',#1892,#1893);
#1892 = CARTESIAN_POINT('',(-4.855,-7.5,22.15));
#1893 = VECTOR('',#1894,1.);
#1894 = DIRECTION('',(0.,-1.224646799147E-16,-1.));
#1895 = ORIENTED_EDGE('',*,*,#1896,.F.);
#1896 = EDGE_CURVE('',#1897,#1889,#1899,.T.);
#1897 = VERTEX_POINT('',#1898);
#1898 = CARTESIAN_POINT('',(-4.964128788536,-7.,15.65));
#1899 = CIRCLE('',#1900,1.2);
#1900 = AXIS2_PLACEMENT_3D('',#1901,#1902,#1903);
#1901 = CARTESIAN_POINT('',(-6.055,-7.5,15.65));
#1902 = DIRECTION('',(0.,-1.224646799147E-16,-1.));
#1903 = DIRECTION('',(1.,0.,0.));
#1904 = ORIENTED_EDGE('',*,*,#1905,.F.);
#1905 = EDGE_CURVE('',#1906,#1897,#1908,.T.);
#1906 = VERTEX_POINT('',#1907);
#1907 = CARTESIAN_POINT('',(-4.964128788536,-8.,15.65));
#1908 = CIRCLE('',#1909,1.2);
#1909 = AXIS2_PLACEMENT_3D('',#1910,#1911,#1912);
#1910 = CARTESIAN_POINT('',(-6.055,-7.5,15.65));
#1911 = DIRECTION('',(0.,-1.224646799147E-16,-1.));
#1912 = DIRECTION('',(1.,0.,0.));
#1913 = ORIENTED_EDGE('',*,*,#1914,.F.);
#1914 = EDGE_CURVE('',#1889,#1906,#1915,.T.);
#1915 = CIRCLE('',#1916,1.2);
#1916 = AXIS2_PLACEMENT_3D('',#1917,#1918,#1919);
#1917 = CARTESIAN_POINT('',(-6.055,-7.5,15.65));
#1918 = DIRECTION('',(0.,-1.224646799147E-16,-1.));
#1919 = DIRECTION('',(1.,0.,0.));
#1920 = ORIENTED_EDGE('',*,*,#1888,.F.);
#1921 = ORIENTED_EDGE('',*,*,#1803,.T.);
#1922 = CYLINDRICAL_SURFACE('',#1923,1.2);
#1923 = AXIS2_PLACEMENT_3D('',#1924,#1925,#1926);
#1924 = CARTESIAN_POINT('',(-6.055,-7.5,22.15));
#1925 = DIRECTION('',(0.,-1.224646799147E-16,-1.));
#1926 = DIRECTION('',(1.,0.,0.));
#1927 = ADVANCED_FACE('',(#1928,#1931),#2103,.T.);
#1928 = FACE_BOUND('',#1929,.T.);
#1929 = EDGE_LOOP('',(#1930));
#1930 = ORIENTED_EDGE('',*,*,#1820,.T.);
#1931 = FACE_BOUND('',#1932,.T.);
#1932 = EDGE_LOOP('',(#1933,#1943,#1951,#1959,#1968,#1977,#1985,#1994,
    #2002,#2011,#2020,#2028,#2036,#2044,#2053,#2062,#2070,#2079,#2087,
    #2096));
#1933 = ORIENTED_EDGE('',*,*,#1934,.F.);
#1934 = EDGE_CURVE('',#1935,#1937,#1939,.T.);
#1935 = VERTEX_POINT('',#1936);
#1936 = CARTESIAN_POINT('',(-7.055,8.,15.15));
#1937 = VERTEX_POINT('',#1938);
#1938 = CARTESIAN_POINT('',(7.055,8.,15.15));
#1939 = LINE('',#1940,#1941);
#1940 = CARTESIAN_POINT('',(-7.055,8.,15.15));
#1941 = VECTOR('',#1942,1.);
#1942 = DIRECTION('',(1.,0.,0.));
#1943 = ORIENTED_EDGE('',*,*,#1944,.T.);
#1944 = EDGE_CURVE('',#1935,#1945,#1947,.T.);
#1945 = VERTEX_POINT('',#1946);
#1946 = CARTESIAN_POINT('',(-7.055,7.,15.15));
#1947 = LINE('',#1948,#1949);
#1948 = CARTESIAN_POINT('',(-7.055,8.,15.15));
#1949 = VECTOR('',#1950,1.);
#1950 = DIRECTION('',(0.,-1.,1.224646799147E-16));
#1951 = ORIENTED_EDGE('',*,*,#1952,.T.);
#1952 = EDGE_CURVE('',#1945,#1953,#1955,.T.);
#1953 = VERTEX_POINT('',#1954);
#1954 = CARTESIAN_POINT('',(7.055,7.,15.15));
#1955 = LINE('',#1956,#1957);
#1956 = CARTESIAN_POINT('',(-7.055,7.,15.15));
#1957 = VECTOR('',#1958,1.);
#1958 = DIRECTION('',(1.,0.,0.));
#1959 = ORIENTED_EDGE('',*,*,#1960,.T.);
#1960 = EDGE_CURVE('',#1953,#1961,#1963,.T.);
#1961 = VERTEX_POINT('',#1962);
#1962 = CARTESIAN_POINT('',(9.055,5.,15.15));
#1963 = CIRCLE('',#1964,2.);
#1964 = AXIS2_PLACEMENT_3D('',#1965,#1966,#1967);
#1965 = CARTESIAN_POINT('',(7.055,5.,15.15));
#1966 = DIRECTION('',(0.,-1.224646799147E-16,-1.));
#1967 = DIRECTION('',(1.,0.,0.));
#1968 = ORIENTED_EDGE('',*,*,#1969,.T.);
#1969 = EDGE_CURVE('',#1961,#1970,#1972,.T.);
#1970 = VERTEX_POINT('',#1971);
#1971 = CARTESIAN_POINT('',(7.055,3.,15.15));
#1972 = CIRCLE('',#1973,2.);
#1973 = AXIS2_PLACEMENT_3D('',#1974,#1975,#1976);
#1974 = CARTESIAN_POINT('',(7.055,5.,15.15));
#1975 = DIRECTION('',(0.,-1.224646799147E-16,-1.));
#1976 = DIRECTION('',(1.,0.,0.));
#1977 = ORIENTED_EDGE('',*,*,#1978,.F.);
#1978 = EDGE_CURVE('',#1979,#1970,#1981,.T.);
#1979 = VERTEX_POINT('',#1980);
#1980 = CARTESIAN_POINT('',(-7.055,3.,15.15));
#1981 = LINE('',#1982,#1983);
#1982 = CARTESIAN_POINT('',(-7.055,3.,15.15));
#1983 = VECTOR('',#1984,1.);
#1984 = DIRECTION('',(1.,0.,0.));
#1985 = ORIENTED_EDGE('',*,*,#1986,.F.);
#1986 = EDGE_CURVE('',#1987,#1979,#1989,.T.);
#1987 = VERTEX_POINT('',#1988);
#1988 = CARTESIAN_POINT('',(-7.055,-3.,15.15));
#1989 = CIRCLE('',#1990,3.);
#1990 = AXIS2_PLACEMENT_3D('',#1991,#1992,#1993);
#1991 = CARTESIAN_POINT('',(-7.055,-1.836970198721E-15,15.15));
#1992 = DIRECTION('',(0.,-1.224646799147E-16,-1.));
#1993 = DIRECTION('',(1.,0.,0.));
#1994 = ORIENTED_EDGE('',*,*,#1995,.T.);
#1995 = EDGE_CURVE('',#1987,#1996,#1998,.T.);
#1996 = VERTEX_POINT('',#1997);
#1997 = CARTESIAN_POINT('',(7.055,-3.,15.15));
#1998 = LINE('',#1999,#2000);
#1999 = CARTESIAN_POINT('',(-7.055,-3.,15.15));
#2000 = VECTOR('',#2001,1.);
#2001 = DIRECTION('',(1.,0.,0.));
#2002 = ORIENTED_EDGE('',*,*,#2003,.T.);
#2003 = EDGE_CURVE('',#1996,#2004,#2006,.T.);
#2004 = VERTEX_POINT('',#2005);
#2005 = CARTESIAN_POINT('',(9.055,-5.,15.15));
#2006 = CIRCLE('',#2007,2.);
#2007 = AXIS2_PLACEMENT_3D('',#2008,#2009,#2010);
#2008 = CARTESIAN_POINT('',(7.055,-5.,15.15));
#2009 = DIRECTION('',(0.,-1.224646799147E-16,-1.));
#2010 = DIRECTION('',(1.,0.,0.));
#2011 = ORIENTED_EDGE('',*,*,#2012,.T.);
#2012 = EDGE_CURVE('',#2004,#2013,#2015,.T.);
#2013 = VERTEX_POINT('',#2014);
#2014 = CARTESIAN_POINT('',(7.055,-7.,15.15));
#2015 = CIRCLE('',#2016,2.);
#2016 = AXIS2_PLACEMENT_3D('',#2017,#2018,#2019);
#2017 = CARTESIAN_POINT('',(7.055,-5.,15.15));
#2018 = DIRECTION('',(0.,-1.224646799147E-16,-1.));
#2019 = DIRECTION('',(1.,0.,0.));
#2020 = ORIENTED_EDGE('',*,*,#2021,.F.);
#2021 = EDGE_CURVE('',#2022,#2013,#2024,.T.);
#2022 = VERTEX_POINT('',#2023);
#2023 = CARTESIAN_POINT('',(-7.055,-7.,15.15));
#2024 = LINE('',#2025,#2026);
#2025 = CARTESIAN_POINT('',(-7.055,-7.,15.15));
#2026 = VECTOR('',#2027,1.);
#2027 = DIRECTION('',(1.,0.,0.));
#2028 = ORIENTED_EDGE('',*,*,#2029,.T.);
#2029 = EDGE_CURVE('',#2022,#2030,#2032,.T.);
#2030 = VERTEX_POINT('',#2031);
#2031 = CARTESIAN_POINT('',(-7.055,-8.,15.15));
#2032 = LINE('',#2033,#2034);
#2033 = CARTESIAN_POINT('',(-7.055,-7.,15.15));
#2034 = VECTOR('',#2035,1.);
#2035 = DIRECTION('',(0.,-1.,1.224646799147E-16));
#2036 = ORIENTED_EDGE('',*,*,#2037,.T.);
#2037 = EDGE_CURVE('',#2030,#2038,#2040,.T.);
#2038 = VERTEX_POINT('',#2039);
#2039 = CARTESIAN_POINT('',(7.055,-8.,15.15));
#2040 = LINE('',#2041,#2042);
#2041 = CARTESIAN_POINT('',(-7.055,-8.,15.15));
#2042 = VECTOR('',#2043,1.);
#2043 = DIRECTION('',(1.,0.,0.));
#2044 = ORIENTED_EDGE('',*,*,#2045,.F.);
#2045 = EDGE_CURVE('',#2046,#2038,#2048,.T.);
#2046 = VERTEX_POINT('',#2047);
#2047 = CARTESIAN_POINT('',(10.055,-5.,15.15));
#2048 = CIRCLE('',#2049,3.);
#2049 = AXIS2_PLACEMENT_3D('',#2050,#2051,#2052);
#2050 = CARTESIAN_POINT('',(7.055,-5.,15.15));
#2051 = DIRECTION('',(0.,-1.224646799147E-16,-1.));
#2052 = DIRECTION('',(1.,0.,0.));
#2053 = ORIENTED_EDGE('',*,*,#2054,.F.);
#2054 = EDGE_CURVE('',#2055,#2046,#2057,.T.);
#2055 = VERTEX_POINT('',#2056);
#2056 = CARTESIAN_POINT('',(7.055,-2.,15.15));
#2057 = CIRCLE('',#2058,3.);
#2058 = AXIS2_PLACEMENT_3D('',#2059,#2060,#2061);
#2059 = CARTESIAN_POINT('',(7.055,-5.,15.15));
#2060 = DIRECTION('',(0.,-1.224646799147E-16,-1.));
#2061 = DIRECTION('',(1.,0.,0.));
#2062 = ORIENTED_EDGE('',*,*,#2063,.F.);
#2063 = EDGE_CURVE('',#2064,#2055,#2066,.T.);
#2064 = VERTEX_POINT('',#2065);
#2065 = CARTESIAN_POINT('',(-7.055,-2.,15.15));
#2066 = LINE('',#2067,#2068);
#2067 = CARTESIAN_POINT('',(-7.055,-2.,15.15));
#2068 = VECTOR('',#2069,1.);
#2069 = DIRECTION('',(1.,0.,0.));
#2070 = ORIENTED_EDGE('',*,*,#2071,.T.);
#2071 = EDGE_CURVE('',#2064,#2072,#2074,.T.);
#2072 = VERTEX_POINT('',#2073);
#2073 = CARTESIAN_POINT('',(-7.055,2.,15.15));
#2074 = CIRCLE('',#2075,2.);
#2075 = AXIS2_PLACEMENT_3D('',#2076,#2077,#2078);
#2076 = CARTESIAN_POINT('',(-7.055,-1.836970198721E-15,15.15));
#2077 = DIRECTION('',(0.,-1.224646799147E-16,-1.));
#2078 = DIRECTION('',(1.,0.,0.));
#2079 = ORIENTED_EDGE('',*,*,#2080,.T.);
#2080 = EDGE_CURVE('',#2072,#2081,#2083,.T.);
#2081 = VERTEX_POINT('',#2082);
#2082 = CARTESIAN_POINT('',(7.055,2.,15.15));
#2083 = LINE('',#2084,#2085);
#2084 = CARTESIAN_POINT('',(-7.055,2.,15.15));
#2085 = VECTOR('',#2086,1.);
#2086 = DIRECTION('',(1.,0.,0.));
#2087 = ORIENTED_EDGE('',*,*,#2088,.F.);
#2088 = EDGE_CURVE('',#2089,#2081,#2091,.T.);
#2089 = VERTEX_POINT('',#2090);
#2090 = CARTESIAN_POINT('',(10.055,5.,15.15));
#2091 = CIRCLE('',#2092,3.);
#2092 = AXIS2_PLACEMENT_3D('',#2093,#2094,#2095);
#2093 = CARTESIAN_POINT('',(7.055,5.,15.15));
#2094 = DIRECTION('',(0.,-1.224646799147E-16,-1.));
#2095 = DIRECTION('',(1.,0.,0.));
#2096 = ORIENTED_EDGE('',*,*,#2097,.F.);
#2097 = EDGE_CURVE('',#1937,#2089,#2098,.T.);
#2098 = CIRCLE('',#2099,3.);
#2099 = AXIS2_PLACEMENT_3D('',#2100,#2101,#2102);
#2100 = CARTESIAN_POINT('',(7.055,5.,15.15));
#2101 = DIRECTION('',(0.,-1.224646799147E-16,-1.));
#2102 = DIRECTION('',(1.,0.,0.));
#2103 = PLANE('',#2104);
#2104 = AXIS2_PLACEMENT_3D('',#2105,#2106,#2107);
#2105 = CARTESIAN_POINT('',(-35.,30.,15.15));
#2106 = DIRECTION('',(0.,-1.224646799147E-16,-1.));
#2107 = DIRECTION('',(1.,0.,0.));
#2108 = ADVANCED_FACE('',(#2109),#2265,.F.);
#2109 = FACE_BOUND('',#2110,.F.);
#2110 = EDGE_LOOP('',(#2111,#2119,#2120,#2121,#2129,#2138,#2147,#2155,
    #2164,#2172,#2181,#2190,#2196,#2197,#2198,#2206,#2215,#2224,#2232,
    #2241,#2249,#2258));
#2111 = ORIENTED_EDGE('',*,*,#2112,.F.);
#2112 = EDGE_CURVE('',#1854,#2113,#2115,.T.);
#2113 = VERTEX_POINT('',#2114);
#2114 = CARTESIAN_POINT('',(7.055,8.,15.65));
#2115 = LINE('',#2116,#2117);
#2116 = CARTESIAN_POINT('',(-7.055,8.,15.65));
#2117 = VECTOR('',#2118,1.);
#2118 = DIRECTION('',(1.,0.,0.));
#2119 = ORIENTED_EDGE('',*,*,#1853,.T.);
#2120 = ORIENTED_EDGE('',*,*,#1871,.T.);
#2121 = ORIENTED_EDGE('',*,*,#2122,.T.);
#2122 = EDGE_CURVE('',#1863,#2123,#2125,.T.);
#2123 = VERTEX_POINT('',#2124);
#2124 = CARTESIAN_POINT('',(7.055,7.,15.65));
#2125 = LINE('',#2126,#2127);
#2126 = CARTESIAN_POINT('',(-7.055,7.,15.65));
#2127 = VECTOR('',#2128,1.);
#2128 = DIRECTION('',(1.,0.,0.));
#2129 = ORIENTED_EDGE('',*,*,#2130,.T.);
#2130 = EDGE_CURVE('',#2123,#2131,#2133,.T.);
#2131 = VERTEX_POINT('',#2132);
#2132 = CARTESIAN_POINT('',(9.055,5.,15.65));
#2133 = CIRCLE('',#2134,2.);
#2134 = AXIS2_PLACEMENT_3D('',#2135,#2136,#2137);
#2135 = CARTESIAN_POINT('',(7.055,5.,15.65));
#2136 = DIRECTION('',(0.,-1.224646799147E-16,-1.));
#2137 = DIRECTION('',(1.,0.,0.));
#2138 = ORIENTED_EDGE('',*,*,#2139,.T.);
#2139 = EDGE_CURVE('',#2131,#2140,#2142,.T.);
#2140 = VERTEX_POINT('',#2141);
#2141 = CARTESIAN_POINT('',(7.055,3.,15.65));
#2142 = CIRCLE('',#2143,2.);
#2143 = AXIS2_PLACEMENT_3D('',#2144,#2145,#2146);
#2144 = CARTESIAN_POINT('',(7.055,5.,15.65));
#2145 = DIRECTION('',(0.,-1.224646799147E-16,-1.));
#2146 = DIRECTION('',(1.,0.,0.));
#2147 = ORIENTED_EDGE('',*,*,#2148,.F.);
#2148 = EDGE_CURVE('',#2149,#2140,#2151,.T.);
#2149 = VERTEX_POINT('',#2150);
#2150 = CARTESIAN_POINT('',(-7.055,3.,15.65));
#2151 = LINE('',#2152,#2153);
#2152 = CARTESIAN_POINT('',(-7.055,3.,15.65));
#2153 = VECTOR('',#2154,1.);
#2154 = DIRECTION('',(1.,0.,0.));
#2155 = ORIENTED_EDGE('',*,*,#2156,.F.);
#2156 = EDGE_CURVE('',#2157,#2149,#2159,.T.);
#2157 = VERTEX_POINT('',#2158);
#2158 = CARTESIAN_POINT('',(-7.055,-3.,15.65));
#2159 = CIRCLE('',#2160,3.);
#2160 = AXIS2_PLACEMENT_3D('',#2161,#2162,#2163);
#2161 = CARTESIAN_POINT('',(-7.055,-1.775737858764E-15,15.65));
#2162 = DIRECTION('',(0.,-1.224646799147E-16,-1.));
#2163 = DIRECTION('',(1.,0.,0.));
#2164 = ORIENTED_EDGE('',*,*,#2165,.T.);
#2165 = EDGE_CURVE('',#2157,#2166,#2168,.T.);
#2166 = VERTEX_POINT('',#2167);
#2167 = CARTESIAN_POINT('',(7.055,-3.,15.65));
#2168 = LINE('',#2169,#2170);
#2169 = CARTESIAN_POINT('',(-7.055,-3.,15.65));
#2170 = VECTOR('',#2171,1.);
#2171 = DIRECTION('',(1.,0.,0.));
#2172 = ORIENTED_EDGE('',*,*,#2173,.T.);
#2173 = EDGE_CURVE('',#2166,#2174,#2176,.T.);
#2174 = VERTEX_POINT('',#2175);
#2175 = CARTESIAN_POINT('',(9.055,-5.,15.65));
#2176 = CIRCLE('',#2177,2.);
#2177 = AXIS2_PLACEMENT_3D('',#2178,#2179,#2180);
#2178 = CARTESIAN_POINT('',(7.055,-5.,15.65));
#2179 = DIRECTION('',(0.,-1.224646799147E-16,-1.));
#2180 = DIRECTION('',(1.,0.,0.));
#2181 = ORIENTED_EDGE('',*,*,#2182,.T.);
#2182 = EDGE_CURVE('',#2174,#2183,#2185,.T.);
#2183 = VERTEX_POINT('',#2184);
#2184 = CARTESIAN_POINT('',(7.055,-7.,15.65));
#2185 = CIRCLE('',#2186,2.);
#2186 = AXIS2_PLACEMENT_3D('',#2187,#2188,#2189);
#2187 = CARTESIAN_POINT('',(7.055,-5.,15.65));
#2188 = DIRECTION('',(0.,-1.224646799147E-16,-1.));
#2189 = DIRECTION('',(1.,0.,0.));
#2190 = ORIENTED_EDGE('',*,*,#2191,.F.);
#2191 = EDGE_CURVE('',#1897,#2183,#2192,.T.);
#2192 = LINE('',#2193,#2194);
#2193 = CARTESIAN_POINT('',(-7.055,-7.,15.65));
#2194 = VECTOR('',#2195,1.);
#2195 = DIRECTION('',(1.,0.,0.));
#2196 = ORIENTED_EDGE('',*,*,#1896,.T.);
#2197 = ORIENTED_EDGE('',*,*,#1914,.T.);
#2198 = ORIENTED_EDGE('',*,*,#2199,.T.);
#2199 = EDGE_CURVE('',#1906,#2200,#2202,.T.);
#2200 = VERTEX_POINT('',#2201);
#2201 = CARTESIAN_POINT('',(7.055,-8.,15.65));
#2202 = LINE('',#2203,#2204);
#2203 = CARTESIAN_POINT('',(-7.055,-8.,15.65));
#2204 = VECTOR('',#2205,1.);
#2205 = DIRECTION('',(1.,0.,0.));
#2206 = ORIENTED_EDGE('',*,*,#2207,.F.);
#2207 = EDGE_CURVE('',#2208,#2200,#2210,.T.);
#2208 = VERTEX_POINT('',#2209);
#2209 = CARTESIAN_POINT('',(10.055,-5.,15.65));
#2210 = CIRCLE('',#2211,3.);
#2211 = AXIS2_PLACEMENT_3D('',#2212,#2213,#2214);
#2212 = CARTESIAN_POINT('',(7.055,-5.,15.65));
#2213 = DIRECTION('',(0.,-1.224646799147E-16,-1.));
#2214 = DIRECTION('',(1.,0.,0.));
#2215 = ORIENTED_EDGE('',*,*,#2216,.F.);
#2216 = EDGE_CURVE('',#2217,#2208,#2219,.T.);
#2217 = VERTEX_POINT('',#2218);
#2218 = CARTESIAN_POINT('',(7.055,-2.,15.65));
#2219 = CIRCLE('',#2220,3.);
#2220 = AXIS2_PLACEMENT_3D('',#2221,#2222,#2223);
#2221 = CARTESIAN_POINT('',(7.055,-5.,15.65));
#2222 = DIRECTION('',(0.,-1.224646799147E-16,-1.));
#2223 = DIRECTION('',(1.,0.,0.));
#2224 = ORIENTED_EDGE('',*,*,#2225,.F.);
#2225 = EDGE_CURVE('',#2226,#2217,#2228,.T.);
#2226 = VERTEX_POINT('',#2227);
#2227 = CARTESIAN_POINT('',(-7.055,-2.,15.65));
#2228 = LINE('',#2229,#2230);
#2229 = CARTESIAN_POINT('',(-7.055,-2.,15.65));
#2230 = VECTOR('',#2231,1.);
#2231 = DIRECTION('',(1.,0.,0.));
#2232 = ORIENTED_EDGE('',*,*,#2233,.T.);
#2233 = EDGE_CURVE('',#2226,#2234,#2236,.T.);
#2234 = VERTEX_POINT('',#2235);
#2235 = CARTESIAN_POINT('',(-7.055,2.,15.65));
#2236 = CIRCLE('',#2237,2.);
#2237 = AXIS2_PLACEMENT_3D('',#2238,#2239,#2240);
#2238 = CARTESIAN_POINT('',(-7.055,-1.775737858764E-15,15.65));
#2239 = DIRECTION('',(0.,-1.224646799147E-16,-1.));
#2240 = DIRECTION('',(1.,0.,0.));
#2241 = ORIENTED_EDGE('',*,*,#2242,.T.);
#2242 = EDGE_CURVE('',#2234,#2243,#2245,.T.);
#2243 = VERTEX_POINT('',#2244);
#2244 = CARTESIAN_POINT('',(7.055,2.,15.65));
#2245 = LINE('',#2246,#2247);
#2246 = CARTESIAN_POINT('',(-7.055,2.,15.65));
#2247 = VECTOR('',#2248,1.);
#2248 = DIRECTION('',(1.,0.,0.));
#2249 = ORIENTED_EDGE('',*,*,#2250,.F.);
#2250 = EDGE_CURVE('',#2251,#2243,#2253,.T.);
#2251 = VERTEX_POINT('',#2252);
#2252 = CARTESIAN_POINT('',(10.055,5.,15.65));
#2253 = CIRCLE('',#2254,3.);
#2254 = AXIS2_PLACEMENT_3D('',#2255,#2256,#2257);
#2255 = CARTESIAN_POINT('',(7.055,5.,15.65));
#2256 = DIRECTION('',(0.,-1.224646799147E-16,-1.));
#2257 = DIRECTION('',(1.,0.,0.));
#2258 = ORIENTED_EDGE('',*,*,#2259,.F.);
#2259 = EDGE_CURVE('',#2113,#2251,#2260,.T.);
#2260 = CIRCLE('',#2261,3.);
#2261 = AXIS2_PLACEMENT_3D('',#2262,#2263,#2264);
#2262 = CARTESIAN_POINT('',(7.055,5.,15.65));
#2263 = DIRECTION('',(0.,-1.224646799147E-16,-1.));
#2264 = DIRECTION('',(1.,0.,0.));
#2265 = PLANE('',#2266);
#2266 = AXIS2_PLACEMENT_3D('',#2267,#2268,#2269);
#2267 = CARTESIAN_POINT('',(0.788455560635,-1.864037884322E-15,15.65));
#2268 = DIRECTION('',(-0.,1.224646799147E-16,1.));
#2269 = DIRECTION('',(-1.,-0.,0.));
#2270 = ADVANCED_FACE('',(#2271),#2296,.F.);
#2271 = FACE_BOUND('',#2272,.F.);
#2272 = EDGE_LOOP('',(#2273,#2281,#2282,#2290));
#2273 = ORIENTED_EDGE('',*,*,#2274,.T.);
#2274 = EDGE_CURVE('',#2275,#1863,#2277,.T.);
#2275 = VERTEX_POINT('',#2276);
#2276 = CARTESIAN_POINT('',(-7.055,7.,15.65));
#2277 = LINE('',#2278,#2279);
#2278 = CARTESIAN_POINT('',(-7.055,7.,15.65));
#2279 = VECTOR('',#2280,1.);
#2280 = DIRECTION('',(1.,0.,0.));
#2281 = ORIENTED_EDGE('',*,*,#1862,.T.);
#2282 = ORIENTED_EDGE('',*,*,#2283,.F.);
#2283 = EDGE_CURVE('',#2284,#1854,#2286,.T.);
#2284 = VERTEX_POINT('',#2285);
#2285 = CARTESIAN_POINT('',(-7.055,8.,15.65));
#2286 = LINE('',#2287,#2288);
#2287 = CARTESIAN_POINT('',(-7.055,8.,15.65));
#2288 = VECTOR('',#2289,1.);
#2289 = DIRECTION('',(1.,0.,0.));
#2290 = ORIENTED_EDGE('',*,*,#2291,.T.);
#2291 = EDGE_CURVE('',#2284,#2275,#2292,.T.);
#2292 = LINE('',#2293,#2294);
#2293 = CARTESIAN_POINT('',(-7.055,8.,15.65));
#2294 = VECTOR('',#2295,1.);
#2295 = DIRECTION('',(0.,-1.,1.224646799147E-16));
#2296 = PLANE('',#2297);
#2297 = AXIS2_PLACEMENT_3D('',#2298,#2299,#2300);
#2298 = CARTESIAN_POINT('',(-6.055,7.5,15.65));
#2299 = DIRECTION('',(0.,-1.224646799147E-16,-1.));
#2300 = DIRECTION('',(1.,0.,0.));
#2301 = ADVANCED_FACE('',(#2302),#2327,.F.);
#2302 = FACE_BOUND('',#2303,.F.);
#2303 = EDGE_LOOP('',(#2304,#2312,#2313,#2321));
#2304 = ORIENTED_EDGE('',*,*,#2305,.T.);
#2305 = EDGE_CURVE('',#2306,#1906,#2308,.T.);
#2306 = VERTEX_POINT('',#2307);
#2307 = CARTESIAN_POINT('',(-7.055,-8.,15.65));
#2308 = LINE('',#2309,#2310);
#2309 = CARTESIAN_POINT('',(-7.055,-8.,15.65));
#2310 = VECTOR('',#2311,1.);
#2311 = DIRECTION('',(1.,0.,0.));
#2312 = ORIENTED_EDGE('',*,*,#1905,.T.);
#2313 = ORIENTED_EDGE('',*,*,#2314,.F.);
#2314 = EDGE_CURVE('',#2315,#1897,#2317,.T.);
#2315 = VERTEX_POINT('',#2316);
#2316 = CARTESIAN_POINT('',(-7.055,-7.,15.65));
#2317 = LINE('',#2318,#2319);
#2318 = CARTESIAN_POINT('',(-7.055,-7.,15.65));
#2319 = VECTOR('',#2320,1.);
#2320 = DIRECTION('',(1.,0.,0.));
#2321 = ORIENTED_EDGE('',*,*,#2322,.T.);
#2322 = EDGE_CURVE('',#2315,#2306,#2323,.T.);
#2323 = LINE('',#2324,#2325);
#2324 = CARTESIAN_POINT('',(-7.055,-7.,15.65));
#2325 = VECTOR('',#2326,1.);
#2326 = DIRECTION('',(0.,-1.,1.224646799147E-16));
#2327 = PLANE('',#2328);
#2328 = AXIS2_PLACEMENT_3D('',#2329,#2330,#2331);
#2329 = CARTESIAN_POINT('',(-6.055,-7.5,15.65));
#2330 = DIRECTION('',(0.,-1.224646799147E-16,-1.));
#2331 = DIRECTION('',(1.,0.,0.));
#2332 = ADVANCED_FACE('',(#2333),#2350,.T.);
#2333 = FACE_BOUND('',#2334,.T.);
#2334 = EDGE_LOOP('',(#2335,#2336,#2342,#2343,#2349));
#2335 = ORIENTED_EDGE('',*,*,#2283,.F.);
#2336 = ORIENTED_EDGE('',*,*,#2337,.T.);
#2337 = EDGE_CURVE('',#2284,#1935,#2338,.T.);
#2338 = LINE('',#2339,#2340);
#2339 = CARTESIAN_POINT('',(-7.055,8.,15.65));
#2340 = VECTOR('',#2341,1.);
#2341 = DIRECTION('',(0.,-1.224646799147E-16,-1.));
#2342 = ORIENTED_EDGE('',*,*,#1934,.T.);
#2343 = ORIENTED_EDGE('',*,*,#2344,.F.);
#2344 = EDGE_CURVE('',#2113,#1937,#2345,.T.);
#2345 = LINE('',#2346,#2347);
#2346 = CARTESIAN_POINT('',(7.055,8.,15.65));
#2347 = VECTOR('',#2348,1.);
#2348 = DIRECTION('',(0.,-1.224646799147E-16,-1.));
#2349 = ORIENTED_EDGE('',*,*,#2112,.F.);
#2350 = PLANE('',#2351);
#2351 = AXIS2_PLACEMENT_3D('',#2352,#2353,#2354);
#2352 = CARTESIAN_POINT('',(-7.055,8.,15.65));
#2353 = DIRECTION('',(0.,-1.,1.224646799147E-16));
#2354 = DIRECTION('',(0.,-1.224646799147E-16,-1.));
#2355 = ADVANCED_FACE('',(#2356),#2367,.T.);
#2356 = FACE_BOUND('',#2357,.T.);
#2357 = EDGE_LOOP('',(#2358,#2359,#2360,#2366));
#2358 = ORIENTED_EDGE('',*,*,#2337,.F.);
#2359 = ORIENTED_EDGE('',*,*,#2291,.T.);
#2360 = ORIENTED_EDGE('',*,*,#2361,.T.);
#2361 = EDGE_CURVE('',#2275,#1945,#2362,.T.);
#2362 = LINE('',#2363,#2364);
#2363 = CARTESIAN_POINT('',(-7.055,7.,15.65));
#2364 = VECTOR('',#2365,1.);
#2365 = DIRECTION('',(0.,-1.224646799147E-16,-1.));
#2366 = ORIENTED_EDGE('',*,*,#1944,.F.);
#2367 = PLANE('',#2368);
#2368 = AXIS2_PLACEMENT_3D('',#2369,#2370,#2371);
#2369 = CARTESIAN_POINT('',(-7.055,8.,15.65));
#2370 = DIRECTION('',(1.,0.,0.));
#2371 = DIRECTION('',(0.,-1.224646799147E-16,-1.));
#2372 = ADVANCED_FACE('',(#2373),#2386,.F.);
#2373 = FACE_BOUND('',#2374,.F.);
#2374 = EDGE_LOOP('',(#2375,#2376,#2382,#2383,#2384,#2385));
#2375 = ORIENTED_EDGE('',*,*,#2250,.T.);
#2376 = ORIENTED_EDGE('',*,*,#2377,.T.);
#2377 = EDGE_CURVE('',#2243,#2081,#2378,.T.);
#2378 = LINE('',#2379,#2380);
#2379 = CARTESIAN_POINT('',(7.055,2.,15.65));
#2380 = VECTOR('',#2381,1.);
#2381 = DIRECTION('',(0.,-1.224646799147E-16,-1.));
#2382 = ORIENTED_EDGE('',*,*,#2088,.F.);
#2383 = ORIENTED_EDGE('',*,*,#2097,.F.);
#2384 = ORIENTED_EDGE('',*,*,#2344,.F.);
#2385 = ORIENTED_EDGE('',*,*,#2259,.T.);
#2386 = CYLINDRICAL_SURFACE('',#2387,3.);
#2387 = AXIS2_PLACEMENT_3D('',#2388,#2389,#2390);
#2388 = CARTESIAN_POINT('',(7.055,5.,15.65));
#2389 = DIRECTION('',(0.,-1.224646799147E-16,-1.));
#2390 = DIRECTION('',(1.,0.,0.));
#2391 = ADVANCED_FACE('',(#2392),#2404,.F.);
#2392 = FACE_BOUND('',#2393,.F.);
#2393 = EDGE_LOOP('',(#2394,#2395,#2396,#2397,#2403));
#2394 = ORIENTED_EDGE('',*,*,#2274,.F.);
#2395 = ORIENTED_EDGE('',*,*,#2361,.T.);
#2396 = ORIENTED_EDGE('',*,*,#1952,.T.);
#2397 = ORIENTED_EDGE('',*,*,#2398,.F.);
#2398 = EDGE_CURVE('',#2123,#1953,#2399,.T.);
#2399 = LINE('',#2400,#2401);
#2400 = CARTESIAN_POINT('',(7.055,7.,15.65));
#2401 = VECTOR('',#2402,1.);
#2402 = DIRECTION('',(0.,-1.224646799147E-16,-1.));
#2403 = ORIENTED_EDGE('',*,*,#2122,.F.);
#2404 = PLANE('',#2405);
#2405 = AXIS2_PLACEMENT_3D('',#2406,#2407,#2408);
#2406 = CARTESIAN_POINT('',(-7.055,7.,15.65));
#2407 = DIRECTION('',(0.,-1.,1.224646799147E-16));
#2408 = DIRECTION('',(0.,-1.224646799147E-16,-1.));
#2409 = ADVANCED_FACE('',(#2410),#2423,.T.);
#2410 = FACE_BOUND('',#2411,.T.);
#2411 = EDGE_LOOP('',(#2412,#2418,#2419,#2420,#2421,#2422));
#2412 = ORIENTED_EDGE('',*,*,#2413,.T.);
#2413 = EDGE_CURVE('',#2140,#1970,#2414,.T.);
#2414 = LINE('',#2415,#2416);
#2415 = CARTESIAN_POINT('',(7.055,3.,15.65));
#2416 = VECTOR('',#2417,1.);
#2417 = DIRECTION('',(0.,-1.224646799147E-16,-1.));
#2418 = ORIENTED_EDGE('',*,*,#1969,.F.);
#2419 = ORIENTED_EDGE('',*,*,#1960,.F.);
#2420 = ORIENTED_EDGE('',*,*,#2398,.F.);
#2421 = ORIENTED_EDGE('',*,*,#2130,.T.);
#2422 = ORIENTED_EDGE('',*,*,#2139,.T.);
#2423 = CYLINDRICAL_SURFACE('',#2424,2.);
#2424 = AXIS2_PLACEMENT_3D('',#2425,#2426,#2427);
#2425 = CARTESIAN_POINT('',(7.055,5.,15.65));
#2426 = DIRECTION('',(0.,-1.224646799147E-16,-1.));
#2427 = DIRECTION('',(1.,0.,0.));
#2428 = ADVANCED_FACE('',(#2429),#2440,.F.);
#2429 = FACE_BOUND('',#2430,.F.);
#2430 = EDGE_LOOP('',(#2431,#2432,#2438,#2439));
#2431 = ORIENTED_EDGE('',*,*,#2242,.F.);
#2432 = ORIENTED_EDGE('',*,*,#2433,.T.);
#2433 = EDGE_CURVE('',#2234,#2072,#2434,.T.);
#2434 = LINE('',#2435,#2436);
#2435 = CARTESIAN_POINT('',(-7.055,2.,15.65));
#2436 = VECTOR('',#2437,1.);
#2437 = DIRECTION('',(0.,-1.224646799147E-16,-1.));
#2438 = ORIENTED_EDGE('',*,*,#2080,.T.);
#2439 = ORIENTED_EDGE('',*,*,#2377,.F.);
#2440 = PLANE('',#2441);
#2441 = AXIS2_PLACEMENT_3D('',#2442,#2443,#2444);
#2442 = CARTESIAN_POINT('',(-7.055,2.,15.65));
#2443 = DIRECTION('',(0.,-1.,1.224646799147E-16));
#2444 = DIRECTION('',(0.,-1.224646799147E-16,-1.));
#2445 = ADVANCED_FACE('',(#2446),#2457,.T.);
#2446 = FACE_BOUND('',#2447,.T.);
#2447 = EDGE_LOOP('',(#2448,#2449,#2455,#2456));
#2448 = ORIENTED_EDGE('',*,*,#2071,.F.);
#2449 = ORIENTED_EDGE('',*,*,#2450,.F.);
#2450 = EDGE_CURVE('',#2226,#2064,#2451,.T.);
#2451 = LINE('',#2452,#2453);
#2452 = CARTESIAN_POINT('',(-7.055,-2.,15.65));
#2453 = VECTOR('',#2454,1.);
#2454 = DIRECTION('',(0.,-1.224646799147E-16,-1.));
#2455 = ORIENTED_EDGE('',*,*,#2233,.T.);
#2456 = ORIENTED_EDGE('',*,*,#2433,.T.);
#2457 = CYLINDRICAL_SURFACE('',#2458,2.);
#2458 = AXIS2_PLACEMENT_3D('',#2459,#2460,#2461);
#2459 = CARTESIAN_POINT('',(-7.055,-1.775737858764E-15,15.65));
#2460 = DIRECTION('',(0.,-1.224646799147E-16,-1.));
#2461 = DIRECTION('',(1.,0.,0.));
#2462 = ADVANCED_FACE('',(#2463),#2474,.T.);
#2463 = FACE_BOUND('',#2464,.T.);
#2464 = EDGE_LOOP('',(#2465,#2466,#2472,#2473));
#2465 = ORIENTED_EDGE('',*,*,#2148,.F.);
#2466 = ORIENTED_EDGE('',*,*,#2467,.T.);
#2467 = EDGE_CURVE('',#2149,#1979,#2468,.T.);
#2468 = LINE('',#2469,#2470);
#2469 = CARTESIAN_POINT('',(-7.055,3.,15.65));
#2470 = VECTOR('',#2471,1.);
#2471 = DIRECTION('',(0.,-1.224646799147E-16,-1.));
#2472 = ORIENTED_EDGE('',*,*,#1978,.T.);
#2473 = ORIENTED_EDGE('',*,*,#2413,.F.);
#2474 = PLANE('',#2475);
#2475 = AXIS2_PLACEMENT_3D('',#2476,#2477,#2478);
#2476 = CARTESIAN_POINT('',(-7.055,3.,15.65));
#2477 = DIRECTION('',(0.,-1.,1.224646799147E-16));
#2478 = DIRECTION('',(0.,-1.224646799147E-16,-1.));
#2479 = ADVANCED_FACE('',(#2480),#2491,.T.);
#2480 = FACE_BOUND('',#2481,.T.);
#2481 = EDGE_LOOP('',(#2482,#2483,#2484,#2485));
#2482 = ORIENTED_EDGE('',*,*,#2225,.F.);
#2483 = ORIENTED_EDGE('',*,*,#2450,.T.);
#2484 = ORIENTED_EDGE('',*,*,#2063,.T.);
#2485 = ORIENTED_EDGE('',*,*,#2486,.F.);
#2486 = EDGE_CURVE('',#2217,#2055,#2487,.T.);
#2487 = LINE('',#2488,#2489);
#2488 = CARTESIAN_POINT('',(7.055,-2.,15.65));
#2489 = VECTOR('',#2490,1.);
#2490 = DIRECTION('',(0.,-1.224646799147E-16,-1.));
#2491 = PLANE('',#2492);
#2492 = AXIS2_PLACEMENT_3D('',#2493,#2494,#2495);
#2493 = CARTESIAN_POINT('',(-7.055,-2.,15.65));
#2494 = DIRECTION('',(0.,-1.,1.224646799147E-16));
#2495 = DIRECTION('',(0.,-1.224646799147E-16,-1.));
#2496 = ADVANCED_FACE('',(#2497),#2508,.F.);
#2497 = FACE_BOUND('',#2498,.F.);
#2498 = EDGE_LOOP('',(#2499,#2500,#2506,#2507));
#2499 = ORIENTED_EDGE('',*,*,#1986,.F.);
#2500 = ORIENTED_EDGE('',*,*,#2501,.F.);
#2501 = EDGE_CURVE('',#2157,#1987,#2502,.T.);
#2502 = LINE('',#2503,#2504);
#2503 = CARTESIAN_POINT('',(-7.055,-3.,15.65));
#2504 = VECTOR('',#2505,1.);
#2505 = DIRECTION('',(0.,-1.224646799147E-16,-1.));
#2506 = ORIENTED_EDGE('',*,*,#2156,.T.);
#2507 = ORIENTED_EDGE('',*,*,#2467,.T.);
#2508 = CYLINDRICAL_SURFACE('',#2509,3.);
#2509 = AXIS2_PLACEMENT_3D('',#2510,#2511,#2512);
#2510 = CARTESIAN_POINT('',(-7.055,-1.775737858764E-15,15.65));
#2511 = DIRECTION('',(0.,-1.224646799147E-16,-1.));
#2512 = DIRECTION('',(1.,0.,0.));
#2513 = ADVANCED_FACE('',(#2514),#2527,.F.);
#2514 = FACE_BOUND('',#2515,.F.);
#2515 = EDGE_LOOP('',(#2516,#2517,#2523,#2524,#2525,#2526));
#2516 = ORIENTED_EDGE('',*,*,#2207,.T.);
#2517 = ORIENTED_EDGE('',*,*,#2518,.T.);
#2518 = EDGE_CURVE('',#2200,#2038,#2519,.T.);
#2519 = LINE('',#2520,#2521);
#2520 = CARTESIAN_POINT('',(7.055,-8.,15.65));
#2521 = VECTOR('',#2522,1.);
#2522 = DIRECTION('',(0.,-1.224646799147E-16,-1.));
#2523 = ORIENTED_EDGE('',*,*,#2045,.F.);
#2524 = ORIENTED_EDGE('',*,*,#2054,.F.);
#2525 = ORIENTED_EDGE('',*,*,#2486,.F.);
#2526 = ORIENTED_EDGE('',*,*,#2216,.T.);
#2527 = CYLINDRICAL_SURFACE('',#2528,3.);
#2528 = AXIS2_PLACEMENT_3D('',#2529,#2530,#2531);
#2529 = CARTESIAN_POINT('',(7.055,-5.,15.65));
#2530 = DIRECTION('',(0.,-1.224646799147E-16,-1.));
#2531 = DIRECTION('',(1.,0.,0.));
#2532 = ADVANCED_FACE('',(#2533),#2544,.F.);
#2533 = FACE_BOUND('',#2534,.F.);
#2534 = EDGE_LOOP('',(#2535,#2536,#2537,#2538));
#2535 = ORIENTED_EDGE('',*,*,#2165,.F.);
#2536 = ORIENTED_EDGE('',*,*,#2501,.T.);
#2537 = ORIENTED_EDGE('',*,*,#1995,.T.);
#2538 = ORIENTED_EDGE('',*,*,#2539,.F.);
#2539 = EDGE_CURVE('',#2166,#1996,#2540,.T.);
#2540 = LINE('',#2541,#2542);
#2541 = CARTESIAN_POINT('',(7.055,-3.,15.65));
#2542 = VECTOR('',#2543,1.);
#2543 = DIRECTION('',(0.,-1.224646799147E-16,-1.));
#2544 = PLANE('',#2545);
#2545 = AXIS2_PLACEMENT_3D('',#2546,#2547,#2548);
#2546 = CARTESIAN_POINT('',(-7.055,-3.,15.65));
#2547 = DIRECTION('',(0.,-1.,1.224646799147E-16));
#2548 = DIRECTION('',(0.,-1.224646799147E-16,-1.));
#2549 = ADVANCED_FACE('',(#2550),#2563,.T.);
#2550 = FACE_BOUND('',#2551,.T.);
#2551 = EDGE_LOOP('',(#2552,#2558,#2559,#2560,#2561,#2562));
#2552 = ORIENTED_EDGE('',*,*,#2553,.T.);
#2553 = EDGE_CURVE('',#2183,#2013,#2554,.T.);
#2554 = LINE('',#2555,#2556);
#2555 = CARTESIAN_POINT('',(7.055,-7.,15.65));
#2556 = VECTOR('',#2557,1.);
#2557 = DIRECTION('',(0.,-1.224646799147E-16,-1.));
#2558 = ORIENTED_EDGE('',*,*,#2012,.F.);
#2559 = ORIENTED_EDGE('',*,*,#2003,.F.);
#2560 = ORIENTED_EDGE('',*,*,#2539,.F.);
#2561 = ORIENTED_EDGE('',*,*,#2173,.T.);
#2562 = ORIENTED_EDGE('',*,*,#2182,.T.);
#2563 = CYLINDRICAL_SURFACE('',#2564,2.);
#2564 = AXIS2_PLACEMENT_3D('',#2565,#2566,#2567);
#2565 = CARTESIAN_POINT('',(7.055,-5.,15.65));
#2566 = DIRECTION('',(0.,-1.224646799147E-16,-1.));
#2567 = DIRECTION('',(1.,0.,0.));
#2568 = ADVANCED_FACE('',(#2569),#2581,.F.);
#2569 = FACE_BOUND('',#2570,.F.);
#2570 = EDGE_LOOP('',(#2571,#2572,#2578,#2579,#2580));
#2571 = ORIENTED_EDGE('',*,*,#2305,.F.);
#2572 = ORIENTED_EDGE('',*,*,#2573,.T.);
#2573 = EDGE_CURVE('',#2306,#2030,#2574,.T.);
#2574 = LINE('',#2575,#2576);
#2575 = CARTESIAN_POINT('',(-7.055,-8.,15.65));
#2576 = VECTOR('',#2577,1.);
#2577 = DIRECTION('',(0.,-1.224646799147E-16,-1.));
#2578 = ORIENTED_EDGE('',*,*,#2037,.T.);
#2579 = ORIENTED_EDGE('',*,*,#2518,.F.);
#2580 = ORIENTED_EDGE('',*,*,#2199,.F.);
#2581 = PLANE('',#2582);
#2582 = AXIS2_PLACEMENT_3D('',#2583,#2584,#2585);
#2583 = CARTESIAN_POINT('',(-7.055,-8.,15.65));
#2584 = DIRECTION('',(0.,-1.,1.224646799147E-16));
#2585 = DIRECTION('',(0.,-1.224646799147E-16,-1.));
#2586 = ADVANCED_FACE('',(#2587),#2598,.T.);
#2587 = FACE_BOUND('',#2588,.T.);
#2588 = EDGE_LOOP('',(#2589,#2595,#2596,#2597));
#2589 = ORIENTED_EDGE('',*,*,#2590,.F.);
#2590 = EDGE_CURVE('',#2315,#2022,#2591,.T.);
#2591 = LINE('',#2592,#2593);
#2592 = CARTESIAN_POINT('',(-7.055,-7.,15.65));
#2593 = VECTOR('',#2594,1.);
#2594 = DIRECTION('',(0.,-1.224646799147E-16,-1.));
#2595 = ORIENTED_EDGE('',*,*,#2322,.T.);
#2596 = ORIENTED_EDGE('',*,*,#2573,.T.);
#2597 = ORIENTED_EDGE('',*,*,#2029,.F.);
#2598 = PLANE('',#2599);
#2599 = AXIS2_PLACEMENT_3D('',#2600,#2601,#2602);
#2600 = CARTESIAN_POINT('',(-7.055,-7.,15.65));
#2601 = DIRECTION('',(1.,0.,0.));
#2602 = DIRECTION('',(0.,-1.224646799147E-16,-1.));
#2603 = ADVANCED_FACE('',(#2604),#2611,.T.);
#2604 = FACE_BOUND('',#2605,.T.);
#2605 = EDGE_LOOP('',(#2606,#2607,#2608,#2609,#2610));
#2606 = ORIENTED_EDGE('',*,*,#2314,.F.);
#2607 = ORIENTED_EDGE('',*,*,#2590,.T.);
#2608 = ORIENTED_EDGE('',*,*,#2021,.T.);
#2609 = ORIENTED_EDGE('',*,*,#2553,.F.);
#2610 = ORIENTED_EDGE('',*,*,#2191,.F.);
#2611 = PLANE('',#2612);
#2612 = AXIS2_PLACEMENT_3D('',#2613,#2614,#2615);
#2613 = CARTESIAN_POINT('',(-7.055,-7.,15.65));
#2614 = DIRECTION('',(0.,-1.,1.224646799147E-16));
#2615 = DIRECTION('',(0.,-1.224646799147E-16,-1.));
#2616 = ( GEOMETRIC_REPRESENTATION_CONTEXT(3) 
GLOBAL_UNCERTAINTY_ASSIGNED_CONTEXT((#2620)) 
GLOBAL_UNIT_ASSIGNED_CONTEXT((#2617,#2618,#2619)) REPRESENTATION_CONTEXT
('Context #1','3D Context with UNIT and UNCERTAINTY') );
#2617 = ( LENGTH_UNIT() NAMED_UNIT(*) SI_UNIT(.MILLI.,.METRE.) );
#2618 = ( NAMED_UNIT(*) PLANE_ANGLE_UNIT() SI_UNIT($,.RADIAN.) );
#2619 = ( NAMED_UNIT(*) SI_UNIT($,.STERADIAN.) SOLID_ANGLE_UNIT() );
#2620 = UNCERTAINTY_MEASURE_WITH_UNIT(LENGTH_MEASURE(1.E-07),#2617,
  'distance_accuracy_value','confusion accuracy');
#2621 = PRODUCT_RELATED_PRODUCT_CATEGORY('part',$,(#7));
ENDSEC;
END-ISO-10303-21;
